step,run_id,dead_frac,dup_frac,sat_frac,eff_rank,stable_rank,wcos_mean,sign_match_mean,sign_clone_frac,drift_sq_W,trC_W,snr_drift,eff_rank_W,top1_frac,stable_rank_W,stable_rank_W_alive,neg_gate_frac,eval_loss,b_mean_alive,b_mean_dead,b_std,b_min,beta_mean,beta_p10,beta_min,p_min,p_mean,dead_b_dominant_frac,dead_persist_frac
0,B_w5_K10000_c0.0_lr0.01_s0,0,0,0,4.78094,4.65079,0.140438,0.447619,0,1.02736,51.2778,0.0200351,4.89796,0.290016,3.44809,3.44809,0,1.29857,-0.00854958,nan,0.0104719,-0.0215855,-0.00664713,-0.0167046,-0.0170518,0.4775,0.4938,nan,nan
0,B_w5_K10000_c0.0_lr0.01_s1,0,0,0,4.70853,4.06365,0.216134,0.466667,0,6.54057,319.65,0.0204617,4.77306,0.412134,2.42639,2.42639,0,4.7524,-0.00882189,nan,0.0132557,-0.034197,-0.00699919,-0.0196411,-0.0282138,0.4925,0.4992,nan,nan
1000,B_w5_K10000_c0.0_lr0.01_s0,0,0,0,4.80064,4.28471,0.165764,0.561905,0,0.0489336,3.8546,0.0126949,4.81938,0.385601,2.59336,2.59336,0,0.513681,-0.356581,nan,0.127406,-0.567986,-0.287573,-0.370277,-0.381503,0.348,0.3854,nan,nan
1000,B_w5_K10000_c0.0_lr0.01_s1,0,0,0,4.76741,4.25455,0.154085,0.466667,0,0.154733,15.6426,0.00989175,4.82565,0.326077,3.06676,3.06676,0,0.507421,-0.439631,nan,0.111135,-0.641067,-0.321307,-0.448104,-0.452273,0.329,0.3738,nan,nan
2000,B_w5_K10000_c0.0_lr0.01_s0,0,0,0,4.54709,3.22318,0.344939,0.542857,0,0.0317358,4.12303,0.0076972,4.55087,0.54687,1.82859,1.82859,0,0.340294,-0.498071,nan,0.140772,-0.629367,-0.402811,-0.536093,-0.587725,0.2795,0.3462,nan,nan
2000,B_w5_K10000_c0.0_lr0.01_s1,0,0,0,4.68824,3.63731,0.251163,0.485714,0,0.0408517,5.00447,0.00816306,4.75041,0.452127,2.21177,2.21177,0,0.388302,-0.695042,nan,0.13368,-0.872403,-0.533154,-0.673089,-0.709809,0.2395,0.297,nan,nan
3000,B_w5_K10000_c0.0_lr0.01_s0,0,0,0,4.52647,3.09404,0.430997,0.542857,0,0.02167,2.43082,0.0089147,4.46513,0.608853,1.64243,1.64243,0,0.382886,-0.673951,nan,0.125426,-0.821719,-0.458851,-0.559886,-0.629631,0.2635,0.3237,nan,nan
3000,B_w5_K10000_c0.0_lr0.01_s1,0,0,0,4.63104,3.48629,0.245212,0.47619,0,0.023408,4.33055,0.00540532,4.68363,0.480834,2.07972,2.07972,0,0.332187,-0.894037,nan,0.127841,-1.0095,-0.630118,-0.793287,-0.840332,0.21,0.2636,nan,nan
4000,B_w5_K10000_c0.0_lr0.01_s0,0,0,0,4.50433,3.19156,0.372035,0.52381,0,0.0657473,9.20413,0.00714324,4.47989,0.583557,1.71363,1.71363,0,0.382549,-0.720435,nan,0.0912858,-0.800468,-0.485554,-0.640486,-0.736628,0.2265,0.3141,nan,nan
4000,B_w5_K10000_c0.0_lr0.01_s1,0,0,0,4.60124,3.41563,0.391885,0.514286,0,0.203928,16.048,0.0127074,4.48538,0.562268,1.77851,1.77851,0,0.506619,-0.884196,nan,0.167534,-1.14468,-0.531554,-0.69146,-0.721556,0.2405,0.3002,nan,nan
5000,B_w5_K10000_c0.0_lr0.01_s0,0,0,0,4.42018,2.99443,0.460086,0.514286,0,0.537205,34.2753,0.0156733,4.37982,0.638794,1.56545,1.56545,0,0.782038,-0.839347,nan,0.114267,-0.991718,-0.54457,-0.745696,-0.888969,0.193,0.2944,nan,nan
5000,B_w5_K10000_c0.0_lr0.01_s1,0,0,0,4.46601,3.13266,0.430885,0.533333,0,0.0208613,3.81524,0.00546788,4.37906,0.595668,1.67879,1.67879,0,0.34186,-1.03763,nan,0.255486,-1.3566,-0.629642,-0.779628,-0.781793,0.21,0.2639,nan,nan
6000,B_w5_K10000_c0.0_lr0.01_s0,0,0,0,4.28269,2.83894,0.38453,0.466667,0,0.147462,10.9685,0.0134442,4.29678,0.624256,1.60191,1.60191,0,0.598159,-1.0619,nan,0.136579,-1.24535,-0.735393,-0.993985,-1.16165,0.1245,0.2336,nan,nan
6000,B_w5_K10000_c0.0_lr0.01_s1,0,0,0,4.71338,3.73765,0.40512,0.504762,0,0.0507695,5.44459,0.00932476,4.44795,0.561149,1.78206,1.78206,0,0.486002,-1.2045,nan,0.176536,-1.43707,-0.719899,-0.848634,-0.880974,0.1965,0.2343,nan,nan
7000,B_w5_K10000_c0.0_lr0.01_s0,0,0,0,4.79037,3.87196,0.346556,0.495238,0,0.0658537,10.7812,0.00610817,4.53436,0.53645,1.86411,1.86411,0,0.370466,-1.12815,nan,0.195142,-1.36373,-0.636679,-0.713704,-0.740261,0.2245,0.2636,nan,nan
7000,B_w5_K10000_c0.0_lr0.01_s1,0,0,0,4.60206,3.47894,0.429078,0.476191,0,0.0507642,6.41021,0.00791927,4.46254,0.558519,1.79045,1.79045,0,0.48266,-1.3635,nan,0.179503,-1.60832,-0.803188,-1.05109,-1.14829,0.135,0.2178,nan,nan
8000,B_w5_K10000_c0.0_lr0.01_s0,0,0,0,4.68685,3.7157,0.436767,0.504762,0,0.0364327,6.05542,0.00601655,4.48206,0.585816,1.70702,1.70702,0,0.51128,-1.32252,nan,0.22542,-1.58692,-0.799305,-0.960871,-0.981221,0.1555,0.2161,nan,nan
8000,B_w5_K10000_c0.0_lr0.01_s1,0,0,0,4.57071,3.3206,0.393938,0.580952,0,0.170717,16.335,0.010451,4.5813,0.532073,1.87944,1.87944,0,0.574807,-1.34865,nan,0.220205,-1.66706,-0.731479,-0.956216,-0.970469,0.1695,0.2361,nan,nan
9000,B_w5_K10000_c0.0_lr0.01_s0,0,0,0,4.7031,3.81249,0.448735,0.504762,0,0.0672878,6.97597,0.00964566,4.31836,0.5805,1.72265,1.72265,0,0.479384,-1.34395,nan,0.232342,-1.68191,-0.785981,-0.95685,-0.974855,0.1555,0.2216,nan,nan
9000,B_w5_K10000_c0.0_lr0.01_s1,0,0,0,4.60204,3.40214,0.320357,0.476191,0,0.0464428,5.53879,0.00838502,4.66222,0.491287,2.03547,2.03547,0,0.442222,-1.45921,nan,0.194355,-1.80298,-0.827125,-1.0659,-1.20124,0.1165,0.2046,nan,nan
10000,B_w5_K10000_c0.0_lr0.01_s0,0,0,0,4.69925,3.64708,0.429197,0.542857,0,0.0293131,6.29013,0.00466017,4.3441,0.558623,1.79012,1.79012,0,0.437257,-1.41498,nan,0.189171,-1.66542,-0.794353,-0.86942,-0.873519,0.1905,0.2103,nan,nan
10000,B_w5_K10000_c0.0_lr0.01_s1,0,0,0,4.40899,2.71886,0.278611,0.447619,0,0.0355249,4.73205,0.0075073,4.6076,0.51855,1.92845,1.92845,0,0.467509,-1.62422,nan,0.143292,-1.83936,-0.911196,-1.14641,-1.21066,0.1115,0.1858,nan,nan
11000,B_w5_K10000_c0.0_lr0.01_s0,0,0,0,4.53311,3.38693,0.291325,0.485714,0,0.252763,25.8489,0.00977849,4.59319,0.443831,2.25311,2.25311,0,0.848355,-1.4159,nan,0.273108,-1.7321,-0.791126,-1.04232,-1.0734,0.133,0.2138,nan,nan
11000,B_w5_K10000_c0.0_lr0.01_s1,0,0,0,4.49783,2.98943,0.285855,0.428571,0,0.133737,12.3031,0.0108702,4.61218,0.51894,1.92701,1.92701,0,0.637553,-1.72774,nan,0.17736,-1.92475,-1.00985,-1.2428,-1.38572,0.081,0.1633,nan,nan
12000,B_w5_K10000_c0.0_lr0.01_s0,0,0,0,4.45911,3.13689,0.2684,0.533333,0,0.035187,4.37532,0.00804216,4.61427,0.516347,1.93668,1.93668,0,0.759762,-1.52352,nan,0.187643,-1.76521,-0.887656,-1.16096,-1.16622,0.1195,0.1965,nan,nan
12000,B_w5_K10000_c0.0_lr0.01_s1,0,0,0,4.43641,2.6654,0.236139,0.447619,0,0.00249773,0.547954,0.00455829,4.7198,0.446709,2.23859,2.23859,0,0.525718,-1.80664,nan,0.209932,-2.11344,-1.14022,-1.42181,-1.48201,0.069,0.1331,nan,nan
13000,B_w5_K10000_c0.0_lr0.01_s0,0,0,0,4.10666,2.62948,0.337169,0.457143,0,0.174008,21.4107,0.00812718,4.46978,0.608164,1.64429,1.64429,0,0.611527,-1.50805,nan,0.289966,-1.90334,-0.898005,-1.32236,-1.41239,0.0705,0.1987,nan,nan
13000,B_w5_K10000_c0.0_lr0.01_s1,0,0,0,4.15687,2.9441,0.249324,0.47619,0,0.220883,16.1561,0.0136718,4.65322,0.514036,1.94539,1.94539,0,0.76795,-1.79899,nan,0.269387,-2.19071,-1.07358,-1.52864,-1.53886,0.061,0.1568,nan,nan
14000,B_w5_K10000_c0.0_lr0.01_s0,0,0,0,4.06244,2.83055,0.295519,0.438095,0,0.228251,18.9938,0.0120171,4.42113,0.629656,1.58817,1.58817,0,0.64427,-1.56661,nan,0.240963,-1.93156,-0.944004,-1.42226,-1.47488,0.0645,0.1895,nan,nan
14000,B_w5_K10000_c0.0_lr0.01_s1,0.2,0,0,4.16256,3.07655,0.273612,0.466667,0,0.0173164,2.95621,0.00585762,4.62872,0.515464,1.94,1.80914,0.2,0.365742,-1.72484,-2.07778,0.234508,-2.07778,-0.889768,nan,-1.83969,0.0315,0.1578,1,nan
15000,B_w5_K10000_c0.0_lr0.01_s0,0,0,0,3.9283,2.38506,0.315691,0.438095,0,0.0337158,4.88046,0.00690832,4.38549,0.651814,1.53418,1.53418,0,0.58169,-1.62519,nan,0.3401,-1.95721,-0.954168,-1.40537,-1.55007,0.057,0.1875,nan,nan
15000,B_w5_K10000_c0.0_lr0.01_s1,0.2,0,0,4.24095,3.2297,0.276364,0.457143,0,0.0158966,2.74682,0.00578729,4.56528,0.531683,1.88082,1.76031,0.2,0.330253,-1.78524,-2.05062,0.176643,-2.05387,-0.898943,nan,-1.72645,0.0425,0.1599,1,1
16000,B_w5_K10000_c0.0_lr0.01_s0,0.2,0,0,4.13473,2.8638,0.399971,0.428571,0,0.0239506,5.37067,0.00445951,4.31876,0.669168,1.49439,1.4091,0.2,0.406354,-1.70579,-2.06237,0.26103,-2.06237,-0.809258,nan,-1.74547,0.0415,0.1819,1,nan
16000,B_w5_K10000_c0.0_lr0.01_s1,0.2,0,0,4.30903,3.59729,0.304162,0.438095,0,0.0799407,8.43169,0.00948099,4.60886,0.508864,1.96516,1.85732,0.2,0.373853,-1.79254,-2.07281,0.159856,-2.07281,-0.85344,nan,-1.81466,0.036,0.1663,1,1
17000,B_w5_K10000_c0.0_lr0.01_s0,0.2,0,0,4.07069,2.89759,0.40215,0.438095,0,0.0862038,15.9785,0.005395,4.34165,0.677344,1.47635,1.40707,0.2,0.468394,-1.75926,-2.11953,0.25628,-2.11953,-0.800941,nan,-1.98615,0.025,0.181,1,1
17000,B_w5_K10000_c0.0_lr0.01_s1,0.2,0,0,4.31604,3.32416,0.304593,0.466667,0,0.0349865,7.54222,0.00463876,4.46712,0.557718,1.79302,1.66773,0.2,0.311143,-1.8495,-2.05883,0.124245,-2.05883,-0.884812,nan,-1.72047,0.039,0.1607,1,1
18000,B_w5_K10000_c0.0_lr0.01_s0,0.2,0,0,4.18856,3.27431,0.418778,0.419048,0,0.0707464,8.32326,0.00849984,4.38356,0.640502,1.56127,1.49789,0.2,0.767961,-1.74592,-2.12111,0.352771,-2.12111,-0.723143,nan,-1.95245,0.0275,0.1957,1,1
18000,B_w5_K10000_c0.0_lr0.01_s1,0,0,0,4.30768,3.06338,0.235747,0.485714,0,0.0871953,8.77846,0.00993288,4.63693,0.52007,1.92282,1.92282,0,0.473117,-1.87838,nan,0.181095,-2.11927,-1.01711,-1.41799,-1.5382,0.057,0.1616,nan,0
19000,B_w5_K10000_c0.0_lr0.01_s0,0.2,0,0,3.846,2.48575,0.392154,0.47619,0,0.30642,28.6387,0.0106995,4.39876,0.607192,1.64692,1.59716,0.2,0.791575,-1.84568,-2.17633,0.333724,-2.27861,-0.821237,nan,-2.17749,0.014,0.1787,1,1
19000,B_w5_K10000_c0.0_lr0.01_s1,0.2,0,0,4.25015,3.03714,0.229441,0.514286,0,0.0203088,3.28782,0.00617697,4.71136,0.499142,2.00344,1.84054,0.2,0.413629,-1.94965,-2.09726,0.141821,-2.18119,-0.97937,nan,-1.69604,0.0375,0.1382,1,nan
20000,B_w5_K10000_c0.0_lr0.01_s0,0.2,0,0,3.9578,2.83242,0.434652,0.428571,0,0.0274443,2.91611,0.00941126,4.2036,0.663342,1.50752,1.46442,0.2,0.445721,-1.91009,-2.20777,0.255963,-2.20777,-0.819474,nan,-2.43577,0.01,0.1753,1,1
20000,B_w5_K10000_c0.0_lr0.01_s1,0.2,0,0,4.23074,3.14299,0.282548,0.457143,0,0.00604018,0.670643,0.00900656,4.63249,0.525892,1.90153,1.75611,0.2,0.429417,-2.06685,-2.10529,0.180918,-2.28242,-1.07619,nan,-1.73505,0.0325,0.1184,1,1
21000,B_w5_K10000_c0.0_lr0.01_s0,0.2,0,0.2,4.11796,3.32261,0.35152,0.466667,0,0.00618264,1.04205,0.00593316,4.51791,0.567956,1.7607,1.69231,0.2,0.868136,-2.12311,-2.21223,0.220813,-2.38679,-1.05026,nan,-2.46097,0.009,0.1247,1,1
21000,B_w5_K10000_c0.0_lr0.01_s1,0.2,0,0,4.24684,3.20515,0.2485,0.457143,0,0.010828,1.34084,0.00807554,4.63046,0.525269,1.90379,1.76364,0.2,0.591702,-2.15533,-2.2138,0.176349,-2.44676,-1.17097,nan,-2.07855,0.014,0.0978,1,1
22000,B_w5_K10000_c0.0_lr0.01_s0,0.2,0,0.2,3.90026,2.4205,0.305716,0.495238,0,0.0346426,6.11514,0.00566506,4.58052,0.491753,2.03354,1.95831,0.2,0.647161,-2.11955,-2.21231,0.348868,-2.44476,-1.07131,nan,-2.46167,0.009,0.1241,1,1
22000,B_w5_K10000_c0.0_lr0.01_s1,0.2,0,0,4.34144,2.98317,0.256161,0.466667,0,0.00311072,0.707195,0.00439868,4.6583,0.492991,2.02843,1.84157,0.2,0.518575,-2.26842,-2.22313,0.170835,-2.53773,-1.37326,nan,-2.07862,0.0155,0.0725,1,1
23000,B_w5_K10000_c0.0_lr0.01_s0,0.2,0,0.2,3.62761,2.03106,0.226325,0.466667,0,0.0474566,9.84335,0.00482119,4.52327,0.417594,2.39467,2.31401,0.2,0.653109,-2.10748,-2.22879,0.346772,-2.47142,-1.03195,nan,-2.60761,0.006,0.132,1,1
23000,B_w5_K10000_c0.0_lr0.01_s1,0.4,0,0,4.41631,2.83848,0.266151,0.476191,0,0.00106385,0.496078,0.00214452,4.66832,0.481876,2.07522,1.92031,0.4,0.429209,-2.21685,-2.42307,0.183119,-2.60849,-1.41535,nan,-2.1102,0.014,0.0617,1,1
24000,B_w5_K10000_c0.0_lr0.01_s0,0.2,0,0.2,3.41762,1.59812,0.25677,0.47619,0,0.0253611,2.76802,0.00916218,4.49371,0.475397,2.10351,2.02605,0.2,0.728341,-2.15273,-2.23609,0.469987,-2.57987,-1.11791,nan,-2.67366,0.005,0.1205,1,1
24000,B_w5_K10000_c0.0_lr0.01_s1,0.6,0,0,4.33404,2.63951,0.233318,0.457143,0,0.00729309,1.059,0.00688674,4.72697,0.441152,2.26679,1.64542,0.6,0.472987,-2.12021,-2.41201,0.211976,-2.65429,-1.24134,nan,-1.93394,0.023,0.0662,1,1
25000,B_w5_K10000_c0.0_lr0.01_s0,0.2,0,0.2,2.80526,1.22931,0.270387,0.466667,0,0.0101678,3.28429,0.0030959,4.39662,0.532683,1.87729,1.81294,0.2,0.498604,-2.20151,-2.23999,0.64249,-2.78773,-1.22685,nan,-2.71335,0.005,0.1144,1,1
25000,B_w5_K10000_c0.0_lr0.01_s1,0.6,0,0.2,3.10943,1.33671,0.215898,0.447619,0,0.0028111,0.541388,0.0051924,4.60743,0.509211,1.96382,1.47647,0.6,0.419791,-2.02515,-2.47571,0.320783,-2.74484,-1.08683,nan,-2.39073,0.006,0.0751,1,1
26000,B_w5_K10000_c0.0_lr0.01_s0,0.4,0,0.2,3.17727,1.42472,0.240168,0.485714,0,0.0225916,3.08224,0.0073296,4.46439,0.453069,2.20717,1.85816,0.4,0.584698,-2.16679,-2.41932,0.545292,-2.73442,-1.10362,nan,-2.74289,0.005,0.106,1,1
26000,B_w5_K10000_c0.0_lr0.01_s1,0.6,0,0,3.77057,2.07357,0.236331,0.457143,0,0.00222071,0.417574,0.00531812,4.67655,0.472765,2.11521,1.573,0.6,0.392942,-2.10842,-2.45922,0.250939,-2.74524,-1.11361,nan,-2.03088,0.019,0.0677,1,1
27000,B_w5_K10000_c0.0_lr0.01_s0,0.2,0,0.2,3.37032,1.79483,0.299632,0.457143,0,0.0392035,3.78658,0.0103533,4.43377,0.473631,2.11135,2.03624,0.2,0.813856,-2.23342,-2.2362,0.587901,-2.66472,-1.15441,nan,-2.66781,0.005,0.1234,1,0.5
27000,B_w5_K10000_c0.0_lr0.01_s1,0.6,0,0,3.41341,1.5115,0.184285,0.447619,0,0.0190014,3.8814,0.00489551,4.68814,0.427527,2.33903,1.56179,0.6,0.36275,-2.0855,-2.46509,0.280157,-2.74929,-1.07041,nan,-2.01687,0.015,0.0714,1,1
28000,B_w5_K10000_c0.0_lr0.01_s0,0.2,0,0.2,3.84815,2.62974,0.282576,0.47619,0,0.0356043,7.97947,0.00446199,4.43696,0.45414,2.20196,2.13775,0.2,0.582701,-2.25621,-2.24089,0.502011,-2.69056,-1.03758,nan,-2.69419,0.005,0.1313,1,1
28000,B_w5_K10000_c0.0_lr0.01_s1,0.6,0,0,3.21488,1.33352,0.16661,0.495238,0,0.00965759,1.75999,0.00548729,4.69593,0.419164,2.3857,1.49792,0.6,0.362799,-2.11251,-2.49093,0.287635,-2.75848,-1.13217,nan,-2.09639,0.0125,0.066,1,1
29000,B_w5_K10000_c0.0_lr0.01_s0,0.4,0,0.2,3.58622,2.51752,0.306823,0.514286,0,0.101858,14.4179,0.00706474,4.26356,0.562566,1.77757,1.50388,0.4,0.625358,-2.02675,-2.5318,0.579451,-2.82158,-0.803366,nan,-2.71224,0.005,0.1416,1,1
29000,B_w5_K10000_c0.0_lr0.01_s1,0.8,0,0,3.33082,1.27477,0.189171,0.466667,0,0.011139,1.72609,0.00645331,4.70235,0.441438,2.26533,1,0.8,0.36444,-2.03043,-2.4981,0.272197,-2.82518,-0.913992,nan,-2.21985,0.014,0.0556,1,1
30000,B_w5_K10000_c0.0_lr0.01_s0,0.2,0,0.2,3.34066,2.01583,0.309069,0.542857,0,0.28011,26.3668,0.0106236,4.21422,0.585502,1.70794,1.66216,0.2,0.687398,-2.30463,-2.24359,0.603322,-2.81927,-1.05886,nan,-2.72716,0.005,0.1372,1,0.5
30000,B_w5_K10000_c0.0_lr0.01_s1,0.8,0,0,3.53471,1.32118,0.195817,0.447619,0,0.00430887,2.0312,0.00212134,4.69747,0.434325,2.30243,1,0.8,0.309565,-2.15417,-2.48704,0.193049,-2.71727,-0.921222,nan,-1.88691,0.0215,0.0606,1,1
31000,B_w5_K10000_c0.0_lr0.01_s0,0.4,0,0.2,3.6346,2.31226,0.254843,0.52381,0,0.00641428,1.41466,0.00453416,4.49262,0.481921,2.07503,1.67682,0.4,0.565338,-2.46821,-2.56496,0.484293,-2.90008,-1.1784,nan,-2.70375,0.0045,0.0849,1,1
31000,B_w5_K10000_c0.0_lr0.01_s1,0.6,0,0.2,3.76508,1.85118,0.213057,0.504762,0,0.00415892,1.03758,0.00400827,4.66696,0.411729,2.42878,1.54698,0.6,0.496167,-2.36175,-2.56781,0.163146,-2.78753,-1.2718,nan,-2.28409,0.0085,0.0587,1,0.75
32000,B_w5_K10000_c0.0_lr0.01_s0,0.4,0,0.2,3.9245,2.44492,0.221581,0.495238,0,0.00603508,1.39561,0.00432433,4.62982,0.431944,2.31511,2.11176,0.4,0.488028,-2.58281,-2.59224,0.448332,-3.04369,-1.32458,nan,-2.70414,0.004,0.0715,1,0.5
32000,B_w5_K10000_c0.0_lr0.01_s1,0.6,0,0,4.3791,2.75726,0.220641,0.495238,0,0.00196581,0.622007,0.00316043,4.72213,0.395925,2.52573,1.66428,0.6,0.466827,-2.45666,-2.54622,0.134545,-2.75764,-1.43858,nan,-2.01563,0.017,0.0493,1,1
33000,B_w5_K10000_c0.0_lr0.01_s0,0.2,0,0.2,3.81304,2.10521,0.206481,0.466667,0,0.00579895,1.02455,0.00565998,4.64314,0.423246,2.36269,2.26875,0.2,0.825593,-2.65971,-2.2502,0.457299,-3.10305,-1.36473,nan,-2.77576,0.003,0.078,1,0.5
33000,B_w5_K10000_c0.0_lr0.01_s1,0.6,0,0,3.89204,2.53291,0.238141,0.466667,0,0.00856835,2.68361,0.00319285,4.66228,0.456902,2.18865,1.64676,0.6,0.446002,-2.35039,-2.5688,0.178529,-2.79081,-1.20393,nan,-2.18458,0.0125,0.0643,1,1
34000,B_w5_K10000_c0.0_lr0.01_s0,0.2,0,0.2,3.92558,2.58145,0.177887,0.47619,0,0.076636,9.67454,0.00792141,4.6266,0.423578,2.36084,2.27603,0.2,0.502921,-2.6326,-2.24368,0.40387,-3.11563,-1.25137,nan,-2.6993,0.0045,0.0951,1,1
34000,B_w5_K10000_c0.0_lr0.01_s1,0.4,0,0,3.37616,1.59165,0.281437,0.504762,0,0.201195,14.2767,0.0140925,4.55567,0.549906,1.81849,1.56418,0.4,0.807277,-2.42477,-2.46791,0.262751,-2.77968,-1.23868,nan,-2.18658,0.012,0.0791,1,0.666667
35000,B_w5_K10000_c0.0_lr0.01_s0,0.2,0,0.2,3.83022,2.32396,0.213141,0.542857,0,0.014859,2.73523,0.00543248,4.6241,0.457576,2.18543,2.10601,0.2,0.522777,-2.63475,-2.24368,0.418351,-3.14195,-1.26761,nan,-2.6993,0.0045,0.0922,1,1
35000,B_w5_K10000_c0.0_lr0.01_s1,0.4,0,0,3.53154,2.20801,0.272463,0.52381,0,0.00549966,1.51861,0.00362151,4.53265,0.518935,1.92702,1.65909,0.4,0.401131,-2.44474,-2.47497,0.213625,-2.79571,-1.22932,nan,-2.19852,0.0105,0.0747,1,1
36000,B_w5_K10000_c0.0_lr0.01_s0,0.4,0,0.2,3.82767,2.45505,0.237155,0.47619,0,0.0230239,4.89414,0.00470438,4.53312,0.515253,1.9408,1.58797,0.4,0.43582,-2.50821,-2.70051,0.384547,-3.15177,-1.11614,nan,-2.75883,0.0035,0.0893,1,1
36000,B_w5_K10000_c0.0_lr0.01_s1,0.6,0,0,3.4766,1.8529,0.236355,0.533333,0,0.00239944,0.237634,0.0100972,4.62261,0.497361,2.01061,1.48518,0.6,0.462599,-2.30257,-2.59848,0.231549,-2.85418,-1.08628,nan,-2.11865,0.013,0.071,1,1
37000,B_w5_K10000_c0.0_lr0.01_s0,0.4,0,0.2,4.04222,3.03466,0.232396,0.485714,0,0.00544066,1.32411,0.00410892,4.56544,0.500054,1.99978,1.59237,0.4,0.439684,-2.63071,-2.69784,0.36868,-3.15442,-1.21142,nan,-2.67497,0.005,0.0763,1,1
37000,B_w5_K10000_c0.0_lr0.01_s1,0.4,0,0,3.81133,2.31685,0.219806,0.495238,0,0.00654378,1.95319,0.00335031,4.68283,0.478328,2.09062,1.77086,0.4,0.469428,-2.52622,-2.47093,0.163686,-2.7382,-1.28204,nan,-2.09451,0.013,0.0679,1,0.666667
38000,B_w5_K10000_c0.0_lr0.01_s0,0.4,0,0.2,3.7663,2.42048,0.252686,0.514286,0,0.0308047,5.36213,0.00574487,4.37504,0.556262,1.79772,1.47676,0.4,0.434563,-2.58282,-2.71928,0.424418,-3.1801,-1.11076,nan,-2.86308,0.0025,0.0882,1,1
38000,B_w5_K10000_c0.0_lr0.01_s1,0.8,0,0,3.6544,1.48679,0.203379,0.504762,0,0.00503588,2.89682,0.00173841,4.71123,0.468856,2.13285,1,0.8,0.398988,-2.27903,-2.64784,0.237628,-2.87636,-1.02647,nan,-2.02478,0.018,0.0561,1,1
39000,B_w5_K10000_c0.0_lr0.01_s0,0.2,0,0.2,3.9372,2.8629,0.232918,0.466667,0,0.0129908,2.5881,0.00501944,4.43174,0.515053,1.94155,1.88746,0.2,0.387996,-2.75351,-2.26349,0.368506,-3.07795,-1.22603,nan,-2.92051,0.0025,0.0943,1,0.5
39000,B_w5_K10000_c0.0_lr0.01_s1,0.6,0,0,3.61746,1.50126,0.201304,0.533333,0,0.00391122,1.74444,0.00224211,4.71314,0.446616,2.23906,1.46744,0.6,0.368376,-2.44113,-2.60863,0.262137,-2.91686,-1.21242,nan,-2.03668,0.0165,0.0673,1,0.75
40000,B_w5_K10000_c0.0_lr0.01_s0,0.2,0,0.2,3.88216,2.96051,0.229962,0.457143,0,0.193054,23.4078,0.00824742,4.33172,0.508222,1.96764,1.91683,0.2,0.57537,-2.76023,-2.26349,0.369783,-3.11823,-1.19894,nan,-2.92051,0.0025,0.0974,1,1
40000,B_w5_K10000_c0.0_lr0.01_s1,0.6,0,0,3.73572,2.01131,0.179077,0.52381,0,0.00937229,1.93402,0.00484602,4.7147,0.382813,2.61224,1.80028,0.6,0.416529,-2.50168,-2.62628,0.192632,-2.89504,-1.18555,nan,-2.06878,0.016,0.065,1,1
41000,B_w5_K10000_c0.0_lr0.01_s0,0.4,0,0.2,3.70119,2.39759,0.199194,0.466667,0,0.12708,12.6383,0.0100552,4.34953,0.52235,1.91442,1.57246,0.4,0.859843,-2.76895,-2.75384,0.416091,-3.24022,-1.21089,nan,-2.97601,0.0025,0.0765,1,1
41000,B_w5_K10000_c0.0_lr0.01_s1,0.4,0,0,3.52659,1.60552,0.162141,0.504762,0,0.0246374,3.74888,0.00657193,4.72642,0.385265,2.59561,2.11437,0.4,0.705239,-2.68662,-2.52201,0.202619,-2.88912,-1.43801,nan,-2.22725,0.011,0.0574,1,0.666667
42000,B_w5_K10000_c0.0_lr0.01_s0,0.6,0,0.2,3.96321,2.79353,0.173865,0.485714,0,0.011764,1.21698,0.00966661,4.57801,0.447546,2.23441,1.49059,0.6,0.68965,-2.8375,-2.90233,0.378734,-3.23158,-1.33095,nan,-2.9439,0.0025,0.0529,1,1
42000,B_w5_K10000_c0.0_lr0.01_s1,0.4,0,0,4.02514,1.98531,0.144123,0.504762,0,0.00642689,1.77443,0.00362196,4.75477,0.344975,2.89876,2.23833,0.4,0.813632,-2.6868,-2.47338,0.20752,-2.9094,-1.40914,nan,-2.03543,0.0165,0.0629,1,1
43000,B_w5_K10000_c0.0_lr0.01_s0,0.6,0,0.2,3.45521,1.58918,0.168141,0.504762,0,0.00734186,2.5235,0.00290939,4.58352,0.475185,2.10445,1.365,0.6,0.51848,-2.75229,-2.89171,0.437386,-3.24098,-1.21394,nan,-2.86848,0.003,0.0634,1,0.666667
43000,B_w5_K10000_c0.0_lr0.01_s1,0.4,0,0,4.20115,2.72026,0.161619,0.495238,0,0.0332053,8.68132,0.00382492,4.74016,0.371458,2.6921,2.09439,0.4,0.606442,-2.58416,-2.42064,0.160499,-2.7426,-1.20805,nan,-1.70904,0.034,0.0861,1,1
44000,B_w5_K10000_c0.0_lr0.01_s0,0.4,0,0.2,3.02235,1.30439,0.153485,0.504762,0,0.00491429,0.426433,0.0115242,4.54494,0.504767,1.98111,1.64894,0.4,0.564946,-2.80409,-2.76687,0.505763,-3.26938,-1.28957,nan,-2.94202,0.0025,0.0752,1,0.666667
44000,B_w5_K10000_c0.0_lr0.01_s1,0,0,0,4.57775,2.95047,0.248045,0.495238,0,0.0637893,8.76468,0.00727799,4.71638,0.443345,2.25558,2.25558,0,0.80212,-2.46111,nan,0.201427,-2.79629,-1.2097,-1.44339,-1.55221,0.063,0.1166,nan,0
45000,B_w5_K10000_c0.0_lr0.01_s0,0.8,0,0.2,2.86962,1.22979,0.16593,0.485714,0,0.00875822,0.604643,0.0144849,4.49028,0.55105,1.81472,1,0.8,0.534698,-2.14858,-2.99005,0.505638,-3.29218,-0.724745,nan,-2.91338,0.0025,0.07,1,1
45000,B_w5_K10000_c0.0_lr0.01_s1,0,0,0,4.59307,3.22404,0.329105,0.485714,0,0.00863302,1.6892,0.00511071,4.6362,0.506947,1.97259,1.97259,0,0.498461,-2.41439,nan,0.249374,-2.79754,-1.11894,-1.37169,-1.54089,0.0585,0.1312,nan,nan
46000,B_w5_K10000_c0.0_lr0.01_s0,0.8,0,0.2,2.71927,1.16102,0.172774,0.47619,0,0.00611358,0.820721,0.00744903,4.5041,0.555022,1.80173,1,0.8,0.499825,-2.12321,-3.01377,0.528185,-3.29501,-0.719884,nan,-2.87801,0.003,0.0654,1,1
46000,B_w5_K10000_c0.0_lr0.01_s1,0.2,0,0,4.39711,3.08903,0.368594,0.457143,0,0.647502,63.2238,0.0102414,4.47659,0.56214,1.77892,1.68256,0.2,0.885597,-2.32831,-2.81948,0.268978,-2.81948,-1.02752,nan,-1.61254,0.048,0.1273,1,nan
47000,B_w5_K10000_c0.0_lr0.01_s0,0.8,0,0.2,2.78195,1.19206,0.205707,0.495238,0,0.00559709,0.757233,0.00739151,4.45341,0.588766,1.69847,1,0.8,0.54262,-2.22195,-3.02427,0.510834,-3.31093,-0.796453,nan,-2.83556,0.0035,0.0612,1,1
47000,B_w5_K10000_c0.0_lr0.01_s1,0,0,0,4.34259,2.85259,0.368612,0.476191,0,0.187277,21.7211,0.00862186,4.49822,0.597794,1.67282,1.67282,0,0.67844,-2.45183,nan,0.208038,-2.8374,-1.14897,-1.47806,-1.61207,0.0515,0.1301,nan,0
48000,B_w5_K10000_c0.0_lr0.01_s0,0.6,0,0.2,2.90147,1.3944,0.228671,0.542857,0,0.00874947,1.42568,0.00613704,4.3759,0.622752,1.60577,1.15817,0.6,0.433052,-2.5889,-2.95359,0.517097,-3.31464,-1.05142,nan,-2.83469,0.0035,0.0745,1,0.75
48000,B_w5_K10000_c0.0_lr0.01_s1,0,0,0,4.61404,3.53022,0.329968,0.514286,0,0.0123895,2.94684,0.00420433,4.61659,0.542303,1.84399,1.84399,0,0.620057,-2.4581,nan,0.215449,-2.81238,-1.10376,-1.33261,-1.49431,0.061,0.1358,nan,nan
49000,B_w5_K10000_c0.0_lr0.01_s0,0.6,0,0.2,2.97607,1.88776,0.19989,0.552381,0,0.0172224,4.19821,0.00410232,4.43623,0.576574,1.73438,1.30276,0.6,0.429346,-2.52331,-2.95513,0.474318,-3.31243,-0.903858,nan,-2.66074,0.0045,0.0829,1,1
49000,B_w5_K10000_c0.0_lr0.01_s1,0.2,0,0,4.40121,3.3872,0.366411,0.533333,0,0.199681,17.6479,0.0113147,4.56162,0.543625,1.8395,1.71329,0.2,0.654499,-2.3138,-2.91608,0.309479,-2.91608,-0.925374,nan,-1.7333,0.037,0.1468,1,nan
50000,B_w5_K10000_c0.0_lr0.01_s0,0.6,0,0.2,3.19389,2.08728,0.216014,0.514286,0,0.00770211,1.53684,0.00501165,4.42284,0.5612,1.7819,1.29586,0.6,0.605714,-2.49525,-2.92817,0.442707,-3.28619,-0.906824,nan,-2.64148,0.0055,0.0847,1,1
50000,B_w5_K10000_c0.0_lr0.01_s1,0,0,0,4.69782,3.74064,0.363763,0.514286,0,0.0291107,6.44045,0.00451998,4.60818,0.539854,1.85235,1.85235,0,0.407,-2.47658,nan,0.186449,-2.75635,-1.07447,-1.27655,-1.39896,0.074,0.1421,nan,0
51000,B_w5_K10000_c0.0_lr0.01_s0,0.6,0,0.2,3.27098,2.03507,0.214262,0.552381,0,0.00745315,0.731292,0.0101918,4.47019,0.550343,1.81705,1.28489,0.6,1.06329,-2.64024,-2.94784,0.425434,-3.31979,-1.04292,nan,-2.69788,0.0045,0.0704,1,1
51000,B_w5_K10000_c0.0_lr0.01_s1,0,0,0,4.84389,4.36813,0.329509,0.514286,0,0.0370755,5.10996,0.00725554,4.66804,0.497681,2.00932,2.00932,0,0.817357,-2.53591,nan,0.186582,-2.74475,-1.13483,-1.29018,-1.39004,0.0765,0.1263,nan,nan
52000,B_w5_K10000_c0.0_lr0.01_s0,0.6,0,0.2,3.50502,2.16576,0.212462,0.533333,0,0.00771192,1.48591,0.00519002,4.46308,0.561132,1.78211,1.24204,0.6,0.845091,-2.69841,-2.94103,0.419298,-3.31123,-1.10608,nan,-2.58329,0.0065,0.0669,1,1
52000,B_w5_K10000_c0.0_lr0.01_s1,0,0,0,4.70648,3.65997,0.30353,0.485714,0,0.0037159,0.67599,0.00549698,4.6941,0.443627,2.25415,2.25415,0,0.469074,-2.60543,nan,0.239251,-2.88343,-1.23734,-1.45567,-1.51142,0.061,0.1097,nan,nan
53000,B_w5_K10000_c0.0_lr0.01_s0,0.6,0,0.2,3.37084,1.90567,0.158573,0.504762,0,0.0499999,7.50897,0.0066587,4.57368,0.441466,2.26518,1.72112,0.6,0.727738,-2.71879,-2.95505,0.45067,-3.33754,-1.05981,nan,-2.39651,0.009,0.0685,1,1
53000,B_w5_K10000_c0.0_lr0.01_s1,0,0,0,4.65654,3.64594,0.239859,0.466667,0,0.00341969,1.44136,0.00237254,4.74894,0.38156,2.62082,2.62082,0,0.438342,-2.64522,nan,0.241454,-2.99378,-1.29545,-1.57058,-1.59903,0.05,0.101,nan,nan
54000,B_w5_K10000_c0.0_lr0.01_s0,0.6,0,0,3.2565,1.66443,0.167197,0.495238,0,0.0126604,1.94661,0.00650383,4.55424,0.456293,2.19157,1.61322,0.6,0.620697,-2.71339,-2.92517,0.464461,-3.3318,-0.978191,nan,-2.13175,0.0155,0.0761,1,1
54000,B_w5_K10000_c0.0_lr0.01_s1,0.4,0,0,4.51576,3.386,0.255461,0.495238,0,0.0188258,2.67289,0.00704323,4.74857,0.408082,2.45049,1.78902,0.4,0.544933,-2.55149,-2.9945,0.236481,-3.06832,-1.16326,nan,-1.77598,0.0355,0.0905,1,nan
55000,B_w5_K10000_c0.0_lr0.01_s0,0.6,0,0,3.53764,2.07256,0.163468,0.485714,0,0.0237968,5.77013,0.00412413,4.6165,0.387551,2.58031,1.87815,0.6,0.684317,-2.89371,-2.93988,0.425184,-3.31536,-1.08161,nan,-2.07182,0.019,0.0642,1,1
55000,B_w5_K10000_c0.0_lr0.01_s1,0.2,0,0,4.33119,2.88493,0.230661,0.485714,0,0.0359161,7.682,0.00467537,4.76849,0.409442,2.44235,2.19955,0.2,0.51461,-2.64318,-2.91163,0.229319,-3.03234,-1.23086,nan,-1.7454,0.0385,0.1005,1,0.5
56000,B_w5_K10000_c0.0_lr0.01_s0,0.6,0,0.2,3.11257,1.62404,0.186377,0.514286,0,0.010895,3.93571,0.00276825,4.50025,0.463353,2.15818,1.6348,0.6,0.573334,-2.79888,-2.97202,0.461471,-3.34865,-1.02004,nan,-2.45417,0.0055,0.0694,1,1
56000,B_w5_K10000_c0.0_lr0.01_s1,0.2,0,0,4.20188,2.31553,0.221054,0.457143,0,0.00663302,3.5212,0.00188374,4.79306,0.398521,2.50928,2.20227,0.2,0.471329,-2.60709,-2.91719,0.32729,-2.9967,-1.19932,nan,-1.6881,0.04,0.1096,1,1
57000,B_w5_K10000_c0.0_lr0.01_s0,0.6,0,0.2,3.18006,1.50327,0.218587,0.514286,0,0.0331379,10.569,0.00313539,4.46145,0.474875,2.10582,1.61912,0.6,0.835395,-2.74908,-2.94845,0.481235,-3.29123,-1.00999,nan,-2.50671,0.005,0.0746,1,1
57000,B_w5_K10000_c0.0_lr0.01_s1,0.2,0,0,4.11644,2.54611,0.208729,0.47619,0,0.00470731,2.02077,0.00232947,4.76668,0.389592,2.56679,2.28773,0.2,0.413036,-2.63864,-2.96004,0.319082,-3.08008,-1.18455,nan,-1.81517,0.0285,0.1099,1,1
58000,B_w5_K10000_c0.0_lr0.01_s0,0.6,0,0.2,3.03203,1.72558,0.222367,0.466667,0,0.0157498,3.63388,0.00433414,4.37472,0.489232,2.04402,1.63709,0.6,0.564605,-2.56857,-2.96295,0.508328,-3.32009,-0.863532,nan,-2.51856,0.005,0.0883,1,1
58000,B_w5_K10000_c0.0_lr0.01_s1,0.2,0,0,4.24331,2.65647,0.225309,0.466667,0,0.00956384,3.39257,0.00281906,4.75753,0.425468,2.35035,2.091,0.2,0.480227,-2.72905,-2.97796,0.241745,-3.04005,-1.24373,nan,-1.87101,0.027,0.0981,1,1
59000,B_w5_K10000_c0.0_lr0.01_s0,0.6,0,0,3.416,1.83585,0.186365,0.457143,0,0.0355343,5.48594,0.00647734,4.51107,0.404593,2.47162,1.87814,0.6,0.628992,-2.66959,-2.92748,0.504299,-3.28853,-0.95372,nan,-2.21648,0.016,0.0836,1,1
59000,B_w5_K10000_c0.0_lr0.01_s1,0.2,0,0,4.21364,2.36182,0.231925,0.466667,0,0.0074062,4.51442,0.00164057,4.78057,0.41186,2.42801,2.16831,0.2,0.404871,-2.74002,-2.95088,0.275144,-3.03606,-1.22063,nan,-1.77168,0.033,0.1074,1,1
60000,B_w5_K10000_c0.0_lr0.01_s0,0.6,0,0,3.52581,1.85756,0.193659,0.485714,0,0.0110068,3.68817,0.00298435,4.57409,0.444915,2.24762,1.61067,0.6,0.548683,-2.71115,-2.91884,0.513604,-3.28912,-0.994382,nan,-2.21398,0.0155,0.0779,1,1
60000,B_w5_K10000_c0.0_lr0.01_s1,0.2,0,0,4.42127,3.2057,0.183546,0.457143,0,0.0495642,10.2889,0.00481723,4.80465,0.380207,2.63015,2.36804,0.2,0.458853,-2.73362,-2.98546,0.268955,-3.08129,-1.11643,nan,-1.80532,0.028,0.114,1,1
61000,B_w5_K10000_c0.0_lr0.01_s0,0.4,0,0.2,3.877,2.63569,0.160324,0.495238,0,0.0121877,4.02009,0.0030317,4.66654,0.40417,2.47421,2.05684,0.4,0.76142,-2.94562,-2.77789,0.454437,-3.40033,-1.23494,nan,-2.3932,0.0075,0.0698,1,0.666667
61000,B_w5_K10000_c0.0_lr0.01_s1,0.2,0,0,4.59651,2.96443,0.177501,0.47619,0,0.100309,11.5085,0.0087161,4.81206,0.349823,2.85859,2.48153,0.2,0.61778,-2.87529,-2.92043,0.195424,-3.11873,-1.27577,nan,-1.6253,0.046,0.0919,1,1
62000,B_w5_K10000_c0.0_lr0.01_s0,0.6,0,0,4.01849,2.23201,0.15663,0.495238,0,0.00556602,1.61645,0.00344336,4.76075,0.400314,2.49804,1.5373,0.6,0.710917,-2.75126,-3.06119,0.509504,-3.60217,-1.191,nan,-2.14761,0.0175,0.0641,1,1
62000,B_w5_K10000_c0.0_lr0.01_s1,0.2,0,0,4.12188,1.98525,0.166127,0.485714,0,0.0279549,3.68529,0.00758554,4.77913,0.405985,2.46315,2.18874,0.2,0.513226,-2.89646,-3.02754,0.294137,-3.18126,-1.32217,nan,-1.88118,0.0295,0.086,1,1
63000,B_w5_K10000_c0.0_lr0.01_s0,0.4,0,0.2,3.9723,2.08961,0.172299,0.466667,0,0.0219381,5.38623,0.00407299,4.73779,0.434103,2.3036,1.63308,0.4,0.623612,-2.48571,-3.5216,0.568111,-3.59959,-1.20527,nan,-2.35915,0.0095,0.0813,1,0.666667
63000,B_w5_K10000_c0.0_lr0.01_s1,0.2,0,0,4.21786,2.11903,0.172536,0.476191,0,0.017182,3.92069,0.00438238,4.79134,0.371048,2.69507,2.37902,0.2,0.456021,-2.93837,-3.01268,0.239699,-3.23075,-1.34509,nan,-1.83507,0.0315,0.0835,1,1
64000,B_w5_K10000_c0.0_lr0.01_s0,0.4,0,0.2,3.63344,1.96274,0.195182,0.485714,0,0.0284334,3.82833,0.0074271,4.59338,0.515623,1.9394,1.41429,0.4,0.530033,-2.36132,-3.51825,0.635576,-3.55961,-1.07759,nan,-2.56142,0.0075,0.0996,1,1
64000,B_w5_K10000_c0.0_lr0.01_s1,0.2,0,0,4.24337,2.2282,0.161479,0.47619,0,0.00460668,1.40002,0.00329044,4.80624,0.388502,2.57399,2.28744,0.2,0.447154,-2.95629,-3.04039,0.242634,-3.25757,-1.38295,nan,-1.90981,0.0295,0.0783,1,1
65000,B_w5_K10000_c0.0_lr0.01_s0,0.6,0,0.2,3.45602,2.17996,0.195109,0.514286,0,0.0231325,3.25346,0.00711011,4.60552,0.528496,1.89216,1.20281,0.6,0.571852,-2.14383,-3.33024,0.706157,-3.6229,-0.774819,nan,-2.50842,0.008,0.0995,1,1
65000,B_w5_K10000_c0.0_lr0.01_s1,0.6,0,0,3.8428,1.63767,0.174449,0.485714,0,0.010715,4.09514,0.0026165,4.77182,0.430108,2.32499,1.43766,0.6,0.416333,-2.68047,-3.1683,0.293761,-3.3132,-1.14736,nan,-1.88393,0.0285,0.0776,1,1
66000,B_w5_K10000_c0.0_lr0.01_s0,0.6,0,0.2,3.23756,1.93433,0.209117,0.466667,0,0.0223927,4.87883,0.00458976,4.46242,0.595506,1.67924,1.12749,0.6,0.457464,-2.10124,-3.34968,0.736688,-3.65509,-0.717167,nan,-2.50448,0.008,0.1051,1,1
66000,B_w5_K10000_c0.0_lr0.01_s1,0.6,0,0,3.23715,1.33633,0.194081,0.504762,0,0.0997491,10.9883,0.00907776,4.67162,0.521618,1.91711,1.28117,0.6,0.525896,-2.60689,-3.2202,0.355792,-3.39884,-1.04059,nan,-1.94817,0.025,0.0811,1,1
67000,B_w5_K10000_c0.0_lr0.01_s0,0.6,0,0.2,3.20281,2.08823,0.202037,0.476191,0,0.0499167,10.544,0.00473415,4.531,0.58344,1.71397,1.15536,0.6,0.65839,-2.14343,-3.36834,0.694911,-3.71557,-0.754746,nan,-2.49389,0.008,0.0991,1,1
67000,B_w5_K10000_c0.0_lr0.01_s1,0.6,0,0,3.46528,1.42543,0.162471,0.457143,0,0.172054,18.5032,0.00929862,4.75925,0.455435,2.1957,1.39945,0.6,0.551208,-2.72005,-3.23389,0.300235,-3.38839,-1.15068,nan,-1.94581,0.0245,0.0691,1,1
68000,B_w5_K10000_c0.0_lr0.01_s0,0.6,0,0.2,3.22612,2.11828,0.196961,0.495238,0,0.0211979,2.70667,0.00783173,4.60824,0.522949,1.91223,1.291,0.6,0.733988,-2.23347,-3.37561,0.654532,-3.70679,-0.792363,nan,-2.58809,0.006,0.094,1,1
68000,B_w5_K10000_c0.0_lr0.01_s1,0.8,0,0,3.72695,1.47377,0.166961,0.438095,0,0.007683,1.16848,0.00657518,4.79509,0.436431,2.29131,1,0.8,0.396146,-2.51198,-3.16871,0.299976,-3.40251,-0.900833,nan,-1.96765,0.0255,0.0674,1,1
69000,B_w5_K10000_c0.0_lr0.01_s0,0.6,0,0.2,3.04226,1.82584,0.231662,0.447619,0,0.0146795,1.46737,0.010004,4.40553,0.614346,1.62775,1.13183,0.6,0.49871,-2.18604,-3.37389,0.708257,-3.72025,-0.751934,nan,-2.63419,0.005,0.0986,1,1
69000,B_w5_K10000_c0.0_lr0.01_s1,0.6,0,0,3.83357,1.80693,0.182389,0.457143,0,0.00310064,1.34492,0.00230545,4.79607,0.424131,2.35776,1.3952,0.6,0.520047,-2.66972,-3.23709,0.324904,-3.42417,-1.12695,nan,-2.04395,0.021,0.076,1,0.75
70000,B_w5_K10000_c0.0_lr0.01_s0,0.6,0,0.2,2.97005,1.93868,0.226353,0.476191,0,0.0228792,4.32448,0.00529062,4.40401,0.624833,1.60043,1.13038,0.6,0.419491,-2.05093,-3.38381,0.750638,-3.72314,-0.692499,nan,-2.6743,0.0045,0.1058,1,1
70000,B_w5_K10000_c0.0_lr0.01_s1,0.4,0,0,3.56722,1.90605,0.194645,0.466667,0,0.0869574,11.3915,0.00763352,4.72698,0.440223,2.27158,1.80229,0.4,0.525587,-2.69902,-3.36234,0.395636,-3.42943,-1.18501,nan,-2.0569,0.021,0.0892,1,0.666667
71000,B_w5_K10000_c0.0_lr0.01_s0,0.6,0,0.2,3.09862,1.91776,0.217349,0.485714,0,0.0127739,1.7511,0.00729478,4.58071,0.541457,1.84687,1.17977,0.6,1.14428,-2.48692,-3.4254,0.601748,-3.82461,-1.04075,nan,-2.80285,0.002,0.0664,1,1
71000,B_w5_K10000_c0.0_lr0.01_s1,0.6,0,0,4.0386,2.38305,0.177915,0.466667,0,0.0028286,0.835238,0.00338658,4.82144,0.362512,2.75853,1.5855,0.6,0.651332,-2.80034,-3.28588,0.287014,-3.44381,-1.26174,nan,-2.13258,0.0125,0.0579,1,1
72000,B_w5_K10000_c0.0_lr0.01_s0,0.6,0,0.4,3.33206,2.22385,0.215915,0.47619,0,0.020797,4.14113,0.00502206,4.60827,0.514722,1.9428,1.15545,0.6,1.12201,-2.57432,-3.41981,0.572746,-3.84761,-1.1707,nan,-2.80609,0.002,0.0562,1,1
72000,B_w5_K10000_c0.0_lr0.01_s1,0.4,0,0,3.84865,2.00395,0.170586,0.466667,0,0.0181412,3.41477,0.00531257,4.81074,0.34582,2.89168,2.23481,0.4,0.68889,-2.90656,-3.41006,0.28415,-3.45916,-1.35575,nan,-2.19103,0.01,0.0582,1,0.666667
73000,B_w5_K10000_c0.0_lr0.01_s0,0.4,0,0.4,3.27915,2.37755,0.197063,0.466667,0,0.0159541,3.06503,0.00520522,4.61963,0.496457,2.01427,1.59313,0.4,1.02786,-2.73845,-3.70307,0.559975,-3.88765,-1.31395,nan,-2.81078,0.002,0.0586,1,0.666667
73000,B_w5_K10000_c0.0_lr0.01_s1,0.4,0,0.2,3.64239,1.89477,0.16827,0.495238,0,0.0122372,2.6099,0.00468875,4.7847,0.352708,2.8352,2.1738,0.4,0.573133,-2.875,-3.42556,0.31415,-3.46774,-1.31947,nan,-2.27594,0.008,0.0649,1,1
74000,B_w5_K10000_c0.0_lr0.01_s0,0.4,0,0.4,3.34372,2.90114,0.215191,0.52381,0,0.0225678,5.36681,0.00420507,4.6324,0.45294,2.2078,1.81117,0.4,1.0533,-2.75614,-3.6906,0.525123,-3.86304,-1.20486,nan,-2.80886,0.002,0.0697,1,1
74000,B_w5_K10000_c0.0_lr0.01_s1,0.4,0,0.2,3.34348,1.65409,0.170773,0.47619,0,0.0451397,10.2856,0.00438862,4.71913,0.441081,2.26715,1.82608,0.4,0.58244,-2.85168,-3.43581,0.352969,-3.48952,-1.21222,nan,-2.27751,0.007,0.0767,1,1
75000,B_w5_K10000_c0.0_lr0.01_s0,0.4,0,0.4,3.06129,2.54948,0.218566,0.485714,0,0.042223,10.2347,0.00412546,4.33785,0.61202,1.63393,1.40564,0.4,0.692969,-2.56596,-3.71512,0.649757,-3.91703,-0.975875,nan,-2.76875,0.002,0.1001,1,1
75000,B_w5_K10000_c0.0_lr0.01_s1,0.4,0,0,3.36389,1.66302,0.189457,0.47619,0,0.0151791,2.2481,0.00675199,4.67686,0.475441,2.10331,1.70627,0.4,0.553602,-2.81329,-3.42723,0.368787,-3.48319,-1.17393,nan,-2.2515,0.01,0.0787,1,1
76000,B_w5_K10000_c0.0_lr0.01_s0,0.4,0,0.4,2.85818,2.14669,0.220935,0.466667,0,0.139234,13.3472,0.0104317,4.39215,0.638137,1.56706,1.36464,0.4,0.760244,-2.41308,-3.70883,0.778083,-3.91652,-0.905158,nan,-2.68307,0.002,0.1211,1,1
76000,B_w5_K10000_c0.0_lr0.01_s1,0.4,0,0.2,3.31633,1.87834,0.172832,0.457143,0,0.0802043,10.0427,0.00798636,4.6675,0.486567,2.05522,1.70182,0.4,0.624035,-2.73095,-3.43542,0.422036,-3.48839,-1.07118,nan,-2.27838,0.0085,0.0906,1,1
77000,B_w5_K10000_c0.0_lr0.01_s0,0.4,0,0.4,2.95663,2.2938,0.22137,0.47619,0,0.0419949,8.00785,0.00524421,4.36593,0.659937,1.5153,1.33146,0.4,0.658869,-2.34162,-3.70691,0.754485,-3.90323,-0.814968,nan,-2.73712,0.002,0.1363,1,1
77000,B_w5_K10000_c0.0_lr0.01_s1,0.4,0,0.2,3.23284,1.93952,0.188218,0.466667,0,0.0115043,1.61293,0.00713256,4.60583,0.527754,1.89482,1.58323,0.4,0.382501,-2.74922,-3.45045,0.434832,-3.48046,-1.08254,nan,-2.40431,0.006,0.0902,1,1
78000,B_w5_K10000_c0.0_lr0.01_s0,0.4,0,0.4,2.92634,2.2196,0.256714,0.466667,0,0.062863,11.4965,0.005468,4.25038,0.688596,1.45223,1.27047,0.4,0.504544,-2.34507,-3.7076,0.778339,-3.90794,-0.830945,nan,-2.71264,0.002,0.1304,1,1
78000,B_w5_K10000_c0.0_lr0.01_s1,0.4,0,0.4,3.04284,2.13978,0.229478,0.428571,0,0.384905,36.6472,0.010503,4.43319,0.598935,1.66963,1.44304,0.4,0.715608,-2.66594,-3.47812,0.46868,-3.50358,-1.01388,nan,-2.59089,0.004,0.1005,1,1
79000,B_w5_K10000_c0.0_lr0.01_s0,0.4,0,0.4,3.03262,2.34696,0.221666,0.47619,0,0.836716,70.7049,0.0118339,4.3602,0.644138,1.55246,1.34189,0.4,1.36617,-2.35685,-3.69261,0.777638,-3.89283,-0.825935,nan,-2.60661,0.0035,0.1294,1,1
79000,B_w5_K10000_c0.0_lr0.01_s1,0.4,0,0.4,3.33399,2.66217,0.223715,0.438095,0,0.0194918,4.62869,0.00421109,4.47245,0.542795,1.84232,1.59559,0.4,0.389825,-2.64344,-3.48093,0.438484,-3.50639,-0.930343,nan,-2.59888,0.004,0.1051,1,1
80000,B_w5_K10000_c0.0_lr0.01_s0,0.4,0,0.4,3.06282,2.27088,0.254472,0.485714,0,0.174508,31.146,0.0056029,4.3578,0.641696,1.55837,1.30653,0.4,0.706658,-2.56981,-3.69521,0.669556,-3.88212,-0.998424,nan,-2.69444,0.002,0.1038,1,1
80000,B_w5_K10000_c0.0_lr0.01_s1,0.4,0,0.4,3.26726,2.32786,0.199783,0.438095,0,0.012661,3.79375,0.00333732,4.49855,0.516175,1.93733,1.66794,0.4,0.407352,-2.6812,-3.47923,0.428247,-3.50939,-0.9826,nan,-2.55959,0.004,0.0976,1,1
81000,B_w5_K10000_c0.0_lr0.01_s0,0.4,0,0.4,3.29916,2.82999,0.23936,0.457143,0,0.00311526,0.446215,0.00698151,4.52186,0.55988,1.7861,1.42987,0.4,0.891571,-2.86675,-3.70783,0.518756,-3.91289,-1.28528,nan,-2.66792,0.001,0.0603,1,1
81000,B_w5_K10000_c0.0_lr0.01_s1,0.4,0,0.4,3.36078,2.43169,0.211357,0.466667,0,0.141573,17.0558,0.00830058,4.56615,0.53732,1.86109,1.57329,0.4,0.644163,-2.80124,-3.48188,0.340739,-3.51461,-1.079,nan,-2.55853,0.004,0.0825,1,1
82000,B_w5_K10000_c0.0_lr0.01_s0,0.6,0,0.4,3.31169,2.22603,0.217702,0.457143,0,0.0126291,5.58933,0.00225949,4.57683,0.496885,2.01254,1.23157,0.6,0.729305,-2.83659,-3.57647,0.456725,-3.90972,-1.28404,nan,-2.64744,0.001,0.0484,1,1
82000,B_w5_K10000_c0.0_lr0.01_s1,0.4,0,0.4,3.48391,2.75093,0.194362,0.447619,0,0.0295873,4.88763,0.00605351,4.62811,0.505373,1.97874,1.67976,0.4,0.526094,-2.87316,-3.48226,0.301217,-3.51503,-1.12855,nan,-2.55223,0.004,0.0744,1,1
83000,B_w5_K10000_c0.0_lr0.01_s0,0.6,0,0.4,3.23787,2.44721,0.222044,0.457143,0,0.013795,4.34788,0.00317282,4.61494,0.502505,1.99003,1.24615,0.6,0.651093,-2.8035,-3.58846,0.487679,-3.91573,-1.21551,nan,-2.67981,0.001,0.0544,1,1
83000,B_w5_K10000_c0.0_lr0.01_s1,0.4,0,0.4,3.01727,1.59798,0.235629,0.438095,0,0.0672735,11.9176,0.00564487,4.42653,0.613107,1.63104,1.4114,0.4,0.479206,-2.8237,-3.49452,0.35887,-3.51716,-1.11922,nan,-2.68286,0.003,0.0803,1,1
84000,B_w5_K10000_c0.0_lr0.01_s0,0.6,0,0.4,2.99116,1.87363,0.21605,0.457143,0,0.0202145,3.31425,0.00609929,4.56564,0.560509,1.78409,1.21017,0.6,0.612565,-2.77318,-3.60732,0.479265,-3.92726,-1.12238,nan,-2.7488,0.001,0.0619,1,1
84000,B_w5_K10000_c0.0_lr0.01_s1,0.4,0,0.4,2.9727,1.45534,0.254471,0.438095,0,0.0114075,2.80337,0.0040692,4.48288,0.599514,1.66802,1.45623,0.4,0.352694,-2.95822,-3.48848,0.309682,-3.50222,-1.2472,nan,-2.71426,0.0025,0.0694,1,1
85000,B_w5_K10000_c0.0_lr0.01_s0,0.6,0,0.4,3.00617,2.00692,0.226574,0.514286,0,0.0202943,3.54305,0.00572792,4.48898,0.59786,1.67263,1.21038,0.6,0.55484,-2.62088,-3.58988,0.558938,-3.91703,-0.906192,nan,-2.68464,0.001,0.0835,1,1
85000,B_w5_K10000_c0.0_lr0.01_s1,0.4,0,0.2,3.20183,2.15071,0.207466,0.47619,0,0.00627777,0.655361,0.0095791,4.54217,0.568915,1.75773,1.49894,0.4,0.426306,-2.85116,-3.48155,0.338549,-3.48577,-1.13932,nan,-2.72957,0.0025,0.0807,1,1
86000,B_w5_K10000_c0.0_lr0.01_s0,0.6,0,0.4,2.85936,2.03107,0.249818,0.476191,0,0.351736,35.7002,0.00985251,4.37811,0.651565,1.53477,1.16382,0.6,0.798804,-2.3706,-3.59254,0.667583,-3.91703,-0.749841,nan,-2.68464,0.001,0.0966,1,1
86000,B_w5_K10000_c0.0_lr0.01_s1,0.4,0,0.2,3.03523,1.88978,0.199421,0.47619,0,0.165766,18.6273,0.0088991,4.43298,0.615426,1.62489,1.38073,0.4,0.574547,-2.70458,-3.44455,0.456004,-3.47025,-1.07604,nan,-2.67349,0.003,0.0978,1,1
87000,B_w5_K10000_c0.0_lr0.01_s0,0.6,0,0.4,2.97272,2.1552,0.2575,0.466667,0,0.0145951,1.28402,0.0113667,4.36893,0.659361,1.51662,1.09189,0.6,0.604884,-2.6064,-3.60088,0.580708,-3.91182,-0.893111,nan,-2.65124,0.002,0.0807,1,1
87000,B_w5_K10000_c0.0_lr0.01_s1,0.6,0,0.2,3.22433,1.86382,0.261572,0.457143,0,0.0239802,6.0903,0.00393744,4.47442,0.584841,1.70987,1.21193,0.6,0.390869,-2.58395,-3.32985,0.410855,-3.47026,-0.871626,nan,-2.66316,0.003,0.0914,1,1
88000,B_w5_K10000_c0.0_lr0.01_s0,0.6,0,0.4,2.79349,2.05551,0.254413,0.476191,0,0.0116429,4.45562,0.00261307,4.4048,0.665126,1.50348,1.12007,0.6,0.437958,-2.39579,-3.61157,0.679496,-3.90857,-0.780764,nan,-2.63279,0.002,0.0944,1,1
88000,B_w5_K10000_c0.0_lr0.01_s1,0.6,0,0.2,3.19349,1.7081,0.248712,0.485714,0,0.0335348,3.16368,0.0105999,4.50563,0.572687,1.74615,1.20767,0.6,0.530517,-2.54597,-3.33966,0.457908,-3.46714,-0.90974,nan,-2.63571,0.003,0.087,1,1
89000,B_w5_K10000_c0.0_lr0.01_s0,0.4,0,0.4,2.91336,2.08918,0.241061,0.485714,0,0.0131913,3.76523,0.00350343,4.50502,0.615129,1.62568,1.40819,0.4,0.46106,-2.65064,-3.71359,0.694031,-3.92266,-1.05464,nan,-2.73045,0.001,0.1,1,0.666667
89000,B_w5_K10000_c0.0_lr0.01_s1,0.6,0,0.2,3.29155,2.02047,0.233444,0.466667,0,0.0141446,4.19372,0.0033728,4.5487,0.554776,1.80253,1.21318,0.6,0.338138,-2.65684,-3.36816,0.397079,-3.47702,-0.968608,nan,-2.70962,0.0025,0.0778,1,1
90000,B_w5_K10000_c0.0_lr0.01_s0,0.6,0,0.4,2.99038,1.99252,0.221446,0.476191,0,0.0176613,2.1032,0.00839737,4.57277,0.590181,1.6944,1.17984,0.6,0.502799,-2.42441,-3.59365,0.643565,-3.91224,-0.888674,nan,-2.66232,0.001,0.0831,1,1
90000,B_w5_K10000_c0.0_lr0.01_s1,0.4,0,0.2,3.19513,1.46483,0.243049,0.485714,0,0.0996905,9.13355,0.0109148,4.53402,0.531721,1.88068,1.52256,0.4,0.493471,-2.84421,-3.41783,0.439451,-3.48921,-1.21479,nan,-2.80489,0.0015,0.0863,1,0.666667
91000,B_w5_K10000_c0.0_lr0.01_s0,0.6,0,0.4,3.14805,2.25318,0.225205,0.485714,0,0.00754822,1.11987,0.00674024,4.64276,0.548247,1.824,1.19525,0.6,0.413711,-2.62995,-3.60812,0.581198,-3.90357,-1.08478,nan,-2.63517,0.0015,0.0628,1,1
91000,B_w5_K10000_c0.0_lr0.01_s1,0.4,0,0.2,3.75161,2.48543,0.225173,0.47619,0,0.0106319,3.1579,0.00336676,4.63781,0.441736,2.26379,1.85609,0.4,0.538257,-2.95694,-3.35794,0.306364,-3.4977,-1.23647,nan,-2.86945,0.001,0.0769,1,0.5
92000,B_w5_K10000_c0.0_lr0.01_s0,0.6,0,0.4,3.21607,2.41072,0.215316,0.495238,0,0.000600111,0.204178,0.00293915,4.71094,0.511161,1.95633,1.21495,0.6,0.368045,-2.85021,-3.65925,0.539311,-3.92986,-1.38002,nan,-2.82334,0.001,0.0387,1,1
92000,B_w5_K10000_c0.0_lr0.01_s1,0.2,0,0.2,3.94098,3.40582,0.212367,0.466667,0,0.0657149,10.6558,0.00616707,4.6805,0.382303,2.61573,2.51018,0.2,0.564323,-2.93135,-3.50066,0.289345,-3.50066,-1.18465,nan,-2.89406,0.001,0.0961,1,0.5
93000,B_w5_K10000_c0.0_lr0.01_s0,0.8,0,0.4,3.18216,2.11131,0.205388,0.495238,0,0.000809787,0.197749,0.00409502,4.75486,0.480926,2.07932,1,0.8,0.365613,-2.32424,-3.62028,0.543767,-3.93394,-1.31129,nan,-2.8121,0.001,0.0332,1,1
93000,B_w5_K10000_c0.0_lr0.01_s1,0.2,0,0.2,3.98517,3.38074,0.181619,0.485714,0,0.00524358,1.20242,0.00436084,4.72059,0.371394,2.69256,2.53546,0.2,0.412556,-3.00997,-3.49718,0.235588,-3.49718,-1.26057,nan,-2.86254,0.0015,0.0795,1,1
94000,B_w5_K10000_c0.0_lr0.01_s0,0.8,0,0.4,3.19075,2.32861,0.198135,0.485714,0,1.91309e-05,0.014533,0.00131637,4.77442,0.46002,2.17382,1,0.8,0.364379,-2.38433,-3.62761,0.521661,-3.92714,-1.43049,nan,-2.93567,0.001,0.0284,1,1
94000,B_w5_K10000_c0.0_lr0.01_s1,0.2,0,0.2,3.95725,3.44789,0.163185,0.47619,0,0.0036275,1.21407,0.00298789,4.71481,0.407507,2.45395,2.32103,0.2,0.42425,-2.98627,-3.50371,0.218753,-3.50371,-1.22752,nan,-2.9106,0.001,0.0844,1,1
95000,B_w5_K10000_c0.0_lr0.01_s0,0.8,0,0.4,3.16167,2.90329,0.196331,0.495238,0,0.000136723,0.0532194,0.00256904,4.78847,0.444945,2.24747,1,0.8,0.471694,-2.48279,-3.63723,0.493282,-3.96739,-1.62759,nan,-3.0064,0,0.0233,1,1
95000,B_w5_K10000_c0.0_lr0.01_s1,0.4,0,0.2,3.9152,3.24354,0.149037,0.514286,0,0.00695231,0.821908,0.00845874,4.7668,0.399112,2.50556,1.9931,0.4,0.441718,-3.05934,-3.25314,0.194764,-3.4971,-1.25139,nan,-2.85576,0.0015,0.0713,1,1
96000,B_w5_K10000_c0.0_lr0.01_s0,0.8,0,0.4,3.07011,2.78593,0.197319,0.485714,0,0.0003987,0.214894,0.00185533,4.77692,0.447734,2.23347,1,0.8,0.361775,-2.47381,-3.64678,0.500355,-3.97682,-1.57611,nan,-3.07981,0,0.0248,1,1
96000,B_w5_K10000_c0.0_lr0.01_s1,0.2,0,0.2,3.86285,2.93515,0.167767,0.561905,0,0.00495045,2.38046,0.00207962,4.72783,0.450015,2.22215,2.08599,0.2,0.402549,-3.0094,-3.49267,0.202139,-3.49267,-1.28957,nan,-2.8174,0.0015,0.078,1,0.5
97000,B_w5_K10000_c0.0_lr0.01_s0,0.8,0,0.4,2.83896,1.76934,0.137875,0.523809,0,0.000834318,0.431963,0.00193146,4.83096,0.396984,2.519,1,0.8,0.387077,-2.47582,-3.6785,0.50546,-3.97682,-1.39825,nan,-3.07981,0,0.0235,1,1
97000,B_w5_K10000_c0.0_lr0.01_s1,0.4,0,0.2,3.74024,2.26509,0.157767,0.52381,0,0.0142559,2.24276,0.00635643,4.73547,0.434283,2.30264,1.81112,0.4,0.569336,-3.04554,-3.26257,0.198138,-3.47963,-1.26306,nan,-2.72074,0.0035,0.0726,1,1
98000,B_w5_K10000_c0.0_lr0.01_s0,0.8,0,0.4,2.95154,2.19274,0.129545,0.504762,0,0.00107005,0.634142,0.0016874,4.83166,0.401029,2.49359,1,0.8,0.367831,-2.5094,-3.6679,0.490349,-3.97682,-1.41198,nan,-3.07981,0,0.0236,1,1
98000,B_w5_K10000_c0.0_lr0.01_s1,0.4,0,0.2,3.63253,2.23595,0.170039,0.52381,0,0.0116063,2.30197,0.0050419,4.71712,0.461641,2.16619,1.75678,0.4,0.506292,-2.99963,-3.29516,0.220763,-3.48222,-1.21983,nan,-2.7391,0.0025,0.0715,1,1
99000,B_w5_K10000_c0.0_lr0.01_s0,0.8,0,0.6,2.2651,1.17012,0.108527,0.523809,0,0.00500102,0.837472,0.00597157,4.85595,0.389835,2.56519,1,0.8,0.499456,-2.30523,-3.70718,0.578003,-3.95627,-1.08522,nan,-3.03448,0.0005,0.032,1,1
99000,B_w5_K10000_c0.0_lr0.01_s1,0.4,0,0.2,3.63569,2.43411,0.199541,0.533333,0,0.00778935,4.14126,0.00188091,4.68642,0.47546,2.10323,1.7083,0.4,0.454235,-3.07268,-3.30446,0.201883,-3.49153,-1.29151,nan,-2.80529,0.002,0.0676,1,1
100000,B_w5_K10000_c0.0_lr0.01_s0,0.8,0,0.6,1.99094,1.10414,0.0774378,0.476191,0,0.00245565,0.353943,0.00693799,4.8575,0.383657,2.60649,1,0.8,0.40201,-2.27242,-3.72267,0.595816,-3.95931,-1.0371,nan,-3.18551,0.0005,0.0315,1,1
100000,B_w5_K10000_c0.0_lr0.01_s1,0.6,0,0.2,3.45231,2.26559,0.17173,0.495238,0,0.0240543,3.40402,0.00706643,4.69793,0.466786,2.14231,1.48689,0.6,0.565763,-2.90766,-3.31108,0.236493,-3.49714,-1.07798,nan,-2.84116,0.002,0.0678,1,1
101000,B_w5_K10000_c0.0_lr0.01_s0,0.8,0,0.6,2.12694,1.15167,0.0838664,0.485714,0,0.00122089,0.326076,0.00374418,4.87997,0.351965,2.84119,1,0.8,0.580305,-2.45548,-3.7283,0.525594,-3.95931,-1.21372,nan,-3.27554,0,0.0227,1,1
101000,B_w5_K10000_c0.0_lr0.01_s1,0.6,0,0.2,3.77125,2.57331,0.1558,0.514286,0,0.00255808,1.26348,0.00202463,4.76306,0.419546,2.38353,1.53126,0.6,0.752626,-3.17146,-3.31433,0.185598,-3.51244,-1.35602,nan,-2.982,0.0015,0.0465,1,1
102000,B_w5_K10000_c0.0_lr0.01_s0,0.8,0,0.6,1.73202,1.0565,0.0792044,0.495238,0,0.014312,2.1197,0.00675189,4.82998,0.420153,2.38008,1,0.8,0.658504,-2.33811,-3.74112,0.576206,-3.95931,-1.03751,nan,-3.27554,0,0.0314,1,1
102000,B_w5_K10000_c0.0_lr0.01_s1,0.4,0,0.2,3.87732,3.15382,0.146015,0.523809,0,0.00557486,1.49935,0.00371818,4.7837,0.397187,2.51771,1.97023,0.4,0.749818,-3.2391,-3.33802,0.15417,-3.51327,-1.50447,nan,-2.98968,0.0015,0.0424,1,0.666667
103000,B_w5_K10000_c0.0_lr0.01_s0,0.8,0,0.6,1.88014,1.06878,0.0877637,0.485714,0,0.00352833,1.23816,0.00284965,4.84166,0.401916,2.48808,1,0.8,0.52036,-2.4323,-3.73107,0.532978,-3.91532,-1.09954,nan,-3.27554,0,0.0286,1,1
103000,B_w5_K10000_c0.0_lr0.01_s1,0.4,0,0.2,3.77535,3.03257,0.146656,0.533333,0,0.00519254,2.29388,0.00226365,4.7332,0.394907,2.53224,2.03264,0.4,0.741296,-3.223,-3.35424,0.135632,-3.51275,-1.45458,nan,-2.98447,0.0015,0.0444,1,1
104000,B_w5_K10000_c0.0_lr0.01_s0,0.8,0,0.6,1.84209,1.05625,0.0826998,0.504762,0,0.0045564,1.4491,0.00314428,4.80903,0.424335,2.35663,1,0.8,0.499255,-2.44803,-3.73883,0.530704,-3.92864,-1.04333,nan,-3.38548,0,0.0328,1,1
104000,B_w5_K10000_c0.0_lr0.01_s1,0.6,0,0.2,3.57508,2.34648,0.158492,0.552381,0,0.00441479,1.44085,0.00306401,4.68776,0.452217,2.21133,1.32944,0.6,0.856095,-3.07059,-3.39311,0.187668,-3.50787,-1.31136,nan,-2.94161,0.0015,0.0486,1,1
105000,B_w5_K10000_c0.0_lr0.01_s0,0.8,0,0.6,1.84223,1.03878,0.0719441,0.485714,0,0.0067116,1.68027,0.00399435,4.77321,0.444354,2.25046,1,0.8,0.47766,-2.26984,-3.72905,0.591754,-3.86278,-0.906546,nan,-3.37311,0,0.0413,1,1
105000,B_w5_K10000_c0.0_lr0.01_s1,0.4,0,0.2,3.27718,1.74578,0.146678,0.514286,0,0.00188137,0.252309,0.0074566,4.68412,0.448105,2.23162,1.90082,0.4,0.700176,-3.12505,-3.37428,0.258883,-3.51271,-1.35208,nan,-2.98683,0.0015,0.0566,1,0.666667
106000,B_w5_K10000_c0.0_lr0.01_s0,0.8,0,0.8,1.72784,1.03174,0.0982225,0.485714,0,0.00359648,0.343742,0.0104627,4.77651,0.453815,2.20354,1,0.8,0.509992,-2.34255,-3.75363,0.578309,-3.95491,-0.968498,nan,-3.37311,0,0.0348,1,1
106000,B_w5_K10000_c0.0_lr0.01_s1,0.4,0,0.2,3.26154,1.80994,0.140787,0.52381,0,0.0609549,8.3195,0.00732674,4.67834,0.448217,2.23106,1.91867,0.4,0.816678,-3.13582,-3.3744,0.23537,-3.51489,-1.26831,nan,-3.00581,0.0015,0.0638,1,1
107000,B_w5_K10000_c0.0_lr0.01_s0,0.8,0,0.8,1.55189,1.02365,0.118292,0.504762,0,0.00697969,1.15983,0.00601784,4.75001,0.481192,2.07817,1,0.8,0.464803,-2.33433,-3.76832,0.591218,-4.0085,-0.950127,nan,-3.37311,0,0.0367,1,1
107000,B_w5_K10000_c0.0_lr0.01_s1,0.4,0,0.2,3.08278,1.63519,0.186318,0.495238,0,0.0221009,2.70405,0.00817327,4.59486,0.506189,1.97555,1.74107,0.4,0.560693,-3.09495,-3.3799,0.27324,-3.51655,-1.19938,nan,-3.02183,0.001,0.0705,1,1
108000,B_w5_K10000_c0.0_lr0.01_s0,0.8,0,0.8,1.39474,1.01309,0.0889062,0.504762,0,0.00275982,1.12998,0.00244236,4.69537,0.516471,1.93622,1,0.8,0.439668,-2.0967,-3.7733,0.687515,-4.03228,-0.777365,nan,-3.37311,0,0.0461,1,1
108000,B_w5_K10000_c0.0_lr0.01_s1,0.4,0,0.2,2.99594,1.52319,0.221369,0.495238,0,0.464147,39.917,0.0116278,4.57273,0.534183,1.87202,1.64305,0.4,0.878955,-3.11606,-3.38056,0.295208,-3.51638,-1.23346,nan,-3.02001,0.001,0.0699,1,1
109000,B_w5_K10000_c0.0_lr0.01_s0,0.8,0,0.8,1.33651,1.01134,0.081482,0.504762,0,0.0215548,3.2859,0.00655979,4.66601,0.535334,1.86799,1,0.8,0.501098,-2.09321,-3.78277,0.695854,-4.07316,-0.76255,nan,-3.37311,0,0.0443,1,1
109000,B_w5_K10000_c0.0_lr0.01_s1,0.4,0,0.2,3.17102,1.82054,0.261767,0.47619,0,0.00625185,1.6323,0.00383009,4.48315,0.578173,1.72959,1.52201,0.4,0.557635,-3.07157,-3.37235,0.310779,-3.51638,-1.13461,nan,-3.02001,0.001,0.0818,1,1
110000,B_w5_K10000_c0.0_lr0.01_s0,0.8,0,0.8,1.32282,1.00942,0.11394,0.504762,0,0.0103848,4.89359,0.00212213,4.60639,0.575432,1.73783,1,0.8,0.559544,-2.22366,-3.78572,0.646279,-4.07689,-0.781649,nan,-3.37311,0,0.044,1,1
110000,B_w5_K10000_c0.0_lr0.01_s1,0.4,0,0.2,3.21959,2.16208,0.241879,0.47619,0,1.22527,106.034,0.0115554,4.49674,0.507862,1.96904,1.7665,0.4,1.24721,-3.02468,-3.3705,0.32314,-3.51734,-1.05161,nan,-3.02909,0.001,0.0943,1,1
111000,B_w5_K10000_c0.0_lr0.01_s0,0.8,0,0.8,1.67069,1.03361,0.11893,0.514286,0,0.00110252,0.186949,0.00589746,4.75462,0.474841,2.10597,1,0.8,0.632009,-2.56849,-3.7729,0.507117,-4.05953,-1.09422,nan,-3.37311,0,0.0314,1,1
111000,B_w5_K10000_c0.0_lr0.01_s1,0.4,0,0.2,3.32051,1.92327,0.182462,0.466667,0,0.0124215,1.33117,0.00933128,4.64202,0.439208,2.27683,1.97432,0.4,0.981185,-3.22507,-3.36249,0.243638,-3.59016,-1.24589,nan,-3.02558,0.001,0.0698,1,1
112000,B_w5_K10000_c0.0_lr0.01_s0,0.8,0,0.8,1.49295,1.02044,0.141519,0.514286,0,0.00229561,0.402738,0.0057,4.703,0.52243,1.91413,1,0.8,0.608141,-2.63472,-3.78291,0.486792,-4.06986,-1.08037,nan,-3.37311,0,0.0296,1,1
112000,B_w5_K10000_c0.0_lr0.01_s1,0.4,0,0.2,3.43937,2.05238,0.106078,0.523809,0,0.0163557,2.78817,0.00586612,4.68985,0.370845,2.69655,2.27665,0.4,0.855958,-3.18341,-3.34018,0.263585,-3.5667,-1.19484,nan,-3.03354,0.001,0.075,1,1
113000,B_w5_K10000_c0.0_lr0.01_s0,0.8,0,0.8,1.68262,1.03868,0.157153,0.495238,0,0.00259316,0.654789,0.0039603,4.73934,0.50457,1.98188,1,0.8,0.627537,-2.85322,-3.77872,0.403665,-4.06986,-1.26197,nan,-3.37311,0,0.0217,1,1
113000,B_w5_K10000_c0.0_lr0.01_s1,0.4,0,0.2,3.29298,2.17572,0.143321,0.52381,0,0.0093094,2.79057,0.00333602,4.61015,0.443858,2.25297,1.94882,0.4,0.581643,-3.15512,-3.36963,0.286454,-3.60874,-1.15997,nan,-3.03354,0.001,0.0788,1,1
114000,B_w5_K10000_c0.0_lr0.01_s0,0.8,0,0.8,1.37047,1.00859,0.172121,0.533333,0,0.0579324,10.0812,0.00574659,4.50439,0.631943,1.58242,1,0.8,0.618249,-2.46003,-3.78438,0.554258,-4.07761,-0.816713,nan,-3.37311,0,0.0401,1,1
114000,B_w5_K10000_c0.0_lr0.01_s1,0.4,0,0.2,3.11944,1.69559,0.127754,0.52381,0,0.137877,15.96,0.00863895,4.62661,0.451484,2.21492,1.90387,0.4,0.66949,-3.14363,-3.3575,0.334809,-3.64284,-1.18093,nan,-3.03354,0.001,0.0804,1,1
115000,B_w5_K10000_c0.0_lr0.01_s0,0.8,0,0.8,1.37767,1.00886,0.180634,0.514286,0,0.00725277,2.02925,0.00357411,4.44703,0.651062,1.53595,1,0.8,0.51821,-2.40218,-3.79404,0.583511,-4.11325,-0.784595,nan,-3.78182,0,0.0431,1,1
115000,B_w5_K10000_c0.0_lr0.01_s1,0.4,0,0.2,3.30373,2.03602,0.191029,0.533333,0,0.0193268,3.91948,0.00493096,4.62874,0.454768,2.19892,1.93125,0.4,0.736966,-3.1977,-3.37199,0.269075,-3.61535,-1.20659,nan,-3.03354,0.001,0.0746,1,1
116000,B_w5_K10000_c0.0_lr0.01_s0,0.8,0,0.6,1.50457,1.01556,0.171939,0.495238,0,0.00793063,2.63643,0.00300809,4.49088,0.618742,1.61618,1,0.8,0.519636,-2.49599,-3.78592,0.544946,-4.11325,-0.829849,nan,-3.78182,0,0.0422,1,1
116000,B_w5_K10000_c0.0_lr0.01_s1,0.6,0,0.2,3.05645,1.77391,0.179338,0.533333,0,0.00985867,2.03094,0.00485423,4.65762,0.463256,2.15863,1.49765,0.6,0.506234,-2.99996,-3.51617,0.325716,-3.80054,-1.107,nan,-3.03354,0.001,0.0628,1,1
117000,B_w5_K10000_c0.0_lr0.01_s0,0.8,0,0.8,1.36979,1.00928,0.167657,0.533333,0,0.0188719,2.07125,0.00911136,4.497,0.626098,1.5972,1,0.8,0.569727,-2.47179,-3.80124,0.560608,-4.11505,-0.837858,nan,-3.81014,0,0.0412,1,1
117000,B_w5_K10000_c0.0_lr0.01_s1,0.6,0,0.2,3.15257,1.90877,0.16049,0.580952,0,0.0217398,3.34175,0.00650551,4.66686,0.448272,2.23079,1.5499,0.6,0.642516,-2.99415,-3.51408,0.348888,-3.85737,-1.04503,nan,-3.02031,0.001,0.0708,1,1
118000,B_w5_K10000_c0.0_lr0.01_s0,0.8,0,0.8,1.36992,1.00774,0.154569,0.52381,0,0.323901,27.6658,0.0117076,4.42242,0.64926,1.54022,1,0.8,0.773988,-2.21435,-3.7933,0.655893,-4.11505,-0.679838,nan,-3.81014,0,0.0511,1,1
118000,B_w5_K10000_c0.0_lr0.01_s1,0.6,0,0.2,3.1372,1.82057,0.120151,0.542857,0,0.0180269,5.58987,0.00322492,4.69049,0.411082,2.43261,1.66816,0.6,0.558929,-3.10485,-3.53725,0.319176,-3.89362,-1.09503,nan,-3.02031,0.001,0.0653,1,1
119000,B_w5_K10000_c0.0_lr0.01_s0,0.8,0,0.8,1.3073,1.00675,0.169149,0.533333,0,0.00223865,0.156214,0.0143306,4.44072,0.648713,1.54151,1,0.8,0.587514,-2.23148,-3.80057,0.652294,-4.11505,-0.719598,nan,-3.81014,0,0.0483,1,1
119000,B_w5_K10000_c0.0_lr0.01_s1,0.6,0,0.2,3.41213,1.91107,0.176117,0.561905,0,0.00670193,4.10658,0.001632,4.65822,0.455598,2.19492,1.55133,0.6,0.550605,-3.19569,-3.49883,0.207418,-3.70062,-1.15767,nan,-2.97996,0.0015,0.0637,1,1
120000,B_w5_K10000_c0.0_lr0.01_s0,0.8,0,0.8,1.36928,1.00861,0.175777,0.52381,0,0.00260769,0.187709,0.0138922,4.46188,0.642748,1.55582,1,0.8,0.62873,-2.29717,-3.8051,0.630392,-4.13199,-0.771101,nan,-4.07509,0,0.043,1,1
120000,B_w5_K10000_c0.0_lr0.01_s1,0.4,0,0.2,3.42648,2.3112,0.216047,0.590476,0,0.00870356,2.66304,0.00326827,4.55119,0.490517,2.03866,1.89209,0.4,0.548744,-3.25849,-3.41785,0.162705,-3.52522,-1.14653,nan,-3.10147,0.0005,0.0789,1,0.666667
121000,B_w5_K10000_c0.0_lr0.01_s0,0.8,0,0.8,1.41047,1.01231,0.194074,0.52381,0,0.0066519,0.900813,0.00738433,4.49983,0.62671,1.59563,1,0.8,0.880535,-2.4765,-3.80768,0.56331,-4.13199,-0.902273,nan,-4.07509,0,0.0345,1,1
121000,B_w5_K10000_c0.0_lr0.01_s1,0.4,0,0.2,3.48151,2.66473,0.186656,0.542857,0,0.00104005,0.321343,0.00323658,4.65845,0.424066,2.35812,2.11653,0.4,0.500696,-3.46621,-3.46271,0.0553844,-3.5345,-1.3713,nan,-3.10147,0.0005,0.0516,1,1
122000,B_w5_K10000_c0.0_lr0.01_s0,0.8,0,0.8,1.43077,1.01187,0.204037,0.561905,0,0.00319248,0.518482,0.00615736,4.46709,0.64002,1.56245,1,0.8,0.813269,-2.52719,-3.80428,0.542689,-4.13199,-0.908933,nan,-4.07509,0,0.034,1,1
122000,B_w5_K10000_c0.0_lr0.01_s1,0.6,0,0.2,3.56895,2.60732,0.199586,0.561905,0,0.00197921,0.6557,0.00301847,4.67859,0.42433,2.35665,1.64748,0.6,0.523397,-3.53925,-3.50932,0.101468,-3.65135,-1.42379,nan,-3.14715,0.0005,0.0416,1,1
123000,B_w5_K10000_c0.0_lr0.01_s0,0.8,0,0.8,1.34262,1.00898,0.184811,0.561905,0,0.00549011,1.17141,0.00468675,4.52896,0.615218,1.62544,1,0.8,0.823811,-2.64702,-3.81296,0.500962,-4.13199,-0.984032,nan,-4.07509,0,0.0309,1,1
123000,B_w5_K10000_c0.0_lr0.01_s1,0.6,0,0.2,3.84973,3.08331,0.199058,0.571429,0,0.00461276,1.37517,0.00335431,4.72101,0.433289,2.30793,1.5966,0.6,0.504625,-3.57116,-3.49951,0.135703,-3.67078,-1.48267,nan,-3.1439,0.0005,0.0417,1,1
124000,B_w5_K10000_c0.0_lr0.01_s0,0.8,0,0.8,1.35701,1.00845,0.183425,0.542857,0,0.0248841,4.35397,0.00571527,4.53902,0.612043,1.63387,1,0.8,0.963679,-2.70683,-3.81321,0.47859,-4.13199,-1.01049,nan,-4.07509,0,0.0306,1,1
124000,B_w5_K10000_c0.0_lr0.01_s1,0.8,0,0.2,3.52108,2.08674,0.193098,0.580952,0,0.00510985,1.57747,0.00323927,4.72676,0.438331,2.28138,1,0.8,0.492963,-3.58225,-3.56315,0.1022,-3.72767,-1.40391,nan,-3.1346,0.0005,0.0323,1,1
125000,B_w5_K10000_c0.0_lr0.01_s0,0.8,0,0.8,1.32247,1.00606,0.196204,0.533333,0,0.00467833,0.535932,0.00872933,4.46984,0.637069,1.56969,1,0.8,0.789251,-2.58922,-3.81175,0.521443,-4.13199,-0.912918,nan,-4.07509,0,0.0367,1,1
125000,B_w5_K10000_c0.0_lr0.01_s1,0.8,0,0.2,3.48959,1.81754,0.177044,0.561905,0,0.000446564,0.210417,0.00212228,4.74623,0.429625,2.32761,1,0.8,0.464765,-3.57666,-3.57929,0.107759,-3.7348,-1.39799,nan,-3.1346,0.0005,0.0301,1,1
126000,B_w5_K10000_c0.0_lr0.01_s0,0.8,0,0.8,1.22071,1.00277,0.1925,0.52381,0,0.00640083,1.34923,0.00474407,4.39716,0.663047,1.50819,1,0.8,0.675726,-2.28356,-3.81405,0.638804,-4.13199,-0.753541,nan,-4.07509,0,0.0456,1,1
126000,B_w5_K10000_c0.0_lr0.01_s1,0.8,0,0.2,3.73955,2.30116,0.174486,0.542857,0,0.00189301,0.763406,0.00247969,4.77619,0.417471,2.39538,1,0.8,0.467535,-3.64177,-3.56049,0.142234,-3.74402,-1.45844,nan,-3.1346,0.0005,0.0304,1,1
127000,B_w5_K10000_c0.0_lr0.01_s0,0.8,0,0.8,1.2274,1.0027,0.194564,0.552381,0,0.00788832,1.99764,0.00394882,4.37921,0.668927,1.49493,1,0.8,0.625977,-2.12306,-3.81206,0.699705,-4.13199,-0.672502,nan,-4.07509,0,0.0535,1,1
127000,B_w5_K10000_c0.0_lr0.01_s1,0.8,0,0.2,3.30184,1.53841,0.16149,0.561905,0,0.00963019,1.69317,0.00568767,4.73162,0.448498,2.22966,1,0.8,0.608968,-3.47603,-3.56524,0.147928,-3.75594,-1.21301,nan,-3.14694,0.0005,0.0379,1,1
128000,B_w5_K10000_c0.0_lr0.01_s0,0.8,0,0.8,1.32456,1.00568,0.200134,0.552381,0,0.00611557,0.532239,0.0114903,4.50927,0.60963,1.64034,1,0.8,0.77058,-2.26902,-3.81158,0.643267,-4.13199,-0.840088,nan,-4.07509,0,0.0407,1,1
128000,B_w5_K10000_c0.0_lr0.01_s1,0.6,0,0.2,3.42418,1.95808,0.150372,0.542857,0,0.00193402,0.606918,0.00318662,4.76246,0.426525,2.34453,1.53837,0.6,0.460445,-3.40218,-3.66629,0.179287,-3.76088,-1.42818,nan,-3.14694,0.0005,0.0374,1,0.75
129000,B_w5_K10000_c0.0_lr0.01_s0,0.8,0,0.8,1.23425,1.0031,0.193016,0.542857,0,0.0262201,5.2061,0.00503642,4.39716,0.649847,1.53882,1,0.8,0.700082,-1.96126,-3.81737,0.763742,-4.13199,-0.664261,nan,-4.07509,0,0.0535,1,1
129000,B_w5_K10000_c0.0_lr0.01_s1,0.8,0,0.2,3.50594,1.87777,0.125918,0.533333,0,0.00158698,0.970842,0.00163464,4.80193,0.384417,2.60134,1,0.8,0.443332,-3.5999,-3.60126,0.121557,-3.76825,-1.40204,nan,-3.16053,0.0005,0.0324,1,1
130000,B_w5_K10000_c0.0_lr0.01_s0,0.8,0,0.8,1.16482,1.00239,0.193214,0.552381,0,0.00964126,1.54027,0.00625948,4.39672,0.663252,1.50772,1,0.8,0.636547,-1.81919,-3.82392,0.821951,-4.13199,-0.606241,nan,-4.07509,0,0.0534,1,1
130000,B_w5_K10000_c0.0_lr0.01_s1,0.6,0,0.2,3.46971,2.39863,0.0988618,0.52381,0,0.00560398,2.37394,0.00236063,4.77352,0.3306,3.0248,1.97787,0.6,0.394142,-3.40004,-3.63951,0.185677,-3.7697,-1.30666,nan,-3.16053,0.0005,0.0474,1,0.75
131000,B_w5_K10000_c0.0_lr0.01_s0,0.8,0,0.8,1.20899,1.00411,0.173158,0.542857,0,0.0129538,2.16906,0.00597205,4.53654,0.604017,1.65558,1,0.8,0.627441,-2.14281,-3.82418,0.696297,-4.13199,-0.796897,nan,-4.07509,0,0.0428,1,1
131000,B_w5_K10000_c0.0_lr0.01_s1,0.6,0,0.2,3.59054,2.5638,0.0967101,0.514286,0,0.00193567,0.841583,0.00230004,4.78572,0.328911,3.04033,1.75514,0.6,0.52698,-3.45182,-3.62999,0.130077,-3.78558,-1.40928,nan,-3.1847,0.0005,0.0437,1,1
132000,B_w5_K10000_c0.0_lr0.01_s0,0.8,0,0.8,1.31742,1.01126,0.192762,0.542857,0,0.00533803,0.75705,0.00705109,4.64228,0.54225,1.84417,1,0.8,0.599491,-2.39433,-3.82432,0.599709,-4.13199,-1.07183,nan,-4.07509,0,0.0286,1,1
132000,B_w5_K10000_c0.0_lr0.01_s1,0.6,0,0.2,3.69218,3.151,0.105687,0.504762,0,0.000537453,0.294974,0.00182204,4.80913,0.328817,3.04121,1.8573,0.6,0.576324,-3.53584,-3.649,0.136563,-3.81839,-1.56223,nan,-3.1847,0.0005,0.0331,1,1
133000,B_w5_K10000_c0.0_lr0.01_s0,0.8,0,0.8,1.29649,1.0077,0.178144,0.542857,0,0.00490347,1.03709,0.00472813,4.64807,0.53626,1.86477,1,0.8,0.540262,-2.24253,-3.82282,0.657214,-4.13199,-0.979574,nan,-4.07509,0,0.033,1,1
133000,B_w5_K10000_c0.0_lr0.01_s1,0.6,0,0.2,3.65666,2.87549,0.107611,0.533333,0,0.00546279,1.82279,0.00299695,4.79393,0.340259,2.93893,1.90684,0.6,0.537228,-3.61105,-3.5976,0.122901,-3.811,-1.5351,nan,-3.1847,0.0005,0.0352,1,0.666667
134000,B_w5_K10000_c0.0_lr0.01_s0,0.8,0,0.8,1.26752,1.00597,0.172053,0.552381,0,0.026064,5.58955,0.004663,4.63931,0.543918,1.83851,1,0.8,0.527038,-2.30478,-3.82344,0.633488,-4.13199,-0.976109,nan,-4.07509,0,0.0349,1,1
134000,B_w5_K10000_c0.0_lr0.01_s1,0.8,0,0.4,3.60089,3.00682,0.116663,0.514286,0,0.001304,0.809517,0.00161084,4.79524,0.34063,2.93574,1,0.8,0.531975,-3.67469,-3.64622,0.136408,-3.85524,-1.58574,nan,-3.18634,0.0005,0.029,1,1
135000,B_w5_K10000_c0.0_lr0.01_s0,0.8,0,0.8,1.26395,1.00587,0.165279,0.542857,0,0.008149,1.58705,0.00513469,4.61435,0.542267,1.84411,1,0.8,0.468799,-2.3098,-3.82318,0.631515,-4.13199,-0.980458,nan,-4.07509,0,0.0357,1,1
135000,B_w5_K10000_c0.0_lr0.01_s1,0.8,0,0.4,3.3457,2.01989,0.10991,0.495238,0,0.00277197,1.3298,0.0020845,4.78157,0.358339,2.79065,1,0.8,0.504185,-3.63034,-3.66626,0.12691,-3.85594,-1.41905,nan,-3.19598,0,0.032,1,1
136000,B_w5_K10000_c0.0_lr0.01_s0,0.8,0,0.8,1.25116,1.00567,0.148606,0.552381,0,0.011518,1.20108,0.00958977,4.58521,0.558022,1.79204,1,0.8,0.459562,-2.38862,-3.82493,0.602166,-4.13199,-0.975697,nan,-4.07509,0,0.0335,1,1
136000,B_w5_K10000_c0.0_lr0.01_s1,0.8,0,0.4,3.17966,1.76028,0.129592,0.495238,0,0.00507449,2.82113,0.00179875,4.74187,0.389586,2.56683,1,0.8,0.499176,-3.57944,-3.68721,0.131468,-3.86958,-1.3592,nan,-3.19598,0,0.0325,1,1
137000,B_w5_K10000_c0.0_lr0.01_s0,0.8,0,0.8,1.19095,1.00304,0.142728,0.542857,0,0.0276061,4.30314,0.00641535,4.50486,0.607667,1.64564,1,0.8,0.4696,-2.14303,-3.82431,0.696387,-4.13199,-0.767916,nan,-4.07509,0,0.0458,1,1
137000,B_w5_K10000_c0.0_lr0.01_s1,0.8,0,0.4,2.9306,1.5182,0.124527,0.495238,0,0.00202717,0.59931,0.0033825,4.72174,0.419088,2.38614,1,0.8,0.498159,-3.51053,-3.6998,0.137906,-3.87033,-1.27181,nan,-3.19598,0,0.0331,1,1
138000,B_w5_K10000_c0.0_lr0.01_s0,0.8,0,0.8,1.1908,1.00346,0.13697,0.542857,0,0.002408,0.238603,0.0100921,4.57247,0.577393,1.73192,1,0.8,0.522454,-2.3097,-3.82537,0.632465,-4.13199,-0.878528,nan,-4.07509,0,0.0408,1,1
138000,B_w5_K10000_c0.0_lr0.01_s1,0.6,0,0.4,3.11258,2.17474,0.119965,0.495238,0,0.00534495,2.03245,0.00262981,4.73248,0.36596,2.73254,1.9638,0.6,0.555884,-3.68244,-3.68045,0.110666,-3.87369,-1.48667,nan,-3.18608,0.0005,0.0323,1,0.75
139000,B_w5_K10000_c0.0_lr0.01_s0,0.8,0,0.8,1.20876,1.00257,0.117493,0.561905,0,0.00759394,0.796878,0.00952961,4.52672,0.603421,1.65722,1,0.8,0.446937,-2.25733,-3.82015,0.65046,-4.13199,-0.788418,nan,-4.07509,0,0.046,1,1
139000,B_w5_K10000_c0.0_lr0.01_s1,0.6,0,0.4,3.13105,2.05703,0.123293,0.495238,0,0.00211626,0.776097,0.00272679,4.73574,0.358409,2.7901,1.85342,0.6,0.485736,-3.684,-3.67852,0.112288,-3.87598,-1.51202,nan,-3.19344,0.0005,0.0304,1,1
140000,B_w5_K10000_c0.0_lr0.01_s0,0.8,0,0.8,1.26216,1.00356,0.128853,0.52381,0,0.00736582,1.6207,0.00454483,4.54455,0.593943,1.68366,1,0.8,0.476038,-2.44986,-3.81852,0.575988,-4.13199,-0.892706,nan,-4.07509,0,0.0405,1,1
140000,B_w5_K10000_c0.0_lr0.01_s1,0.6,0,0.4,2.80105,1.57379,0.161754,0.514286,0,0.0059035,0.982474,0.00600881,4.55527,0.439411,2.27577,1.63487,0.6,0.464057,-3.54086,-3.67376,0.170524,-3.88033,-1.27862,nan,-3.19344,0.0005,0.0473,1,1
141000,B_w5_K10000_c0.0_lr0.01_s0,0.8,0,0.8,1.33158,1.00613,0.129452,0.542857,0,0.000279571,0.0469985,0.00594849,4.63455,0.548559,1.82296,1,0.8,1.32102,-2.58723,-3.81735,0.523694,-4.13199,-1.02458,nan,-4.07509,0,0.0329,1,1
141000,B_w5_K10000_c0.0_lr0.01_s1,0.6,0,0.4,3.01641,2.00588,0.16223,0.504762,0,0.000452979,0.149961,0.00302066,4.6204,0.394263,2.53638,1.74238,0.6,0.77298,-3.65474,-3.6813,0.118436,-3.87872,-1.40353,nan,-3.19344,0.0005,0.037,1,1
142000,B_w5_K10000_c0.0_lr0.01_s0,0.8,0,0.8,1.31753,1.00573,0.132005,0.580952,0,0.000443035,0.033124,0.013375,4.62052,0.552948,1.80849,1,0.8,1.0927,-2.53618,-3.81774,0.543178,-4.13199,-0.995508,nan,-4.07509,0,0.034,1,1
142000,B_w5_K10000_c0.0_lr0.01_s1,0.6,0,0.4,3.07876,2.10112,0.154691,0.504762,0,0.00454564,1.50862,0.00301312,4.65122,0.387829,2.57846,1.73068,0.6,0.655325,-3.70602,-3.68302,0.118675,-3.88862,-1.46173,nan,-3.19028,0.0005,0.0339,1,1
143000,B_w5_K10000_c0.0_lr0.01_s0,0.8,0,0.8,1.22254,1.00234,0.133609,0.571429,0,0.0281402,3.3545,0.00838879,4.50031,0.618644,1.61644,1,0.8,1.04757,-2.22447,-3.81642,0.661915,-4.13199,-0.755332,nan,-4.07509,0,0.0488,1,1
143000,B_w5_K10000_c0.0_lr0.01_s1,1,0,0.4,3.2719,2.29159,0.152361,0.495238,0,0.000920167,0.263959,0.00348602,4.71669,0.362947,2.75522,nan,1,0.652278,nan,-3.75615,0.13936,-3.89386,nan,nan,-3.19837,0,0.0226,1,1
144000,B_w5_K10000_c0.0_lr0.01_s0,0.8,0,0.8,1.21193,1.00208,0.11452,0.552381,0,0.015172,2.84307,0.00533649,4.44808,0.642944,1.55534,1,0.8,0.711926,-2.27777,-3.81616,0.641359,-4.13199,-0.719794,nan,-4.07509,0,0.0494,1,1
144000,B_w5_K10000_c0.0_lr0.01_s1,0.8,0,0.4,2.77284,1.38657,0.156948,0.52381,0,0.0157274,3.79632,0.0041428,4.64492,0.434312,2.30249,1,0.8,0.716817,-3.69748,-3.74177,0.134419,-3.89399,-1.32481,nan,-3.19837,0,0.03,1,0.8
145000,B_w5_K10000_c0.0_lr0.01_s0,0.8,0,0.8,1.14529,1.00095,0.113725,0.552381,0,0.0202466,5.21984,0.00387877,4.29071,0.703363,1.42174,1,0.8,0.571451,-1.65311,-3.81781,0.884589,-4.13199,-0.455412,nan,-4.07509,0,0.0653,1,1
145000,B_w5_K10000_c0.0_lr0.01_s1,0.8,0,0.4,2.6582,1.30876,0.165547,0.533333,0,0.0022965,0.533996,0.00430059,4.63491,0.45628,2.19163,1,0.8,0.645561,-3.71349,-3.75002,0.135304,-3.89381,-1.30091,nan,-3.19837,0,0.0285,1,1
146000,B_w5_K10000_c0.0_lr0.01_s0,0.8,0,0.8,1.44306,1.01282,0.153037,0.52381,0,0.0148781,3.23379,0.00460083,4.68658,0.506854,1.97295,1,0.8,0.924583,-2.64358,-3.81607,0.503121,-4.13199,-1.18402,nan,-4.07509,0,0.0231,1,1
146000,B_w5_K10000_c0.0_lr0.01_s1,0.8,0,0.4,2.14368,1.07236,0.166088,0.552381,0,0.00417614,1.58132,0.00264092,4.56356,0.523636,1.90972,1,0.8,0.527095,-3.42978,-3.76919,0.205274,-3.98033,-1.05506,nan,-3.19837,0,0.0362,1,1
147000,B_w5_K10000_c0.0_lr0.01_s0,0.8,0,0.8,1.44154,1.01085,0.137374,0.542857,0,0.0450497,9.90287,0.00454915,4.56522,0.567569,1.7619,1,0.8,0.82588,-2.3259,-3.80034,0.617968,-4.13199,-0.837849,nan,-4.07509,0,0.042,1,1
147000,B_w5_K10000_c0.0_lr0.01_s1,0.8,0,0.4,1.92865,1.04149,0.165867,0.504762,0,0.00666537,3.24051,0.00205689,4.53621,0.545763,1.8323,1,0.8,0.513554,-3.34186,-3.77962,0.242806,-4.01236,-0.992334,nan,-3.19837,0,0.0398,1,1
148000,B_w5_K10000_c0.0_lr0.01_s0,0.8,0,0.8,1.4109,1.00922,0.151021,0.52381,0,0.0279902,1.69422,0.016521,4.47089,0.613472,1.63007,1,0.8,0.774321,-2.25099,-3.79568,0.64466,-4.13199,-0.737797,nan,-4.07509,0,0.0494,1,1
148000,B_w5_K10000_c0.0_lr0.01_s1,0.8,0,0.4,1.58189,1.01255,0.159076,0.514286,0,0.0049962,0.68548,0.0072886,4.44757,0.610201,1.6388,1,0.8,0.47498,-2.90573,-3.80097,0.401524,-4.06586,-0.786536,nan,-3.19837,0,0.0479,1,1
149000,B_w5_K10000_c0.0_lr0.01_s0,0.8,0,0.8,1.3327,1.00579,0.128166,0.542857,0,0.0252186,1.87951,0.0134176,4.4584,0.625352,1.5991,1,0.8,0.728258,-2.36399,-3.80431,0.60359,-4.13199,-0.761629,nan,-4.07509,0,0.0485,1,1
149000,B_w5_K10000_c0.0_lr0.01_s1,0.8,0,0.6,1.66322,1.01635,0.163271,0.504762,0,0.00544158,0.776117,0.00701129,4.50512,0.576111,1.73578,1,0.8,0.491438,-3.06698,-3.80792,0.350646,-4.08771,-0.911902,nan,-3.19837,0,0.0386,1,1
150000,B_w5_K10000_c0.0_lr0.01_s0,0.8,0,0.8,1.38373,1.00825,0.115065,0.6,0,0.0178058,2.45368,0.00725676,4.38399,0.658573,1.51843,1,0.8,0.595096,-1.97746,-3.79252,0.749679,-4.13199,-0.582934,nan,-4.07509,0,0.0607,1,1
150000,B_w5_K10000_c0.0_lr0.01_s1,0.8,0,0.6,1.76894,1.0264,0.135514,0.504762,0,0.0128129,1.15628,0.0110812,4.56922,0.538577,1.85674,1,0.8,0.522096,-3.08248,-3.79922,0.34598,-4.08976,-0.944596,nan,-3.19837,0,0.0379,1,1
151000,B_w5_K10000_c0.0_lr0.01_s0,0.8,0,0.8,1.60395,1.02913,0.131177,0.552381,0,0.00155913,0.332812,0.00468472,4.62572,0.543692,1.83928,1,0.8,0.502036,-2.52351,-3.80468,0.545232,-4.13199,-1.01073,nan,-4.07509,0,0.0346,1,1
151000,B_w5_K10000_c0.0_lr0.01_s1,0.8,0,0.4,2.11081,1.06998,0.143436,0.485714,0,0.0391215,6.95485,0.00562506,4.65739,0.471082,2.12277,1,0.8,0.928883,-3.30253,-3.78562,0.270437,-4.05997,-1.14367,nan,-3.18118,0.0005,0.0338,1,1
152000,B_w5_K10000_c0.0_lr0.01_s0,0.8,0,0.8,1.80593,1.0699,0.142685,0.533333,0,0.00160158,0.388586,0.00412154,4.70135,0.484335,2.06469,1,0.8,0.491041,-2.63221,-3.79946,0.504044,-4.13199,-1.16187,nan,-4.07509,0,0.029,1,1
152000,B_w5_K10000_c0.0_lr0.01_s1,0.8,0,0.4,1.95027,1.04956,0.146731,0.504762,0,1.50201,131.767,0.011399,4.56373,0.542616,1.84292,1,0.8,1.56926,-3.24919,-3.78088,0.283879,-4.0508,-0.975605,nan,-3.18118,0.0005,0.0408,1,1
153000,B_w5_K10000_c0.0_lr0.01_s0,0.8,0,0.6,2.16174,1.34879,0.14321,0.542857,0,0.000732301,0.417457,0.0017542,4.72124,0.446929,2.23749,1,0.8,0.504586,-2.74579,-3.77951,0.463443,-4.13199,-1.31681,nan,-4.07509,0,0.0247,1,1
153000,B_w5_K10000_c0.0_lr0.01_s1,0.8,0,0.4,1.89267,1.03877,0.182642,0.514286,0,0.0446055,4.21568,0.0105809,4.52141,0.573388,1.74402,1,0.8,0.780003,-3.17574,-3.78266,0.297177,-4.01874,-0.958149,nan,-3.18118,0.0005,0.0431,1,1
154000,B_w5_K10000_c0.0_lr0.01_s0,0.8,0,0.8,2.12267,1.188,0.140768,0.533333,0,0.000175234,0.0654282,0.00267826,4.76509,0.427309,2.34023,1,0.8,0.518135,-2.82936,-3.80661,0.432407,-4.13199,-1.46101,nan,-4.07509,0,0.017,1,1
154000,B_w5_K10000_c0.0_lr0.01_s1,0.8,0,0.4,1.98962,1.05804,0.158196,0.514286,0,0.0138856,1.4164,0.0098034,4.59131,0.528614,1.89174,1,0.8,0.764097,-3.10696,-3.78378,0.319758,-4.00777,-0.994697,nan,-3.18118,0.0005,0.0394,1,1
155000,B_w5_K10000_c0.0_lr0.01_s0,0.8,0,0.8,2.2018,1.23225,0.140055,0.523809,0,0.000797968,0.180888,0.00441138,4.78121,0.411433,2.43053,1,0.8,0.564067,-2.86227,-3.80593,0.420392,-4.13199,-1.53105,nan,-4.07509,0,0.0147,1,1
155000,B_w5_K10000_c0.0_lr0.01_s1,0.8,0,0.4,1.96735,1.05899,0.155601,0.495238,0,0.0105668,1.62625,0.00649762,4.57305,0.544631,1.83611,1,0.8,0.721173,-3.02302,-3.77986,0.347175,-3.99894,-0.941145,nan,-3.18244,0.0005,0.0451,1,1
156000,B_w5_K10000_c0.0_lr0.01_s0,0.8,0,0.8,2.17463,1.1921,0.139497,0.514286,0,0.000183725,0.0902422,0.00203591,4.79749,0.399496,2.50315,1,0.8,0.49726,-2.89192,-3.81551,0.410726,-4.13199,-1.60165,nan,-4.07509,0,0.0126,1,1
156000,B_w5_K10000_c0.0_lr0.01_s1,0.8,0,0.4,1.88526,1.04284,0.184186,0.504762,0,0.0190099,1.37046,0.0138712,4.52977,0.567451,1.76227,1,0.8,0.725212,-3.02437,-3.79384,0.360771,-4.06061,-0.953151,nan,-3.18244,0.0005,0.0422,1,1
157000,B_w5_K10000_c0.0_lr0.01_s0,0.8,0,0.8,2.26639,1.2524,0.138958,0.52381,0,0.000204601,0.0804037,0.00254467,4.80833,0.388912,2.57128,1,0.8,0.516045,-2.9216,-3.8158,0.400155,-4.13199,-1.66622,nan,-4.07509,0,0.0122,1,1
157000,B_w5_K10000_c0.0_lr0.01_s1,0.8,0,0.6,1.74473,1.02979,0.199936,0.52381,0,0.00252504,0.494919,0.00510192,4.44242,0.624917,1.60021,1,0.8,1.01831,-2.53804,-3.78346,0.53456,-4.06638,-0.708885,nan,-3.18244,0.0005,0.0573,1,1
158000,B_w5_K10000_c0.0_lr0.01_s0,1,0,0.8,2.36507,1.29838,0.148705,0.52381,0,0.00249888,0.512591,0.00487501,4.8001,0.387407,2.58126,nan,1,0.547145,nan,-3.64009,0.391577,-4.13199,nan,nan,-4.07509,0,0.0114,1,1
158000,B_w5_K10000_c0.0_lr0.01_s1,0.8,0,0.6,1.92872,1.05975,0.211736,0.514286,0,0.0285439,4.40863,0.00647454,4.50601,0.585176,1.70889,1,0.8,0.669322,-2.41156,-3.7603,0.577642,-4.07468,-0.70434,nan,-3.18866,0.0005,0.0592,1,1
159000,B_w5_K10000_c0.0_lr0.01_s0,1,0,0.8,2.57824,1.55556,0.148594,0.533333,0,1.92574e-05,0.0175842,0.00109516,4.83156,0.358097,2.79254,nan,1,0.496257,nan,-3.6592,0.367616,-4.13199,nan,nan,-4.07509,0,0.0079,1,1
159000,B_w5_K10000_c0.0_lr0.01_s1,0.6,0,0.6,2.23601,1.17374,0.224398,0.542857,0,0.0271698,2.99147,0.0090824,4.58273,0.542932,1.84185,1.3798,0.6,0.644175,-3.02965,-3.83107,0.512661,-4.0856,-1.21707,nan,-3.18866,0.0005,0.0567,1,0.75
160000,B_w5_K10000_c0.0_lr0.01_s0,1,0,0.8,2.49322,1.42342,0.144512,0.542857,0,0.000164707,0.0779917,0.00211185,4.83193,0.359984,2.7779,nan,1,0.52419,nan,-3.65598,0.374394,-4.13199,nan,nan,-4.07509,0,0.0089,1,1
160000,B_w5_K10000_c0.0_lr0.01_s1,0.6,0,0.4,2.2427,1.14075,0.198514,0.533333,0,0.0191902,1.73832,0.0110395,4.58263,0.542095,1.84469,1.3448,0.6,0.865597,-3.0279,-3.81968,0.522996,-4.0578,-1.2117,nan,-3.18866,0.0005,0.06,1,1
161000,B_w5_K10000_c0.0_lr0.01_s0,1,0,0.8,2.39266,1.34144,0.153465,0.542857,0,0.000607822,0.281792,0.00215699,4.80011,0.38574,2.59242,nan,1,1.13446,nan,-3.64842,0.386384,-4.13199,nan,nan,-4.07509,0,0.0106,1,1
161000,B_w5_K10000_c0.0_lr0.01_s1,0.8,0,0.4,2.49974,1.23468,0.171857,0.514286,0,0.00450852,0.950868,0.00474148,4.68092,0.459599,2.17581,1,0.8,0.706313,-2.85567,-3.75594,0.407646,-4.02219,-1.06365,nan,-3.18866,0.0005,0.0448,1,1
162000,B_w5_K10000_c0.0_lr0.01_s0,1,0,0.8,2.32679,1.30857,0.153,0.542857,0,0.000210082,0.120906,0.00173756,4.81065,0.383355,2.60855,nan,1,1.11254,nan,-3.652,0.386443,-4.13199,nan,nan,-4.07509,0,0.0101,1,1
162000,B_w5_K10000_c0.0_lr0.01_s1,0.8,0,0.4,2.67308,1.35712,0.183252,0.495238,0,0.00544528,2.51227,0.00216747,4.62453,0.427318,2.34018,1,0.8,0.692777,-2.94252,-3.74154,0.364551,-3.93993,-1.08828,nan,-3.1907,0,0.0442,1,1
163000,B_w5_K10000_c0.0_lr0.01_s0,0.8,0,0.8,2.04454,1.14756,0.14331,0.533333,0,0.00293866,1.14306,0.00257087,4.79457,0.409776,2.44036,1,0.8,1.16048,-2.91401,-3.82479,0.40523,-4.13199,-1.6123,nan,-4.07509,0,0.0135,1,0.8
163000,B_w5_K10000_c0.0_lr0.01_s1,0.6,0,0.4,2.93588,1.75563,0.170122,0.504762,0,0.00768782,3.48233,0.00220767,4.6169,0.385004,2.59738,1.76201,0.6,0.650015,-3.25189,-3.65753,0.35327,-3.89979,-1.17866,nan,-3.1907,0,0.0575,1,0.75
164000,B_w5_K10000_c0.0_lr0.01_s0,0.8,0,0.6,2.33068,1.71665,0.154297,0.533333,0,0.0101608,2.08804,0.00486621,4.76867,0.402126,2.48678,1,0.8,1.08546,-3.0131,-3.79866,0.371291,-4.13199,-1.70281,nan,-4.07509,0,0.0144,1,1
164000,B_w5_K10000_c0.0_lr0.01_s1,0.4,0,0.4,2.97184,1.83811,0.17279,0.476191,0,0.010046,2.38832,0.00420628,4.62579,0.415196,2.4085,2.12154,0.4,0.60687,-3.33171,-3.73428,0.376486,-3.93742,-1.32491,nan,-3.1633,0.0005,0.0605,1,0.666667
165000,B_w5_K10000_c0.0_lr0.01_s0,0.8,0,0.6,1.70083,1.0696,0.149229,0.552381,0,0.0184062,3.97491,0.00463061,4.62487,0.513522,1.94734,1,0.8,0.949048,-2.71114,-3.80919,0.478113,-4.13199,-1.08996,nan,-4.07509,0,0.0325,1,1
165000,B_w5_K10000_c0.0_lr0.01_s1,0.4,0,0.4,2.9912,2.2385,0.213422,0.504762,0,0.0236034,7.95641,0.00296659,4.48794,0.510685,1.95815,1.76565,0.4,0.570001,-3.2384,-3.74972,0.405089,-3.96832,-1.1911,nan,-3.1633,0.0005,0.0718,1,1
166000,B_w5_K10000_c0.0_lr0.01_s0,0.8,0,0.6,1.59256,1.04725,0.099411,0.52381,0,0.0477627,6.68595,0.00714374,4.53695,0.572919,1.74545,1,0.8,0.953297,-2.72583,-3.80235,0.472597,-4.13199,-0.915891,nan,-4.07509,0,0.0411,1,1
166000,B_w5_K10000_c0.0_lr0.01_s1,0.4,0,0.4,2.78232,1.68797,0.278056,0.457143,0,0.0124519,1.98513,0.00627255,4.36366,0.628815,1.59029,1.40936,0.4,0.635806,-3.31586,-3.75498,0.458543,-3.97884,-1.33358,nan,-3.1633,0.0005,0.0606,1,1
167000,B_w5_K10000_c0.0_lr0.01_s0,0.8,0,0.6,1.53147,1.03841,0.15296,0.52381,0,0.0109479,3.9333,0.00278339,4.4443,0.622373,1.60675,1,0.8,0.729994,-2.60943,-3.80645,0.51634,-4.13199,-0.83176,nan,-4.07509,0,0.0452,1,1
167000,B_w5_K10000_c0.0_lr0.01_s1,0.4,0,0.4,2.84421,2.23903,0.259062,0.466667,0,0.207842,13.9469,0.0149024,4.26983,0.647901,1.54345,1.40152,0.4,1.11246,-2.99269,-3.75425,0.540211,-3.97737,-1.03187,nan,-3.1633,0.0005,0.0937,1,1
168000,B_w5_K10000_c0.0_lr0.01_s0,0.6,0,0.6,1.74803,1.14294,0.15699,0.504762,0,0.0186659,6.96306,0.00268071,4.36884,0.631042,1.58468,1.2899,0.6,0.714895,-2.89324,-3.87651,0.610012,-4.13199,-1.14513,nan,-4.07509,0,0.0571,1,0.75
168000,B_w5_K10000_c0.0_lr0.01_s1,0.4,0,0.4,2.70182,2.11859,0.263822,0.466667,0,0.0210754,2.12,0.00994123,4.25159,0.690714,1.44778,1.3026,0.4,0.734547,-3.03427,-3.76101,0.517029,-3.99026,-1.13411,nan,-3.16952,0.0005,0.0839,1,1
169000,B_w5_K10000_c0.0_lr0.01_s0,0.6,0,0.6,1.73308,1.1464,0.162839,0.495238,0,0.28751,36.1229,0.00795921,4.29737,0.664715,1.5044,1.24551,0.6,0.992952,-2.72288,-3.87635,0.746455,-4.13199,-1.0171,nan,-4.07509,0,0.0714,1,1
169000,B_w5_K10000_c0.0_lr0.01_s1,0.4,0,0.4,2.7189,2.12314,0.264624,0.447619,0,0.0481039,5.63647,0.0085344,4.36091,0.638944,1.56508,1.41237,0.4,0.755819,-3.02001,-3.75836,0.511656,-3.98712,-1.1234,nan,-3.14464,0.0005,0.0866,1,1
170000,B_w5_K10000_c0.0_lr0.01_s0,0.6,0,0.6,2.00023,1.57268,0.1894,0.485714,0,0.0285262,3.32525,0.00857867,4.25937,0.70175,1.42501,1.17729,0.6,0.658736,-2.57211,-3.87606,0.770325,-4.13199,-0.878996,nan,-4.07509,0,0.079,1,1
170000,B_w5_K10000_c0.0_lr0.01_s1,0.4,0,0.4,2.85016,2.25906,0.258182,0.447619,0,0.0354376,4.28617,0.00826791,4.32424,0.629912,1.58752,1.43103,0.4,0.663735,-3.04592,-3.76004,0.458647,-3.98993,-1.134,nan,-3.15021,0.0005,0.0784,1,1
171000,B_w5_K10000_c0.0_lr0.01_s0,0.6,0,0.6,2.11416,1.92345,0.205852,0.476191,0,0.00749339,1.04047,0.0072019,4.39835,0.650832,1.53649,1.21849,0.6,0.584016,-2.75812,-3.87485,0.647318,-4.13199,-1.04617,nan,-4.07509,0,0.0603,1,1
171000,B_w5_K10000_c0.0_lr0.01_s1,0.4,0,0.4,2.88016,2.33735,0.246344,0.457143,0,0.00100824,0.171485,0.00587948,4.46194,0.580108,1.72382,1.52906,0.4,0.578979,-3.20568,-3.76372,0.39344,-3.9973,-1.31865,nan,-3.15021,0.0005,0.0597,1,1
172000,B_w5_K10000_c0.0_lr0.01_s0,0.6,0,0.6,2.15134,1.95754,0.199326,0.476191,0,0.00511361,1.12242,0.00455588,4.46072,0.630254,1.58666,1.20531,0.6,0.561077,-2.86702,-3.87398,0.597297,-4.13199,-1.18754,nan,-4.07509,0,0.0483,1,1
172000,B_w5_K10000_c0.0_lr0.01_s1,0.6,0,0.4,2.9056,2.31577,0.245402,0.447619,0,0.00684307,1.60065,0.00427517,4.52077,0.550815,1.81549,1.21377,0.6,0.52907,-3.19564,-3.69712,0.35883,-3.99526,-1.31451,nan,-3.15021,0.0005,0.0472,1,1
173000,B_w5_K10000_c0.0_lr0.01_s0,0.6,0,0.6,2.12504,1.72675,0.208542,0.476191,0,0.0031363,0.802926,0.00390609,4.42609,0.655015,1.52668,1.14059,0.6,0.504682,-2.94084,-3.87335,0.528217,-4.13199,-1.2942,nan,-4.07509,0,0.0418,1,1
173000,B_w5_K10000_c0.0_lr0.01_s1,0.6,0,0.4,2.88263,2.26802,0.237238,0.447619,0,0.0153852,2.68037,0.00573996,4.54011,0.529272,1.88939,1.27686,0.6,0.558463,-3.19622,-3.69971,0.343107,-3.99526,-1.31921,nan,-3.15021,0.0005,0.0439,1,1
174000,B_w5_K10000_c0.0_lr0.01_s0,0.6,0,0.6,2.16458,1.8886,0.213105,0.476191,0,0.00119511,0.188212,0.00634983,4.4727,0.635899,1.57258,1.15224,0.6,0.531076,-2.97339,-3.87385,0.527793,-4.13199,-1.35219,nan,-4.07509,0,0.0369,1,1
174000,B_w5_K10000_c0.0_lr0.01_s1,0.6,0,0.4,2.77864,1.88797,0.241644,0.466667,0,0.0414112,7.83931,0.00528251,4.47191,0.504979,1.98028,1.32852,0.6,0.557395,-3.19304,-3.70066,0.36577,-3.99399,-1.29265,nan,-3.15021,0.0005,0.0467,1,1
175000,B_w5_K10000_c0.0_lr0.01_s0,0.6,0,0.6,2.09947,1.58353,0.203895,0.485714,0,0.0108721,4.63754,0.00234437,4.47629,0.63232,1.58148,1.16093,0.6,0.612288,-2.99753,-3.87428,0.505199,-4.13199,-1.38487,nan,-4.07509,0,0.0347,1,1
175000,B_w5_K10000_c0.0_lr0.01_s1,0.6,0,0.4,2.81211,2.03828,0.24338,0.466667,0,0.00530605,1.85894,0.00285434,4.50698,0.47174,2.11981,1.40541,0.6,0.493805,-3.24027,-3.70415,0.342298,-3.99689,-1.35631,nan,-3.24497,0,0.0427,1,1
176000,B_w5_K10000_c0.0_lr0.01_s0,0.6,0,0.6,2.07791,1.52714,0.17241,0.495238,0,0.0143397,1.9888,0.00721019,4.45537,0.620232,1.6123,1.18673,0.6,0.52097,-3.01871,-3.87399,0.481536,-4.13199,-1.34981,nan,-4.07509,0,0.0379,1,1
176000,B_w5_K10000_c0.0_lr0.01_s1,0.4,0,0.4,2.79203,1.78668,0.224121,0.495238,0,0.00377778,0.966257,0.00390971,4.54978,0.439655,2.27451,2.02279,0.4,0.471398,-3.38255,-3.77054,0.316578,-3.99943,-1.49321,nan,-3.27156,0,0.0437,1,0.666667
177000,B_w5_K10000_c0.0_lr0.01_s0,0.6,0,0.6,2.12077,1.72661,0.189621,0.495238,0,0.00877297,0.873291,0.0100459,4.42862,0.61679,1.6213,1.22499,0.6,0.541004,-3.01852,-3.87401,0.491216,-4.13199,-1.27009,nan,-4.07509,0,0.0435,1,1
177000,B_w5_K10000_c0.0_lr0.01_s1,0.4,0,0.4,2.87827,2.02116,0.219361,0.457143,0,0.00117735,0.180165,0.00653485,4.58486,0.40466,2.47121,2.13844,0.4,0.482083,-3.41275,-3.77244,0.291434,-3.99944,-1.54436,nan,-3.31927,0,0.0393,1,1
178000,B_w5_K10000_c0.0_lr0.01_s0,0.6,0,0.6,2.06969,1.62954,0.177755,0.485714,0,0.00492105,1.09496,0.00449428,4.34464,0.676888,1.47735,1.15812,0.6,0.563719,-2.93768,-3.87401,0.516783,-4.13199,-1.14068,nan,-4.07509,0,0.0512,1,1
178000,B_w5_K10000_c0.0_lr0.01_s1,0.6,0,0.4,2.61572,1.47808,0.213461,0.457143,0,0.0135065,4.30801,0.00313522,4.53447,0.477317,2.09504,1.33434,0.6,0.486751,-3.19735,-3.73159,0.363093,-4.00316,-1.33053,nan,-3.31927,0,0.0477,1,1
179000,B_w5_K10000_c0.0_lr0.01_s0,0.6,0,0.6,2.11753,1.83338,0.16645,0.485714,0,0.00644872,2.8348,0.00227484,4.39896,0.657519,1.52087,1.18274,0.6,0.418995,-2.93773,-3.87247,0.508679,-4.13199,-1.14797,nan,-4.07509,0,0.0511,1,1
179000,B_w5_K10000_c0.0_lr0.01_s1,0.6,0,0.4,2.70106,1.71732,0.208225,0.447619,0,0.0103783,3.30939,0.00313601,4.49325,0.520353,1.92177,1.29336,0.6,0.427906,-3.07468,-3.73228,0.403226,-4.00344,-1.16757,nan,-3.3105,0,0.0583,1,1
180000,B_w5_K10000_c0.0_lr0.01_s0,0.6,0,0.6,2.15869,1.98906,0.180127,0.47619,0,0.0588153,4.8406,0.0121504,4.38301,0.662402,1.50966,1.13895,0.6,0.686,-2.99595,-3.87247,0.501698,-4.13199,-1.2265,nan,-4.07509,0,0.0443,1,1
180000,B_w5_K10000_c0.0_lr0.01_s1,0.6,0,0.4,2.74131,1.78699,0.200621,0.447619,0,0.0046033,1.18607,0.00388114,4.56838,0.504711,1.98133,1.32252,0.6,0.418408,-3.15101,-3.73696,0.37311,-4.00344,-1.24566,nan,-3.3105,0,0.0512,1,1
181000,B_w5_K10000_c0.0_lr0.01_s0,0.6,0,0.6,2.17489,1.99484,0.158316,0.47619,0,8.86629e-05,0.0142643,0.00621574,4.51732,0.608089,1.6445,1.19879,0.6,0.661112,-3.08026,-3.87302,0.463322,-4.13199,-1.35391,nan,-4.07509,0,0.0359,1,1
181000,B_w5_K10000_c0.0_lr0.01_s1,0.6,0,0.4,2.72094,1.66753,0.182474,0.457143,0,0.01417,2.25083,0.00629547,4.63087,0.468135,2.13614,1.38548,0.6,0.655757,-3.23562,-3.74723,0.342425,-4.00087,-1.36242,nan,-3.32704,0,0.0437,1,1
182000,B_w5_K10000_c0.0_lr0.01_s0,0.6,0,0.6,2.16507,1.93431,0.15729,0.495238,0,0.00313006,0.483081,0.00647937,4.50458,0.618775,1.6161,1.18987,0.6,0.770755,-3.08058,-3.87302,0.45262,-4.13199,-1.34126,nan,-4.07509,0,0.0361,1,1
182000,B_w5_K10000_c0.0_lr0.01_s1,0.6,0,0.4,2.85411,1.96369,0.183062,0.447619,0,0.0212454,2.20559,0.00963255,4.65538,0.441669,2.26414,1.41037,0.6,0.699327,-3.3286,-3.74922,0.289484,-4.00087,-1.47044,nan,-3.32704,0,0.0377,1,1
183000,B_w5_K10000_c0.0_lr0.01_s0,0.6,0,0.6,2.12438,1.72539,0.152718,0.495238,0,0.0117545,4.5169,0.00260234,4.53743,0.588507,1.69921,1.26187,0.6,0.599855,-3.11755,-3.87357,0.428981,-4.13199,-1.36127,nan,-4.07509,0,0.0364,1,1
183000,B_w5_K10000_c0.0_lr0.01_s1,0.6,0,0.4,2.75995,1.74556,0.16558,0.466667,0,0.00814651,1.67705,0.00485764,4.59999,0.463036,2.15966,1.35053,0.6,0.773242,-3.24874,-3.73873,0.337027,-4.00087,-1.33397,nan,-3.32704,0,0.0495,1,1
184000,B_w5_K10000_c0.0_lr0.01_s0,0.6,0,0.6,2.11899,1.65272,0.164833,0.495238,0,0.000670212,0.23705,0.0028273,4.55057,0.588172,1.70018,1.24264,0.6,0.594474,-3.14714,-3.87379,0.412954,-4.13199,-1.42104,nan,-4.07509,0,0.0323,1,1
184000,B_w5_K10000_c0.0_lr0.01_s1,0.6,0,0.4,2.64282,1.63084,0.224088,0.466667,0,0.004975,1.35065,0.0036834,4.51994,0.523726,1.9094,1.4061,0.6,0.576374,-3.2734,-3.74262,0.372034,-4.00087,-1.28876,nan,-3.32704,0,0.051,1,0.666667
185000,B_w5_K10000_c0.0_lr0.01_s0,0.6,0,0.6,2.12352,1.76356,0.173499,0.485714,0,0.00379736,0.756641,0.0050187,4.54058,0.584254,1.71158,1.28325,0.6,0.590308,-3.12117,-3.87537,0.426979,-4.13199,-1.35535,nan,-4.07509,0,0.0336,1,1
185000,B_w5_K10000_c0.0_lr0.01_s1,0.6,0,0.4,2.53124,1.49672,0.23569,0.466667,0,0.0112649,0.989513,0.0113843,4.47342,0.572383,1.74708,1.27366,0.6,0.538663,-3.2304,-3.75502,0.407491,-4.00025,-1.29495,nan,-3.32488,0,0.0493,1,1
186000,B_w5_K10000_c0.0_lr0.01_s0,0.6,0,0.6,1.98701,1.36218,0.205493,0.495238,0,0.0417415,3.67425,0.0113606,4.45163,0.634949,1.57493,1.20802,0.6,0.745816,-3.09781,-3.87522,0.419306,-4.13199,-1.32695,nan,-4.07509,0,0.0374,1,1
186000,B_w5_K10000_c0.0_lr0.01_s1,0.6,0,0.4,2.55897,1.57828,0.272941,0.466667,0,0.0165063,1.84491,0.00894693,4.34864,0.623314,1.60433,1.21643,0.6,0.483004,-3.08219,-3.74271,0.471596,-3.99927,-1.15396,nan,-3.32488,0,0.0612,1,1
187000,B_w5_K10000_c0.0_lr0.01_s0,0.6,0,0.6,2.11991,1.96532,0.236916,0.495238,0,0.00937465,4.97938,0.00188269,4.30835,0.694865,1.43913,1.15201,0.6,0.491389,-2.99933,-3.87522,0.482488,-4.13199,-1.12803,nan,-4.07509,0,0.05,1,1
187000,B_w5_K10000_c0.0_lr0.01_s1,0.6,0,0.4,2.39831,1.2986,0.219912,0.476191,0,0.0554554,13.831,0.00400949,4.40489,0.609324,1.64116,1.29029,0.6,0.691561,-2.96996,-3.72185,0.585946,-3.99927,-1.11791,nan,-3.32488,0,0.0722,1,1
188000,B_w5_K10000_c0.0_lr0.01_s0,0.6,0,0.6,2.09797,1.85746,0.234186,0.504762,0,0.00827654,2.30815,0.00358579,4.27761,0.703378,1.42171,1.1459,0.6,0.443026,-2.95539,-3.87568,0.493876,-4.13199,-1.09976,nan,-4.07509,0,0.0531,1,1
188000,B_w5_K10000_c0.0_lr0.01_s1,0.6,0,0.4,2.35582,1.36392,0.245535,0.495238,0,0.0106039,1.69846,0.00624324,4.35763,0.633228,1.57921,1.23764,0.6,0.572859,-2.86708,-3.75412,0.637571,-3.99927,-1.07937,nan,-3.31404,0,0.0665,1,1
189000,B_w5_K10000_c0.0_lr0.01_s0,0.6,0,0.6,2.11055,1.98479,0.208525,0.476191,0,0.00627847,2.48562,0.00252592,4.25612,0.694936,1.43898,1.16964,0.6,0.437192,-2.92265,-3.87564,0.524994,-4.13199,-1.04962,nan,-4.07509,0,0.0574,1,1
189000,B_w5_K10000_c0.0_lr0.01_s1,0.6,0,0.4,2.48561,1.6364,0.25047,0.428571,0,0.0147873,2.67093,0.00553639,4.37332,0.610411,1.63824,1.32864,0.6,0.541857,-2.86132,-3.75037,0.611172,-3.992,-1.00575,nan,-3.31404,0,0.0741,1,1
190000,B_w5_K10000_c0.0_lr0.01_s0,0.6,0,0.6,2.09573,1.87879,0.224603,0.476191,0,0.0268791,2.21382,0.0121415,4.23521,0.669013,1.49474,1.20877,0.6,0.7725,-2.93876,-3.87975,0.520344,-4.14431,-1.06858,nan,-4.29995,0,0.0558,1,1
190000,B_w5_K10000_c0.0_lr0.01_s1,0.6,0,0.4,2.60257,1.75778,0.281289,0.438095,0,0.0434298,8.18875,0.0053036,4.33402,0.616415,1.62228,1.29363,0.6,0.464441,-2.88682,-3.73896,0.596838,-3.992,-1.0211,nan,-3.31404,0,0.0725,1,1
191000,B_w5_K10000_c0.0_lr0.01_s0,0.6,0,0.6,2.14439,1.99393,0.191655,0.485714,0,0.00019406,0.0440827,0.00440218,4.41444,0.577086,1.73284,1.35492,0.6,0.717608,-3.03373,-3.87945,0.468391,-4.14431,-1.19405,nan,-4.29995,0,0.0431,1,1
191000,B_w5_K10000_c0.0_lr0.01_s1,0.6,0,0.4,2.79224,2.21282,0.273472,0.438095,0,0.00303381,0.923502,0.00328512,4.39518,0.55999,1.78575,1.40437,0.6,0.874218,-3.10084,-3.75397,0.448102,-3.99329,-1.23941,nan,-3.31042,0,0.0486,1,1
192000,B_w5_K10000_c0.0_lr0.01_s0,0.6,0,0.6,2.14417,1.94905,0.208097,0.495238,0,0.00457282,1.01375,0.00451081,4.41685,0.564595,1.77118,1.37249,0.6,0.698868,-3.05688,-3.87928,0.462818,-4.14431,-1.22982,nan,-4.29995,0,0.0399,1,1
192000,B_w5_K10000_c0.0_lr0.01_s1,0.6,0,0.4,2.87325,2.31765,0.261104,0.457143,0,0.000971483,0.420314,0.00231133,4.46528,0.524352,1.90711,1.41938,0.6,0.883809,-3.10909,-3.74836,0.455042,-3.99428,-1.28107,nan,-3.31042,0,0.0481,1,1
193000,B_w5_K10000_c0.0_lr0.01_s0,0.6,0,0.6,2.1133,1.68769,0.222575,0.542857,0,0.00515524,0.587298,0.00877789,4.45284,0.535046,1.869,1.42133,0.6,0.743621,-3.1353,-3.87956,0.438975,-4.14431,-1.33713,nan,-4.29995,0,0.0353,1,1
193000,B_w5_K10000_c0.0_lr0.01_s1,0.4,0,0.4,3.02808,2.67476,0.245986,0.466667,0,0.00318552,1.63375,0.00194982,4.51041,0.523092,1.91171,1.65351,0.4,0.904829,-3.30069,-3.76876,0.438906,-3.99279,-1.39758,nan,-3.31042,0,0.0461,1,0.666667
194000,B_w5_K10000_c0.0_lr0.01_s0,0.6,0,0.6,1.93566,1.27997,0.209794,0.552381,0,0.0136416,1.98288,0.0068797,4.43702,0.48974,2.0419,1.61336,0.6,0.556078,-3.07185,-3.87746,0.494376,-4.14431,-1.27945,nan,-4.29995,0,0.0416,1,1
194000,B_w5_K10000_c0.0_lr0.01_s1,0.4,0,0.4,2.85853,1.99963,0.185391,0.495238,0,0.00987505,1.95131,0.00506072,4.55857,0.439414,2.27576,2.00323,0.4,0.799951,-3.27544,-3.77001,0.481225,-3.99529,-1.32762,nan,-3.31042,0,0.0566,1,1
195000,B_w5_K10000_c0.0_lr0.01_s0,0.8,0,0.6,1.7737,1.13372,0.217225,0.552381,0,0.010464,0.869332,0.0120369,4.38498,0.521577,1.91726,1,0.8,0.550306,-2.44625,-3.78418,0.577843,-4.14431,-0.851126,nan,-4.29995,0,0.0456,1,1
195000,B_w5_K10000_c0.0_lr0.01_s1,0.4,0,0.4,2.48173,1.36556,0.189315,0.495238,0,0.14348,14.0273,0.0102287,4.4312,0.431467,2.31768,2.06454,0.4,0.86858,-3.22918,-3.76979,0.584282,-3.99529,-1.2707,nan,-3.30468,0,0.0689,1,1
196000,B_w5_K10000_c0.0_lr0.01_s0,0.8,0,0.6,1.5466,1.04612,0.22371,0.542857,0,0.0304121,4.89241,0.00621618,4.30682,0.593258,1.68561,1,0.8,0.506544,-2.09518,-3.79404,0.710509,-4.14431,-0.646708,nan,-4.29995,0,0.0609,1,1
196000,B_w5_K10000_c0.0_lr0.01_s1,0.8,0,0.4,2.19348,1.16707,0.205643,0.485714,0,0.112978,10.0028,0.0112947,4.44484,0.466649,2.14294,1,0.8,0.880509,-2.09675,-3.76011,0.680841,-3.99526,-0.653015,nan,-3.27458,0,0.0694,1,1
197000,B_w5_K10000_c0.0_lr0.01_s0,0.8,0,0.6,1.51529,1.03863,0.221985,0.533333,0,0.0206182,2.1979,0.00938089,4.32895,0.598419,1.67107,1,0.8,0.513024,-2.08186,-3.80374,0.717143,-4.14431,-0.656045,nan,-4.29995,0,0.0606,1,1
197000,B_w5_K10000_c0.0_lr0.01_s1,0.8,0,0.4,2.00404,1.10089,0.245376,0.495238,0,0.0133906,2.378,0.00563104,4.40504,0.526482,1.8994,1,0.8,0.633385,-1.70815,-3.77114,0.837746,-3.99492,-0.516141,nan,-3.27458,0,0.0767,1,1
198000,B_w5_K10000_c0.0_lr0.01_s0,0.8,0,0.6,1.51796,1.03681,0.22811,0.523809,0,0.00680607,1.36657,0.0049804,4.37096,0.591192,1.6915,1,0.8,0.546245,-2.19915,-3.81371,0.673761,-4.14431,-0.744103,nan,-4.29995,0,0.0536,1,1
198000,B_w5_K10000_c0.0_lr0.01_s1,0.8,0,0.4,1.95046,1.09012,0.245331,0.504762,0,0.00917684,0.942428,0.00973744,4.44834,0.508972,1.96474,1,0.8,0.615315,-1.6385,-3.78697,0.872222,-3.99102,-0.532503,nan,-3.27458,0,0.0722,1,1
199000,B_w5_K10000_c0.0_lr0.01_s0,0.8,0,0.6,1.49868,1.0337,0.253202,0.533333,0,0.0106162,1.62352,0.00653898,4.29181,0.638281,1.56671,1,0.8,0.543338,-1.79279,-3.8057,0.828935,-4.14431,-0.589889,nan,-4.29995,0,0.0614,1,1
199000,B_w5_K10000_c0.0_lr0.01_s1,0.8,0,0.4,1.8756,1.07052,0.21424,0.495238,0,0.055015,4.19431,0.0131166,4.51556,0.455876,2.19358,1,0.8,1.02721,-1.65703,-3.81158,0.874891,-3.99428,-0.575052,nan,-3.27458,0,0.0692,1,1
200000,B_w5_K10000_c0.0_lr0.01_s0,0.8,0,0.6,1.66019,1.08707,0.250672,0.52381,0,0.00674494,3.75484,0.00179633,4.33849,0.57688,1.73346,1,0.8,0.411906,-1.81964,-3.78171,0.814923,-4.14431,-0.622157,nan,-4.29995,0,0.0644,1,1
200000,B_w5_K10000_c0.0_lr0.01_s1,0.6,0,0.4,2.12274,1.17824,0.198519,0.485714,0,0.0100417,1.42338,0.00705482,4.59089,0.465063,2.15024,1.50179,0.6,0.610469,-2.6948,-3.81145,0.870428,-3.99417,-1.08279,nan,-3.28126,0,0.0737,1,0.75
