width,seed,task,mode,n_features,nmse_v_only,mse_v_only,rank_v_only,nmse_v_plus_c,rank_v_plus_c
5,0,1,ideal_task_centered,5,0.5332054373909698,0.8451097899272891,5,0.5329604598114521,6
5,1,1,ideal_task_centered,5,0.9278979007877108,1.0357297857425327,5,0.837738644535863,6
5,2,1,ideal_task_centered,5,0.8027124758881085,0.903051535374122,5,0.6964299809892501,6
5,3,1,ideal_task_centered,5,0.7272752227013713,0.4879278105428146,5,0.4331424176020535,6
5,4,1,ideal_task_centered,5,0.7468906178464235,1.574743011650809,5,0.56765125593089,6
5,0,1,literal_t0_raw,5,0.40555503464273934,0.6427888879152012,3,0.3985778632436429,4
5,1,1,literal_t0_raw,5,0.926262131145445,1.033903921776605,5,0.8568138544059937,6
5,2,1,literal_t0_raw,5,1.0148883903188637,1.1417494391087217,4,0.9537920866992255,5
5,3,1,literal_t0_raw,5,0.9084660400560709,0.6094884467954303,5,0.603488074266829,6
5,4,1,literal_t0_raw,5,1.0249379676471186,2.1609776095216104,3,0.8768206840321302,4
5,0,2,ideal_task_centered,5,0.6047106123177777,0.5669161990479166,5,0.5458258244989987,6
5,1,2,ideal_task_centered,5,1.127564946312996,2.167038881195289,5,0.8454488881095195,6
5,2,2,ideal_task_centered,5,0.7365639265897368,1.2767587594695144,5,0.6738811227206999,6
5,3,2,ideal_task_centered,5,1.009073493974253,1.2455750941244685,5,0.8303989680998334,6
5,4,2,ideal_task_centered,5,1.5077545766413027,3.0140367367038543,5,0.7520999968759157,6
5,0,3,ideal_task_centered,5,0.5332054373909698,0.8451097899272891,5,0.5329604598114521,6
5,1,3,ideal_task_centered,5,1.1085089552571255,1.6357002259702311,5,0.5684086212803385,6
5,2,3,ideal_task_centered,5,0.9069038947891619,1.6402207159663358,5,0.8824598920528407,6
5,3,3,ideal_task_centered,5,0.7272752227013713,0.4879278105428146,5,0.4331424176020535,6
5,4,3,ideal_task_centered,5,1.4967477037617072,2.1925015191821884,5,0.7846237649938091,6
5,0,4,ideal_task_centered,5,1.023732363769439,1.662565352488845,5,0.9506440745043506,6
5,1,4,ideal_task_centered,5,0.9670746961646739,3.048551874237859,5,0.4256833555291577,6
5,2,4,ideal_task_centered,5,1.331925530946206,0.9104959684202579,5,0.6767166088630145,6
5,3,4,ideal_task_centered,5,1.1132836740982022,1.0045645652995496,5,0.8091681312528128,6
5,4,4,ideal_task_centered,5,0.7746018840100797,1.9841608806234756,5,0.7693213954649829,6
5,0,5,ideal_task_centered,5,1.8648990239114118,2.4167197311820736,5,0.8545173033844959,6
5,1,5,ideal_task_centered,5,1.0542385990453416,1.779027635889014,5,0.40319981644030745,6
5,2,5,ideal_task_centered,5,1.2750334815502653,1.4032839196358877,5,0.4447446702289479,6
5,3,5,ideal_task_centered,5,0.7005195305740142,1.245064009418658,5,0.5245185346000982,6
5,4,5,ideal_task_centered,5,0.9895292185424924,1.9635970430452585,5,0.7434778590328381,6
5,0,6,ideal_task_centered,5,0.6876407748871101,1.020716775223054,5,0.4016722554371147,6
5,1,6,ideal_task_centered,5,0.8905020740752503,1.2105262569460433,5,0.7159270978383212,6
5,2,6,ideal_task_centered,5,2.1590912777303037,1.2967198591837272,5,0.9277492061278907,6
5,3,6,ideal_task_centered,5,0.7070903668830615,0.4750763402495569,5,0.3556318432105525,6
5,4,6,ideal_task_centered,5,1.0088561829726221,2.191109522393664,5,0.6860717153271975,6
5,0,7,ideal_task_centered,5,0.8951587594287709,1.4791099813998831,5,0.5563179439300188,6
5,1,7,ideal_task_centered,5,1.0542385990453416,1.779027635889014,5,0.40319981644030745,6
5,2,7,ideal_task_centered,5,1.9129229121344973,1.7634758096239898,5,0.8809595011249761,6
5,3,7,ideal_task_centered,5,0.691626731486763,0.4322667071792269,5,0.3745401361851196,6
5,4,7,ideal_task_centered,5,0.538157453029907,1.4378894448142827,5,0.5380186118302593,6
5,0,8,ideal_task_centered,5,0.7926973726558654,0.8886880701259116,5,0.497776430596548,6
5,1,8,ideal_task_centered,5,1.0016584241009168,1.6893204086155111,5,0.4527434549083216,6
5,2,8,ideal_task_centered,5,1.9799581480865827,1.7924035188244747,5,0.8563514805259889,6
5,3,8,ideal_task_centered,5,1.2436169754942052,0.7335397003891602,5,0.7493049580382418,6
5,4,8,ideal_task_centered,5,0.63517797325097,1.8559106405926782,5,0.6096539368483204,6
5,0,9,ideal_task_centered,5,1.0763194441627433,1.912989637086126,5,0.6433648641879559,6
5,1,9,ideal_task_centered,5,0.988375570038616,3.3270806542217866,5,0.715475332336583,6
5,2,9,ideal_task_centered,5,0.7826537443811251,0.5923404803665742,5,0.5941931688619186,6
5,3,9,ideal_task_centered,5,1.2143274299546805,1.0198453025010012,5,0.7898595270242915,6
5,4,9,ideal_task_centered,5,1.300901518952479,1.1065285380933685,5,0.7042550398981837,6
5,0,10,ideal_task_centered,5,1.3032531603472126,0.7216255292156929,5,0.8779395937995392,6
5,1,10,ideal_task_centered,5,1.1012845457440297,4.171760500919034,5,0.8246024519144044,6
5,2,10,ideal_task_centered,5,0.7424409083909566,0.8787484189158588,5,0.5828976843507179,6
5,3,10,ideal_task_centered,5,0.7263708044557424,1.7584699455525248,5,0.7074484403825165,6
5,4,10,ideal_task_centered,5,0.7227033158688863,1.1962716019509396,5,0.5735761388756865,6
5,0,11,ideal_task_centered,5,0.9748314190592512,0.6968521472181366,5,0.7528744620207677,6
5,1,11,ideal_task_centered,5,0.9908446578503275,1.9265348767382833,5,0.7200718782773714,6
5,2,11,ideal_task_centered,5,1.970969023707281,3.154705302593978,5,0.7326824300307689,6
5,3,11,ideal_task_centered,5,0.8458262909146524,1.106842997876596,5,0.7002501542626098,6
5,4,11,ideal_task_centered,5,1.300901518952479,1.1065285380933685,5,0.7042550398981837,6
5,0,12,ideal_task_centered,5,0.8649555880498647,1.8380306246059626,5,0.46243758770264,6
5,1,12,ideal_task_centered,5,0.8147754774076592,2.0997973485144654,5,0.6644628398311501,6
5,2,12,ideal_task_centered,5,0.7424409083909566,0.8787484189158588,5,0.5828976843507179,6
5,3,12,ideal_task_centered,5,0.7263708044557424,1.7584699455525248,5,0.7074484403825165,6
5,4,12,ideal_task_centered,5,1.0044377455558298,1.646924780066639,5,0.8238391986150053,6
5,0,13,ideal_task_centered,5,0.9316475341492968,1.7431998783496607,5,0.5456687733440616,6
5,1,13,ideal_task_centered,5,0.8291671586077103,2.276970751957892,5,0.6698581174180461,6
5,2,13,ideal_task_centered,5,0.7826537443811251,0.5923404803665742,5,0.5941931688619186,6
5,3,13,ideal_task_centered,5,1.190720494170468,0.9488553937920917,5,0.9009940496957409,6
5,4,13,ideal_task_centered,5,1.044337245720673,1.818411434687461,5,0.8305948490987068,6
5,0,14,ideal_task_centered,5,1.7605643400987643,3.9612697652222195,5,0.4841971447229757,6
5,1,14,ideal_task_centered,5,1.4609683781536686,2.817785690286617,5,0.7812311973864408,6
5,2,14,ideal_task_centered,5,0.5292039986336995,0.47752392064212723,5,0.5131947017104825,6
5,3,14,ideal_task_centered,5,0.9600849882337487,1.1401009235275765,5,0.7458940829664261,6
5,4,14,ideal_task_centered,5,1.0044377455558298,1.646924780066639,5,0.8238391986150053,6
5,0,15,ideal_task_centered,5,1.2309817640873968,1.7971852903424397,5,0.4755954809964254,6
5,1,15,ideal_task_centered,5,0.8291671586077103,2.276970751957892,5,0.6698581174180461,6
5,2,15,ideal_task_centered,5,1.023837507494201,1.115822908558133,5,0.8743161110962148,6
5,3,15,ideal_task_centered,5,1.1063977847128876,1.0793861200470456,5,0.8359218120451897,6
5,4,15,ideal_task_centered,5,0.8408886104299966,2.2828811884720612,5,0.7808576456161294,6
5,0,16,ideal_task_centered,5,1.63546850047179,1.6977568515639772,5,0.4137603694518263,6
5,1,16,ideal_task_centered,5,0.7500928532505111,1.0306451606674503,5,0.6066573143230373,6
5,2,16,ideal_task_centered,5,0.5464142625657407,0.7337105576444272,5,0.5272815344549564,6
5,3,16,ideal_task_centered,5,0.7654379925102388,1.1832893966247149,5,0.7650966987597059,6
5,4,16,ideal_task_centered,5,0.9673451641431183,2.855746514848288,5,0.7994068847668144,6
5,0,17,ideal_task_centered,5,1.760482997449123,1.643575923399767,5,0.559140891835653,6
5,1,17,ideal_task_centered,5,0.7033642555112672,0.5714834576029046,5,0.6339923945643956,6
5,2,17,ideal_task_centered,5,1.023837507494201,1.115822908558133,5,0.8743161110962148,6
5,3,17,ideal_task_centered,5,0.4749586105440181,0.5412858383836613,5,0.455389271208149,6
5,4,17,ideal_task_centered,5,2.326220886826086,4.207188557033117,5,0.8769733556685132,6
5,0,18,ideal_task_centered,5,1.63546850047179,1.6977568515639772,5,0.4137603694518263,6
5,1,18,ideal_task_centered,5,0.7500928532505111,1.0306451606674503,5,0.6066573143230373,6
5,2,18,ideal_task_centered,5,0.7070438591337334,0.8168289896046939,5,0.7018449295052306,6
5,3,18,ideal_task_centered,5,1.1682512762478967,0.6571413428894419,5,0.677239427270941,6
5,4,18,ideal_task_centered,5,0.9673451641431183,2.855746514848288,5,0.7994068847668144,6
5,0,19,ideal_task_centered,5,1.080617262910573,1.8900249197976917,5,0.4888455598407845,6
5,1,19,ideal_task_centered,5,1.3241894762002584,2.1466352836840126,5,0.6724258718368129,6
5,2,19,ideal_task_centered,5,0.7826537443811251,0.5923404803665742,5,0.5941931688619186,6
5,3,19,ideal_task_centered,5,0.9336453681672157,0.46317563186420463,5,0.4977444703459205,6
5,4,19,ideal_task_centered,5,1.662045158197016,3.531845961168659,5,0.9005994031623592,6
5,0,20,ideal_task_centered,5,0.6464856206590025,0.8074756922098283,5,0.6370766360391235,6
5,1,20,ideal_task_centered,5,1.1661272732793724,3.45169117706033,5,0.5852679761320427,6
5,2,20,ideal_task_centered,5,0.5430949175229378,0.69371889855469,5,0.5426257298318103,6
5,3,20,ideal_task_centered,5,0.6900001201087435,1.3308107785300471,5,0.6456896571816937,6
5,4,20,ideal_task_centered,5,1.3851223713654386,3.181452946729992,5,0.7080403334234142,6
5,0,21,ideal_task_centered,5,0.7209669551790312,0.8110878245764102,5,0.7146759930328237,6
5,1,21,ideal_task_centered,5,0.8547542754709118,2.6969834609829255,5,0.6297350150306738,6
5,2,21,ideal_task_centered,5,1.301212110690372,1.1169584426726924,5,0.4723240049787803,6
5,3,21,ideal_task_centered,5,0.9336453681672157,0.46317563186420463,5,0.4977444703459205,6
5,4,21,ideal_task_centered,5,0.4716199110096267,2.512389272028822,5,0.4374575078283494,6
5,0,22,ideal_task_centered,5,0.8467564100181673,1.1345212837352787,5,0.8234661167972851,6
5,1,22,ideal_task_centered,5,0.8339143376574484,0.9609559750349502,5,0.5550586771466269,6
5,2,22,ideal_task_centered,5,1.0772990648646026,0.7480074561706371,5,0.7095603997170354,6
5,3,22,ideal_task_centered,5,1.1682512762478967,0.6571413428894419,5,0.677239427270941,6
5,4,22,ideal_task_centered,5,0.8270646416822689,2.830111820756514,5,0.6411559850580026,6
5,0,23,ideal_task_centered,5,0.6303395218523232,0.6297239559130143,5,0.6233790050187932,6
5,1,23,ideal_task_centered,5,1.006198959256403,1.233183294791783,5,0.7900780157907951,6
5,2,23,ideal_task_centered,5,0.8197666144791618,1.3697467552478964,5,0.7464220826150741,6
5,3,23,ideal_task_centered,5,0.9336453681672157,0.46317563186420463,5,0.4977444703459205,6
5,4,23,ideal_task_centered,5,0.7805364812885363,2.115223374585633,5,0.764669118814355,6
5,0,24,ideal_task_centered,5,0.6958364371168654,1.1789806820290638,5,0.6895772959595385,6
5,1,24,ideal_task_centered,5,0.8925019154391564,1.5305013315538658,5,0.6241053474502933,6
5,2,24,ideal_task_centered,5,0.9428513062127423,1.263273429808479,5,0.6373587607891775,6
5,3,24,ideal_task_centered,5,0.4398386526264499,0.5081339121651272,5,0.43964141960431097,6
5,4,24,ideal_task_centered,5,1.6558092749727429,3.025409329564455,5,0.8138269573610966,6
5,0,25,ideal_task_centered,5,0.6241317029654604,1.0897924657248468,5,0.6174530459306182,6
5,1,25,ideal_task_centered,5,1.4603485592574497,1.4246955182599534,5,0.9548749879133651,6
5,2,25,ideal_task_centered,5,0.9234777972334289,1.4862220799225496,5,0.7973259043853028,6
5,3,25,ideal_task_centered,5,0.4502013041403823,0.954919172454014,5,0.40831925266912494,6
5,4,25,ideal_task_centered,5,1.4363565300964984,2.148924027449058,5,0.8922450575552803,6
5,0,26,ideal_task_centered,5,0.7900735536615144,1.7653205964624463,5,0.3992816840321952,6
5,1,26,ideal_task_centered,5,1.156476397454178,1.1158190241061796,5,0.7524856283466644,6
5,2,26,ideal_task_centered,5,0.764279195934985,1.803221227909105,5,0.689937142870236,6
5,3,26,ideal_task_centered,5,0.4862275145632185,1.1832802405190825,5,0.45958423819862737,6
5,4,26,ideal_task_centered,5,0.7658786001537811,1.3761881096513253,5,0.7652076354321538,6
5,0,27,ideal_task_centered,5,0.6241317029654604,1.0897924657248468,5,0.6174530459306182,6
5,1,27,ideal_task_centered,5,0.9951024294211158,1.7793286604199834,5,0.584045543737986,6
5,2,27,ideal_task_centered,5,0.8188821596708263,0.7037268559671164,5,0.8107814507849513,6
5,3,27,ideal_task_centered,5,0.6747825420984433,1.6441234790386876,5,0.6502736612440726,6
5,4,27,ideal_task_centered,5,0.7243453333027691,1.1515959009930743,5,0.7082550211982998,6
5,0,28,ideal_task_centered,5,1.4035844774432158,1.8189029312179175,5,0.522847255394806,6
5,1,28,ideal_task_centered,5,1.672786711581624,2.554920329017246,5,0.6026728025673124,6
5,2,28,ideal_task_centered,5,0.7604717678246918,0.8963763903949249,5,0.7602809891779893,6
5,3,28,ideal_task_centered,5,0.6244302299908522,1.0317733878364472,5,0.6234648987659741,6
5,4,28,ideal_task_centered,5,0.9519114924600729,1.7244099790170266,5,0.9048919843045627,6
5,0,29,ideal_task_centered,5,0.6241317029654604,1.0897924657248468,5,0.6174530459306182,6
5,1,29,ideal_task_centered,5,0.9951024294211158,1.7793286604199834,5,0.584045543737986,6
5,2,29,ideal_task_centered,5,0.9630177518874178,1.5912363634702256,5,0.8569695587605763,6
5,3,29,ideal_task_centered,5,0.5367666270733196,0.8843020506569239,5,0.4936919991520795,6
5,4,29,ideal_task_centered,5,0.707302424454576,1.905710340888843,5,0.672292819983201,6
5,0,30,ideal_task_centered,5,0.8297728444339874,1.785956395637215,5,0.6131061803888441,6
5,1,30,ideal_task_centered,5,0.7906015276618648,1.2075203020148013,5,0.7058388166042258,6
5,2,30,ideal_task_centered,5,0.8590052612421794,1.4730598034582685,5,0.8589077269080306,6
5,3,30,ideal_task_centered,5,1.097666095324353,1.636851687070593,5,0.809229263692276,6
5,4,30,ideal_task_centered,5,0.7196095576261667,1.72523580466039,5,0.7194376076241968,6
5,0,31,ideal_task_centered,5,1.3200946414149264,3.030803224576652,5,0.5417287800374045,6
5,1,31,ideal_task_centered,5,0.712550104316691,1.1105761391498425,5,0.6605533349937283,6
5,2,31,ideal_task_centered,5,0.919203116086689,1.0197409569086706,5,0.7044624058061327,6
5,3,31,ideal_task_centered,5,0.8014248810212001,1.189615057765844,5,0.7985279347443277,6
5,4,31,ideal_task_centered,5,0.9665996737273675,1.84163668304892,5,0.8211130182945952,6
5,0,32,ideal_task_centered,5,1.0611898260273542,3.3162182063354817,5,0.5431892907181414,6
5,1,32,ideal_task_centered,5,1.060549749556451,1.1175128708705182,5,0.8573992533066881,6
5,2,32,ideal_task_centered,5,1.0141853851951446,0.5694888637570392,5,0.866993257895529,6
5,3,32,ideal_task_centered,5,0.8638415240809572,1.0764275241477552,5,0.8552380643394603,6
5,4,32,ideal_task_centered,5,1.0898200119867987,1.9071850209768977,5,0.8730900896380219,6
5,0,33,ideal_task_centered,5,1.3526714782918352,3.022375334308319,5,0.4771002965129561,6
5,1,33,ideal_task_centered,5,0.9820807605817162,1.457776128988485,5,0.9036619732516973,6
5,2,33,ideal_task_centered,5,1.1554974509449978,1.0279865017684502,5,0.8744994842041095,6
5,3,33,ideal_task_centered,5,0.7132530761747614,1.0914722366854015,5,0.6301251727518589,6
5,4,33,ideal_task_centered,5,0.7509360641241407,1.0677372161765126,5,0.7326389406219249,6
5,0,34,ideal_task_centered,5,2.2798467780930807,2.0572054911699285,5,0.5902933445672117,6
5,1,34,ideal_task_centered,5,1.3504907750984543,1.0919984001772658,5,0.8914117070572559,6
5,2,34,ideal_task_centered,5,0.804562172168526,0.4902800736651955,5,0.7684225817636087,6
5,3,34,ideal_task_centered,5,1.9110995105340942,1.3661375407333565,5,0.32902936261510607,6
5,4,34,ideal_task_centered,5,0.7192807477757632,1.3479489794743063,5,0.7151308628119414,6
5,0,35,ideal_task_centered,5,1.4308989309735545,2.536212460661134,5,0.3785577022213097,6
5,1,35,ideal_task_centered,5,0.6353126061824752,0.6992161202809077,5,0.5756856668455722,6
5,2,35,ideal_task_centered,5,1.1554974509449978,1.0279865017684502,5,0.8744994842041095,6
5,3,35,ideal_task_centered,5,0.9936781222872112,1.2071636563723542,5,0.4919161873337925,6
5,4,35,ideal_task_centered,5,0.9320052165032116,0.6662381039847176,5,0.7875419839468644,6
5,0,36,ideal_task_centered,5,2.163662145250475,4.116029159128834,5,0.29930854835234155,6
5,1,36,ideal_task_centered,5,0.7214779798087109,0.9920322222369774,5,0.6835564233843077,6
5,2,36,ideal_task_centered,5,1.3876127452845188,1.1274353555436716,5,0.842475732945122,6
5,3,36,ideal_task_centered,5,0.6289117101156164,0.5478410599835253,5,0.5385676872995004,6
5,4,36,ideal_task_centered,5,0.8749409904678026,0.7108895547550896,5,0.7267362241705191,6
5,0,37,ideal_task_centered,5,2.2147543709803683,5.3898123950030055,5,0.314212807337456,6
5,1,37,ideal_task_centered,5,1.0336666204389668,0.45222914644204804,5,0.9014018075212166,6
5,2,37,ideal_task_centered,5,0.9158358406819617,2.1035604465663806,5,0.870143607755766,6
5,3,37,ideal_task_centered,5,1.074852401409965,0.4030696505287369,5,0.6121407379087286,6
5,4,37,ideal_task_centered,5,0.8685279669881214,0.8108522816803164,5,0.6004469002034963,6
5,0,38,ideal_task_centered,5,2.2522617360798076,2.531594978738143,5,0.7029665914359069,6
5,1,38,ideal_task_centered,5,0.4487571149689956,0.28003495748553536,5,0.448740474483521,6
5,2,38,ideal_task_centered,5,0.8360249884359607,1.6165326924835959,5,0.8357804169505002,6
5,3,38,ideal_task_centered,5,1.597716831195602,0.7926173342259432,5,0.8702212490822853,6
5,4,38,ideal_task_centered,5,2.205555644311199,2.0138618431943076,5,0.7821970990497091,6
5,0,39,ideal_task_centered,5,1.0598813742475064,2.943654910507723,5,0.3977242346178508,6
5,1,39,ideal_task_centered,5,0.8926298628945543,0.7113144219940979,5,0.7417754060703705,6
5,2,39,ideal_task_centered,5,0.7342224709774458,1.0439725759210556,5,0.694380436102135,6
5,3,39,ideal_task_centered,5,2.4154628522185067,1.0732769509369342,5,0.587271513497761,6
5,4,39,ideal_task_centered,5,0.9207179082992164,1.1643844641088723,5,0.5296961243261525,6
5,0,40,ideal_task_centered,5,0.8982757839005396,1.838658245171417,5,0.5342920259680206,6
5,1,40,ideal_task_centered,5,0.5002675769497595,0.6859137480834594,5,0.4390182679337553,6
5,2,40,ideal_task_centered,5,0.7764142741692741,1.1858514890632272,5,0.7749840301239773,6
5,3,40,ideal_task_centered,5,1.5947771497707437,1.0450151049767276,5,0.8090197064284992,6
5,4,40,ideal_task_centered,5,2.205555644311199,2.0138618431943076,5,0.7821970990497091,6
5,0,41,ideal_task_centered,5,1.1036412314649966,1.4312847220561675,5,0.7452148062585198,6
5,1,41,ideal_task_centered,5,1.1293877448917347,1.252914529489268,5,0.7668118250063506,6
5,2,41,ideal_task_centered,5,0.7734834479919359,1.1534269776207873,5,0.7218003293621961,6
5,3,41,ideal_task_centered,5,1.2822586526336832,1.3173204126666356,5,0.8007565999640155,6
5,4,41,ideal_task_centered,5,3.11272692849635,2.3345451963722623,5,0.7190506602850572,6
5,0,42,ideal_task_centered,5,1.0887111215536436,3.290586837117702,5,0.7115954813912263,6
5,1,42,ideal_task_centered,5,0.6009039617955596,0.7880996295814809,5,0.5992242105432624,6
5,2,42,ideal_task_centered,5,0.704029867810198,1.0450443350307628,5,0.6000302639252588,6
5,3,42,ideal_task_centered,5,1.2245172730048595,1.4529184440438518,5,0.6485747077240284,6
5,4,42,ideal_task_centered,5,1.2788439993244864,1.2788439993244864,5,0.8105310185873789,6
5,0,43,ideal_task_centered,5,1.121356587085711,5.076766736063824,5,0.560778744450386,6
5,1,43,ideal_task_centered,5,0.8731232357318699,1.0564450088591668,5,0.8490693467522356,6
5,2,43,ideal_task_centered,5,1.0476998727694726,1.469235368454065,5,0.6455433196005435,6
5,3,43,ideal_task_centered,5,1.5269710312845444,1.902749058514725,5,0.6659067239029002,6
5,4,43,ideal_task_centered,5,1.5882850339590084,1.127620331726757,5,0.7529365280756409,6
5,0,44,ideal_task_centered,5,1.2776886964057104,2.5354135069300816,5,0.8567258553299654,6
5,1,44,ideal_task_centered,5,0.7071219620937799,0.7927500121910735,5,0.6122113417955249,6
5,2,44,ideal_task_centered,5,1.0902639759328363,0.8134391382936396,5,0.9213864510748697,6
5,3,44,ideal_task_centered,5,0.990211784136485,4.208400082580061,5,0.851831665282279,6
5,4,44,ideal_task_centered,5,1.2531437193882458,1.0916056618108547,5,0.806502439577799,6
5,0,45,ideal_task_centered,5,2.0811446111812253,5.593076142549543,5,0.7413894825074352,6
5,1,45,ideal_task_centered,5,1.4213991116512996,1.3714280491323085,5,0.6845107761378082,6
5,2,45,ideal_task_centered,5,0.7308918688602349,0.49106797439047034,5,0.7250071462370048,6
5,3,45,ideal_task_centered,5,0.6969068039382401,2.9012829152233572,5,0.6818177048741495,6
5,4,45,ideal_task_centered,5,1.3184473563917345,1.5605060507292794,5,0.9283043202152745,6
5,0,46,ideal_task_centered,5,2.9919426357384045,5.186228689878582,5,0.3293586409932069,6
5,1,46,ideal_task_centered,5,1.616036269788691,1.8038373597348376,5,0.5362960446729239,6
5,2,46,ideal_task_centered,5,0.9433780020338516,1.1792225025423144,5,0.6444233111553321,6
5,3,46,ideal_task_centered,5,0.9189730300667316,3.1446108372595973,5,0.9133329647757493,6
5,4,46,ideal_task_centered,5,1.124666508830759,1.2257107654835224,5,0.8375002517305495,6
5,0,47,ideal_task_centered,5,2.8896335239719577,2.7062095209854564,5,0.568547487567561,6
5,1,47,ideal_task_centered,5,1.1095996927840426,1.0218286233353049,5,0.9257137335585688,6
5,2,47,ideal_task_centered,5,0.8793133803925798,1.1231854507358343,5,0.6292473246269941,6
5,3,47,ideal_task_centered,5,1.001315319921988,4.126514306709755,5,0.9659371154265013,6
5,4,47,ideal_task_centered,5,1.3996405137320092,1.4857512094010683,5,0.8384789416049815,6
5,0,48,ideal_task_centered,5,1.7343203182675657,2.215323219037086,5,0.5274680124859094,6
5,1,48,ideal_task_centered,5,0.6233648829598575,0.6136248066636097,5,0.4271918191954223,6
5,2,48,ideal_task_centered,5,0.869041356374918,0.9360865391421236,5,0.5506708427159499,6
5,3,48,ideal_task_centered,5,1.0681992776070783,2.632944313164322,5,0.8223643829747864,6
5,4,48,ideal_task_centered,5,0.8403781608333256,1.3910556470825068,5,0.8113359028398641,6
5,0,49,ideal_task_centered,5,2.7280644233137794,5.645281750978417,5,0.3698057207918102,6
5,1,49,ideal_task_centered,5,1.1095996927840426,1.0218286233353049,5,0.9257137335585688,6
5,2,49,ideal_task_centered,5,0.9531055473141541,1.396150704073468,5,0.5527728215503753,6
5,3,49,ideal_task_centered,5,1.1119655958681012,1.762422033294852,5,0.915710605973365,6
5,4,49,ideal_task_centered,5,1.3128914906316191,1.9988260096627875,5,0.9405245948612384,6
5,0,50,ideal_task_centered,5,1.404818459915351,4.31185978468159,5,0.22106156330238094,6
5,1,50,ideal_task_centered,5,0.6811535317682011,0.8028831180119324,5,0.5459133188000651,6
5,2,50,ideal_task_centered,5,0.9215228231541525,0.9215228231541525,5,0.8319426459945389,6
5,3,50,ideal_task_centered,5,1.3180126996942627,1.7491984950043975,5,0.8176268347573006,6
5,4,50,ideal_task_centered,5,1.238423723889655,2.572389903040328,5,0.8029317039920232,6
5,0,51,ideal_task_centered,5,1.6557904997577793,4.771716567173053,5,0.6715575397939442,6
5,1,51,ideal_task_centered,5,0.5550753498012491,0.789247762998651,5,0.5284775717608722,6
5,2,51,ideal_task_centered,5,1.84310500888299,1.202338033138513,5,0.9034019741615041,6
5,3,51,ideal_task_centered,5,2.155987078319393,2.187568920286962,5,0.7510926367954636,6
5,4,51,ideal_task_centered,5,1.6510848851176534,2.9135843627027342,5,0.7560334864824888,6
5,0,52,ideal_task_centered,5,1.2002860706010003,3.6934584067028826,5,0.8260967067745557,6
5,1,52,ideal_task_centered,5,0.9021420033768349,0.7329903777436784,5,0.6840725467545281,6
5,2,52,ideal_task_centered,5,0.8550562368276493,0.7882549683254892,5,0.8125557203903968,6
5,3,52,ideal_task_centered,5,1.5719985642342795,1.866748295028207,5,0.9526688245206167,6
5,4,52,ideal_task_centered,5,0.9470758407753438,1.4640830624486028,5,0.7064219358576754,6
5,0,53,ideal_task_centered,5,1.2698714886162992,2.9713008659420437,5,0.8983186171167878,6
5,1,53,ideal_task_centered,5,1.0607123134608136,1.392184911417318,5,0.66252036611729,6
5,2,53,ideal_task_centered,5,0.7882851150808593,0.6897494756957518,5,0.757468512420249,6
5,3,53,ideal_task_centered,5,1.9612110151074613,1.1778757561436413,5,0.697638673273651,6
5,4,53,ideal_task_centered,5,0.8925027739683078,1.2263197294662198,5,0.7032473787316328,6
5,0,54,ideal_task_centered,5,1.968346813225808,4.918944819379729,5,0.7482435122942885,6
5,1,54,ideal_task_centered,5,1.284997288309182,3.1271613695961733,5,0.4946479060523207,6
5,2,54,ideal_task_centered,5,0.9161139587921615,1.1308281678840744,5,0.8137989333384081,6
5,3,54,ideal_task_centered,5,2.019150839465447,0.9602797449410866,5,0.7017729892021795,6
5,4,54,ideal_task_centered,5,1.4584747474348885,1.9085509390261237,5,0.7539510008081093,6
5,0,55,ideal_task_centered,5,2.0123302419619358,4.510056548147112,5,0.7091635452004762,6
5,1,55,ideal_task_centered,5,1.8994703055733992,3.0254258480373184,5,0.7211267443221476,6
5,2,55,ideal_task_centered,5,0.8046303296419138,0.6718348943787464,5,0.7559086948035533,6
5,3,55,ideal_task_centered,5,1.158419665326704,0.7918884430944266,5,0.5436246416328404,6
5,4,55,ideal_task_centered,5,1.0945429926840122,1.0774407584233245,5,0.5344195322361569,6
5,0,56,ideal_task_centered,5,1.4020194996341886,5.891494049732337,5,0.6920455171943537,6
5,1,56,ideal_task_centered,5,1.3186700842390175,3.254179006710935,5,0.32415204701083555,6
5,2,56,ideal_task_centered,5,0.685381363379325,0.9183039360902674,5,0.6819190913213549,6
5,3,56,ideal_task_centered,5,1.0468013892185766,1.1408499515311832,5,0.6316225388794582,6
5,4,56,ideal_task_centered,5,0.7917590495566804,2.071408685314792,5,0.4732271068963219,6
5,0,57,ideal_task_centered,5,1.211836543518134,4.42604362574006,5,0.6411327466430011,6
5,1,57,ideal_task_centered,5,1.2926364581027459,3.9536497917751956,5,0.5356096981917623,6
5,2,57,ideal_task_centered,5,0.6133124873932622,0.7804161826888873,5,0.4859272864694176,6
5,3,57,ideal_task_centered,5,0.8414274621557745,0.6803729869775208,5,0.7009470451394105,6
5,4,57,ideal_task_centered,5,0.34423695153998074,1.242480246964618,5,0.2296863466139688,6
5,0,58,ideal_task_centered,5,1.060102619075261,3.477426462376759,5,0.6594176992194437,6
5,1,58,ideal_task_centered,5,2.034290916335636,2.3660551575739674,5,0.6598741225019532,6
5,2,58,ideal_task_centered,5,0.5394178363849972,0.6995575065617933,5,0.49551433058736954,6
5,3,58,ideal_task_centered,5,0.9654297577994831,1.6555611862264574,5,0.8272767140413583,6
5,4,58,ideal_task_centered,5,0.7917590495566804,2.071408685314792,5,0.4732271068963219,6
5,0,59,ideal_task_centered,5,1.3258488954989678,3.293905849755248,5,0.7154953511948792,6
5,1,59,ideal_task_centered,5,2.529321703382869,2.440400237248315,5,0.7156034018305181,6
5,2,59,ideal_task_centered,5,1.056078907880094,1.9048610770063807,5,0.49669658844919123,6
5,3,59,ideal_task_centered,5,1.1872050245457182,2.592373471566627,5,0.8964105156806188,6
5,4,59,ideal_task_centered,5,1.7930944760553165,2.2133509938807814,5,0.5727546801819817,6
5,0,60,ideal_task_centered,5,1.4750810658965041,5.157021695224106,5,0.7228743822035466,6
5,1,60,ideal_task_centered,5,1.5501812300470732,1.6894553249341149,5,0.8305920918253196,6
5,2,60,ideal_task_centered,5,1.2309537553714225,1.4797891336545128,5,0.6143952221367809,6
5,3,60,ideal_task_centered,5,0.9744317155051956,2.7862656865226687,5,0.6691676842911483,6
5,4,60,ideal_task_centered,5,1.9635161594576014,2.590537433034394,5,0.6442948553805528,6
5,0,61,ideal_task_centered,5,1.3258488954989678,3.293905849755248,5,0.7154953511948792,6
5,1,61,ideal_task_centered,5,1.5247046886081,2.0949799774136686,5,0.7135957350618194,6
5,2,61,ideal_task_centered,5,0.6439975137641661,0.6842473583744265,5,0.6349660937429715,6
5,3,61,ideal_task_centered,5,1.68809314305785,4.719736981029907,5,0.7659548859560414,6
5,4,61,ideal_task_centered,5,1.603697624839508,2.180026458766206,5,0.6206003987087338,6
5,0,62,ideal_task_centered,5,1.8037387288502416,2.451957334530797,5,0.6755600773757527,6
5,1,62,ideal_task_centered,5,1.1311251966947853,1.4448357004656045,5,0.826597733794097,6
5,2,62,ideal_task_centered,5,1.128692320476319,1.723901161352503,5,0.7360830395557182,6
5,3,62,ideal_task_centered,5,1.8141013260525356,2.9975189879696194,5,0.8500847360583103,6
5,4,62,ideal_task_centered,5,1.1179802833727819,1.1780280524992497,5,0.8956481653640874,6
5,0,63,ideal_task_centered,5,1.6600541799100177,2.5678963095483085,5,0.8050970626808088,6
5,1,63,ideal_task_centered,5,0.7778721916765536,0.7505251224379248,5,0.729665672339536,6
5,2,63,ideal_task_centered,5,0.9085028658924741,1.2456426012822595,5,0.8595060690892885,6
5,3,63,ideal_task_centered,5,1.5358812679451193,2.4418112345846232,5,0.751353106882569,6
5,4,63,ideal_task_centered,5,0.9222313616619823,0.9501504751497962,5,0.766368884268499,6
5,0,64,ideal_task_centered,5,1.2711026254081557,3.396227327262416,5,0.9030854973281963,6
5,1,64,ideal_task_centered,5,0.7187030725812487,0.9369810565390303,5,0.7183321353919779,6
5,2,64,ideal_task_centered,5,0.8411546222189037,0.8009040592416319,5,0.8163126314821784,6
5,3,64,ideal_task_centered,5,1.4302404959045099,2.155137778496737,5,0.31212989940805785,6
5,4,64,ideal_task_centered,5,0.9433413113993874,1.5025289832933602,5,0.8277607911910121,6
5,0,65,ideal_task_centered,5,1.214444645079575,2.8546565045962273,5,0.8035119589289201,6
5,1,65,ideal_task_centered,5,0.914530137737365,0.5921225403514385,5,0.9094414991190237,6
5,2,65,ideal_task_centered,5,0.9363108440015117,0.9646561918179637,5,0.7132580028930684,6
5,3,65,ideal_task_centered,5,2.106636826684577,2.5983225704127157,5,0.7190264026063582,6
5,4,65,ideal_task_centered,5,0.941102470895744,1.4916106545544847,5,0.8807625124357572,6
5,0,66,ideal_task_centered,5,1.1515268211158092,2.3750240685513564,5,0.7269421037009806,6
5,1,66,ideal_task_centered,5,1.2680015889630272,0.6934383689641554,5,0.848813614360245,6
5,2,66,ideal_task_centered,5,1.9561542732111228,1.5874650400766046,5,0.9264912734588125,6
5,3,66,ideal_task_centered,5,1.0973325325718792,1.9203319320007888,5,0.5881535057732307,6
5,4,66,ideal_task_centered,5,0.7127776890113524,0.6654447956004423,5,0.6329904462850594,6
5,0,67,ideal_task_centered,5,1.214444645079575,2.8546565045962273,5,0.8035119589289201,6
5,1,67,ideal_task_centered,5,1.0089620214281034,0.7636187173894338,5,0.8549548613514056,6
5,2,67,ideal_task_centered,5,0.5611303677185313,1.4707752997622443,5,0.5605844696743275,6
5,3,67,ideal_task_centered,5,2.106636826684577,2.5983225704127157,5,0.7190264026063582,6
5,4,67,ideal_task_centered,5,1.4878509339498527,1.5793886378940332,5,0.9261988216032263,6
5,0,68,ideal_task_centered,5,1.0631061288225176,4.442413208233939,5,0.8273903688884607,6
5,1,68,ideal_task_centered,5,1.2680015889630272,0.6934383689641554,5,0.848813614360245,6
5,2,68,ideal_task_centered,5,0.9484934619883648,1.629296874646029,5,0.8553753958511651,6
5,3,68,ideal_task_centered,5,1.235567249092286,1.6204754057919337,5,0.6325011214077071,6
5,4,68,ideal_task_centered,5,0.9453163818042387,1.2961173828644055,5,0.8955389587520769,6
5,0,69,ideal_task_centered,5,0.9650428984125462,0.8208519184739529,5,0.7775396003560481,6
5,1,69,ideal_task_centered,5,1.4951171813897854,0.6482734653682273,5,0.8339518452740516,6
5,2,69,ideal_task_centered,5,1.1617327175639427,0.8304573723210997,5,0.6049848815874842,6
5,3,69,ideal_task_centered,5,1.0833418417107183,2.292579854479616,5,0.44648132438152804,6
5,4,69,ideal_task_centered,5,1.047070845096869,0.8998265075051218,5,0.6856697283167508,6
5,0,70,ideal_task_centered,5,0.6926788860139733,1.7073452229485047,5,0.6899488031074883,6
5,1,70,ideal_task_centered,5,0.8128077301005169,0.682631492076606,5,0.7739491765022221,6
5,2,70,ideal_task_centered,5,1.9799965292819188,1.792438264301112,5,0.8519592156016474,6
5,3,70,ideal_task_centered,5,0.8796669180954199,1.3985329518157652,5,0.395385054990561,6
5,4,70,ideal_task_centered,5,0.7442802342626004,0.8373152635454254,5,0.7346295897817924,6
5,0,71,ideal_task_centered,5,0.7840129663341449,1.0259544676638224,5,0.76974110621815,6
5,1,71,ideal_task_centered,5,0.9952550684162629,1.1157742368572947,5,0.799161363651836,6
5,2,71,ideal_task_centered,5,0.9349047736997765,0.9787284349669536,5,0.7212084287010092,6
5,3,71,ideal_task_centered,5,1.0833418417107183,2.292579854479616,5,0.44648132438152804,6
5,4,71,ideal_task_centered,5,1.2009648650875273,2.1016885139031727,5,0.8067602817828383,6
5,0,72,ideal_task_centered,5,0.902408349684066,1.2469802878935092,5,0.7307305900343294,6
5,1,72,ideal_task_centered,5,0.8933431832919612,1.0050110812034563,5,0.8399030731707658,6
5,2,72,ideal_task_centered,5,0.6199850862972967,1.437953691363359,5,0.4976896062744526,6
5,3,72,ideal_task_centered,5,1.0619791269922958,1.9569869264008422,5,0.5422033521997772,6
5,4,72,ideal_task_centered,5,1.6898594509196976,2.323556745014584,5,0.8676306525006883,6
5,0,73,ideal_task_centered,5,0.8925527342413854,0.724327463041593,5,0.8582449948977212,6
5,1,73,ideal_task_centered,5,1.5535848059389825,1.4564857555677961,5,0.9742882681781401,6
5,2,73,ideal_task_centered,5,0.817941254881788,2.0823953627703333,5,0.8165470046732657,6
5,3,73,ideal_task_centered,5,0.777667392016538,0.5710994910121451,5,0.7124876516959885,6
5,4,73,ideal_task_centered,5,2.5437456304392447,2.2953329712166624,5,0.8718296672450057,6
5,0,74,ideal_task_centered,5,0.8436841676149341,0.5503720937175547,5,0.7823916941169217,6
5,1,74,ideal_task_centered,5,0.7102454695319317,1.7305297328927436,5,0.687009480817922,6
5,2,74,ideal_task_centered,5,1.1085580378664772,1.8663613840642643,5,0.6022450180000599,6
5,3,74,ideal_task_centered,5,1.7865303706174513,0.9892214063868114,5,0.8162022412772437,6
5,4,74,ideal_task_centered,5,3.312240449733511,3.6098245526392563,5,0.657931952015,6
5,0,75,ideal_task_centered,5,0.7633701810008071,1.0019233625635593,5,0.5773235655754835,6
5,1,75,ideal_task_centered,5,0.696291665687386,1.338185544992945,5,0.6947448802901166,6
5,2,75,ideal_task_centered,5,1.3518949737610257,2.1849474429438454,5,0.5656876693432543,6
5,3,75,ideal_task_centered,5,1.3555332576262669,1.3343530504758565,5,0.9111626115801151,6
5,4,75,ideal_task_centered,5,2.5271711579229055,3.4131618275462676,5,0.599078321192792,6
5,0,76,ideal_task_centered,5,0.7917281238037154,1.0259992385620413,5,0.6188848926804105,6
5,1,76,ideal_task_centered,5,0.6356682425437573,1.0472385988001158,5,0.5623753921531149,6
5,2,76,ideal_task_centered,5,1.4256670881477447,2.5380772477474007,5,0.8079174808480888,6
5,3,76,ideal_task_centered,5,1.7032667846067944,1.6084560358542677,5,0.7751642235518211,6
5,4,76,ideal_task_centered,5,1.2056766291347871,1.477660321839998,5,0.6206857300077687,6
5,0,77,ideal_task_centered,5,2.4041432687449187,1.5002417468046905,5,0.7422925044442661,6
5,1,77,ideal_task_centered,5,0.5865756026757342,0.8426296011093799,5,0.5802389097906888,6
5,2,77,ideal_task_centered,5,0.8810025628912539,0.91455637143887,5,0.8031792638566565,6
5,3,77,ideal_task_centered,5,0.8040000039944932,1.2429023499250809,5,0.5231516546077214,6
5,4,77,ideal_task_centered,5,0.47550899874483854,0.7058336700118697,5,0.3945882540201772,6
5,0,78,ideal_task_centered,5,1.4585143830569576,2.2661097494566596,5,0.835865658619627,6
5,1,78,ideal_task_centered,5,0.6965370163111263,1.0386836170967675,5,0.6339552170700496,6
5,2,78,ideal_task_centered,5,1.2106711102250785,2.1931590912768755,5,0.7321867756636066,6
5,3,78,ideal_task_centered,5,0.8492257903840387,0.7298034136112832,5,0.7271191812199035,6
5,4,78,ideal_task_centered,5,0.6551290439372086,0.890566044102143,5,0.6276596846037299,6
5,0,79,ideal_task_centered,5,1.4778514179101645,2.395735697002806,5,0.9081761807154551,6
5,1,79,ideal_task_centered,5,0.7967626617928033,1.083099243374592,5,0.7294145822439854,6
5,2,79,ideal_task_centered,5,0.8810025628912539,0.91455637143887,5,0.8031792638566565,6
5,3,79,ideal_task_centered,5,0.5919066318118471,0.7624266087498304,5,0.5421061502522557,6
5,4,79,ideal_task_centered,5,0.5245163338402593,0.9911514706844744,5,0.4911898647099285,6
5,0,80,ideal_task_centered,5,1.0734301137293463,2.5326241745801763,5,0.5203574186770424,6
5,1,80,ideal_task_centered,5,0.8416804928804417,0.9920980028385675,5,0.686693768891769,6
5,2,80,ideal_task_centered,5,0.8943159356777547,0.8943159356777547,5,0.7471198520843408,6
5,3,80,ideal_task_centered,5,0.8419178596183551,0.8287628930618183,5,0.5314063325136901,6
5,4,80,ideal_task_centered,5,0.9609829284812729,0.8859061371936734,5,0.7588288608169595,6
5,0,81,ideal_task_centered,5,0.9071026581523939,2.5193358982279377,5,0.29451037102125505,6
5,1,81,ideal_task_centered,5,0.8592994666540271,1.9300671614299438,5,0.6872486054300471,6
5,2,81,ideal_task_centered,5,0.9008184774082676,0.9993454983747968,5,0.8995961073247313,6
5,3,81,ideal_task_centered,5,0.929526395391928,0.6744512810314478,5,0.5348557040854127,6
5,4,81,ideal_task_centered,5,1.6075461459366047,1.2166486944344421,5,0.6595200599253249,6
5,0,82,ideal_task_centered,5,0.689540569520651,1.0235367828822164,5,0.45809385684188525,6
5,1,82,ideal_task_centered,5,1.263354783724699,1.4212741316902864,5,0.7268610817758192,6
5,2,82,ideal_task_centered,5,0.8287656617377023,1.0359570771721278,5,0.815649546905103,6
5,3,82,ideal_task_centered,5,0.7494723775956889,0.7231237393208404,5,0.5463208483088783,6
5,4,82,ideal_task_centered,5,2.170267120843254,3.2193708560165066,5,0.684639470076516,6
5,0,83,ideal_task_centered,5,1.5072059322573241,2.3770874810503697,5,0.7970221482066941,6
5,1,83,ideal_task_centered,5,0.7967626617928033,1.083099243374592,5,0.7294145822439854,6
5,2,83,ideal_task_centered,5,0.8944199187721321,1.6901392019766364,5,0.729773241346013,6
5,3,83,ideal_task_centered,5,0.8279180501258753,0.9241311829041753,5,0.6663268518119837,6
5,4,83,ideal_task_centered,5,2.3456954821049134,2.764896920801397,5,0.6024461110410166,6
5,0,84,ideal_task_centered,5,2.7126603490351187,3.348440118340225,5,0.7252068273975519,6
5,1,84,ideal_task_centered,5,0.897700439819201,0.897700439819201,5,0.6678615150372849,6
5,2,84,ideal_task_centered,5,1.0418421128010296,1.0652428633815214,5,0.766781688201581,6
5,3,84,ideal_task_centered,5,0.6410451983468665,0.5984757906441449,5,0.6063326191022709,6
5,4,84,ideal_task_centered,5,1.51339708113407,3.0844333089128946,5,0.6793023102783952,6
5,0,85,ideal_task_centered,5,2.4047897316670883,2.7406148602104414,5,0.6878309457703219,6
5,1,85,ideal_task_centered,5,0.7967626617928033,1.083099243374592,5,0.7294145822439854,6
5,2,85,ideal_task_centered,5,0.9892881565142264,1.567983084006435,5,0.8334700342605758,6
5,3,85,ideal_task_centered,5,0.45881773260005293,0.8060674813940383,5,0.3916163417583902,6
5,4,85,ideal_task_centered,5,1.0608312653505745,1.7145270939015633,5,0.7051216026418017,6
5,0,86,ideal_task_centered,5,1.6643885445855617,2.0739841629796647,5,0.937858816403399,6
5,1,86,ideal_task_centered,5,0.897700439819201,0.897700439819201,5,0.6678615150372849,6
5,2,86,ideal_task_centered,5,0.8267135092282167,1.1423824370682878,5,0.5852190995714148,6
5,3,86,ideal_task_centered,5,0.4487718743929834,0.7533582539858774,5,0.44038947088427277,6
5,4,86,ideal_task_centered,5,0.46819395455014323,0.5267181988689111,5,0.4368613582822307,6
5,0,87,ideal_task_centered,5,3.286069008303599,1.7168426947679936,5,0.8217904075532549,6
5,1,87,ideal_task_centered,5,1.1295215820964142,1.2343111819979369,5,0.8599057754487952,6
5,2,87,ideal_task_centered,5,0.5401975656424958,0.5887309406806888,5,0.4960912621620819,6
5,3,87,ideal_task_centered,5,0.8332269791719005,1.0277008541934671,5,0.7129117786898073,6
5,4,87,ideal_task_centered,5,0.8102925295068385,2.2085219236851428,5,0.7237304635530333,6
5,0,88,ideal_task_centered,5,3.9455108186132724,2.6162127400765742,5,0.48369485690195146,6
5,1,88,ideal_task_centered,5,1.1445257614151036,1.1791744905204438,5,0.5664905875461793,6
5,2,88,ideal_task_centered,5,1.1490805778352968,1.4621601493353436,5,0.9225182188743568,6
5,3,88,ideal_task_centered,5,0.6291421698660757,0.5087204264151471,5,0.5959078072952351,6
5,4,88,ideal_task_centered,5,0.46819395455014323,0.5267181988689111,5,0.4368613582822307,6
5,0,89,ideal_task_centered,5,2.2389683275930157,1.8344672137212308,5,0.9472965689943369,6
5,1,89,ideal_task_centered,5,1.4548763496723416,2.1823145245085125,5,0.66499260590683,6
5,2,89,ideal_task_centered,5,2.4182948413716505,1.1501070192851501,5,0.6967539511557632,6
5,3,89,ideal_task_centered,5,0.5673546901226589,0.5224760476422533,5,0.5638273479434113,6
5,4,89,ideal_task_centered,5,0.5163432218928803,0.9192321225690632,5,0.4381151868809026,6
5,0,90,ideal_task_centered,5,1.802190251215897,1.3358031256570955,5,0.7392060765391207,6
5,1,90,ideal_task_centered,5,2.1683710481007012,3.4537238080588315,5,0.607872512431782,6
5,2,90,ideal_task_centered,5,0.7565156519543088,0.9929267931900303,5,0.5356268252770919,6
5,3,90,ideal_task_centered,5,0.6291421698660757,0.5087204264151471,5,0.5959078072952351,6
5,4,90,ideal_task_centered,5,0.451253868879465,0.8108467956427887,5,0.45089469381532044,6
5,0,91,ideal_task_centered,5,1.0302326153230768,1.1871821153137017,5,0.7423675097238417,6
5,1,91,ideal_task_centered,5,2.099754675156652,2.222787175654112,5,0.8142018134463076,6
5,2,91,ideal_task_centered,5,0.6620650654964653,0.9407272170872627,5,0.66102029251466,6
5,3,91,ideal_task_centered,5,0.6222121303005463,0.6124900657646003,5,0.40242207275696046,6
5,4,91,ideal_task_centered,5,0.931091197871795,0.8719887292568861,5,0.747693560986307,6
5,0,92,ideal_task_centered,5,1.1021555270869456,2.324859314949026,5,0.852350210115263,6
5,1,92,ideal_task_centered,5,2.0945585923168104,2.0597856469365508,5,0.7405064520243783,6
5,2,92,ideal_task_centered,5,0.8078841443822825,1.4358878347419475,5,0.7542176922997326,6
5,3,92,ideal_task_centered,5,0.7626688853892979,0.3031310901889104,5,0.47141421302121134,6
5,4,92,ideal_task_centered,5,1.0260063357821556,1.0490513999647626,5,0.8855875156300808,6
5,0,93,ideal_task_centered,5,1.5894988373110568,1.2666318859822483,5,0.8293420089844807,6
5,1,93,ideal_task_centered,5,0.9402534796225298,0.6528517812613464,5,0.8098943961660237,6
5,2,93,ideal_task_centered,5,1.349278818077022,2.608957089641117,5,0.8529605412581847,6
5,3,93,ideal_task_centered,5,0.802409887709864,0.902711123673597,5,0.6729856802148052,6
5,4,93,ideal_task_centered,5,0.7691506953713767,0.822480479913728,5,0.728264360509392,6
5,0,94,ideal_task_centered,5,1.2660262429983102,0.9495196822487326,5,0.7969018182190513,6
5,1,94,ideal_task_centered,5,0.4376887654591713,0.4475196654646019,5,0.4016991087566691,6
5,2,94,ideal_task_centered,5,1.1386997494452284,2.0950296171433695,5,0.8589117328676585,6
5,3,94,ideal_task_centered,5,0.8309779156557282,0.3505688081672603,5,0.7373053420462299,6
5,4,94,ideal_task_centered,5,1.7849604401003172,1.2201878008498261,5,0.6929203330416551,6
5,0,95,ideal_task_centered,5,0.7097648996980644,0.973154217945393,5,0.6834191173834318,6
5,1,95,ideal_task_centered,5,0.6184727912854066,0.33822730773420673,5,0.618372104874535,6
5,2,95,ideal_task_centered,5,0.7751831154398791,1.2044104850242652,5,0.7633699535279942,6
5,3,95,ideal_task_centered,5,0.5989122401603909,0.29711661914206894,5,0.5749207941314283,6
5,4,95,ideal_task_centered,5,1.706905066688208,1.1468268416811398,5,0.7962836927677078,6
5,0,96,ideal_task_centered,5,0.7349302065816903,0.769380060015207,5,0.6559963353378052,6
5,1,96,ideal_task_centered,5,0.9489069209266398,0.993386932845076,5,0.8426628380793549,6
5,2,96,ideal_task_centered,5,0.8078841443822825,1.4358878347419475,5,0.7542176922997326,6
5,3,96,ideal_task_centered,5,0.6142965696255248,0.3497411133707822,5,0.6071690108551027,6
5,4,96,ideal_task_centered,5,1.1289191042410556,1.692276196298848,5,0.7317086870732914,6
5,0,97,ideal_task_centered,5,0.9838659216169191,1.1827528803812768,5,0.840258633635302,6
5,1,97,ideal_task_centered,5,1.5081715471452857,1.602432268841866,5,0.7546162017083429,6
5,2,97,ideal_task_centered,5,0.838733536017517,0.730615541140259,5,0.7580034141931471,6
5,3,97,ideal_task_centered,5,0.5646223183973058,0.5205111997725163,5,0.5154945434555376,6
5,4,97,ideal_task_centered,5,1.5444614200636908,1.6756803102448834,5,0.7007128662957336,6
5,0,98,ideal_task_centered,5,2.0367845818101724,1.9234088775492546,5,0.695190324234783,6
5,1,98,ideal_task_centered,5,0.8933431832919612,1.0050110812034563,5,0.8399030731707658,6
5,2,98,ideal_task_centered,5,0.8450010980322634,1.584377058810494,5,0.5171527097275184,6
5,3,98,ideal_task_centered,5,1.4525221193145934,0.656755606682282,5,0.8201817290269944,6
5,4,98,ideal_task_centered,5,1.614560885928276,1.9109841735791704,5,0.6074738442022524,6
5,0,99,ideal_task_centered,5,0.9838659216169191,1.1827528803812768,5,0.840258633635302,6
5,1,99,ideal_task_centered,5,0.9431375604668082,0.9495847898840618,5,0.7608244953225002,6
5,2,99,ideal_task_centered,5,1.5096748981914432,2.4517474176683303,5,0.6377019566796817,6
5,3,99,ideal_task_centered,5,1.8086319274432177,1.6320077157788409,5,0.4754269172588336,6
5,4,99,ideal_task_centered,5,1.8018253606785042,1.68745168055731,5,0.8030838788451212,6
5,0,100,ideal_task_centered,5,1.0633359583759563,1.4610485287450883,5,0.7112486850117837,6
5,1,100,ideal_task_centered,5,1.10280646365634,2.859327305671467,5,0.761956801993052,6
5,2,100,ideal_task_centered,5,1.231581796492183,2.904560584500607,5,0.8538185860372192,6
5,3,100,ideal_task_centered,5,0.6376288250233003,0.7945452936813782,5,0.6185909231025566,6
5,4,100,ideal_task_centered,5,1.8535466799757963,1.3159457386156288,5,0.8160580496474582,6
100,0,1,ideal_task_centered,100,0.3427856547122602,0.4013671875,21,0.34278565471226025,21
100,1,1,ideal_task_centered,100,0.08103130755064462,0.1718750000000001,21,0.08103130755064454,21
100,2,1,ideal_task_centered,100,0.20387096774193547,0.6171875,21,0.20387096774193553,21
100,3,1,ideal_task_centered,100,0.282051282051282,0.44042968749999994,21,0.28205128205128205,21
100,4,1,ideal_task_centered,100,0.45525291828793774,0.7998046875,21,0.45525291828793774,21
100,0,1,literal_t0_raw,100,5.836254833906177e-29,6.833661665872566e-29,32,5.862308955546505e-29,32
100,1,1,literal_t0_raw,100,2.4961709159313857e-29,5.294612528713838e-29,32,3.3944127246370307e-29,32
100,2,1,literal_t0_raw,100,3.1805293976700755e-28,9.628555793727767e-28,32,4.066242064351448e-28,32
100,3,1,literal_t0_raw,100,1.975260345418316e-29,3.084415324535046e-29,32,2.25952654528595e-29,32
100,4,1,literal_t0_raw,100,3.767939959078994e-29,6.619652330452256e-29,32,2.4820355676773246e-29,32
100,0,2,ideal_task_centered,100,0.17725118483412322,0.1826171875,21,0.17725118483412325,21
100,1,2,ideal_task_centered,100,0.33405172413793105,0.60546875,21,0.33405172413793105,21
100,2,2,ideal_task_centered,100,0.13118901337188288,0.35449218749999994,21,0.13118901337188293,21
100,3,2,ideal_task_centered,100,0.17752234993614296,0.13574218749999994,21,0.17752234993614305,21
100,4,2,ideal_task_centered,100,0.618732782369146,1.0966796875,21,0.618732782369146,21
100,0,3,ideal_task_centered,100,0.2235294117647059,0.22265625,21,0.22352941176470587,21
100,1,3,ideal_task_centered,100,0.320845921450151,0.5185546874999999,21,0.32084592145015106,21
100,2,3,ideal_task_centered,100,0.06751875520978051,0.23730468750000006,21,0.0675187552097805,21
100,3,3,ideal_task_centered,100,0.2186046511627907,0.18359375,21,0.21860465116279065,21
100,4,3,ideal_task_centered,100,0.5011820330969267,0.828125,21,0.5011820330969269,21
100,0,4,ideal_task_centered,100,0.2810327706057597,0.2763671875,21,0.2810327706057597,21
100,1,4,ideal_task_centered,100,0.4754539340954942,0.6904296874999999,21,0.4754539340954943,21
100,2,4,ideal_task_centered,100,0.11890099478919941,0.24511718749999994,21,0.11890099478919944,21
100,3,4,ideal_task_centered,100,0.4050632911392405,0.5,21,0.4050632911392405,21
100,4,4,ideal_task_centered,100,0.678125,0.84765625,21,0.678125,21
100,0,5,ideal_task_centered,100,0.2235294117647059,0.22265625,21,0.22352941176470587,21
100,1,5,ideal_task_centered,100,0.13290689410092396,0.1826171875,21,0.13290689410092396,21
100,2,5,ideal_task_centered,100,0.06521739130434782,0.09375,21,0.06521739130434781,21
100,3,5,ideal_task_centered,100,0.0838323353293413,0.054687499999999986,21,0.08383233532934131,21
100,4,5,ideal_task_centered,100,0.24488977955911814,0.5966796874999998,21,0.24488977955911823,21
100,0,6,ideal_task_centered,100,0.2633587786259542,0.5390625,21,0.2633587786259542,21
100,1,6,ideal_task_centered,100,0.23956043956043957,0.42578125,21,0.2395604395604396,21
100,2,6,ideal_task_centered,100,0.15708812260536395,0.12011718749999997,21,0.15708812260536398,21
100,3,6,ideal_task_centered,100,0.2932187201528176,0.2998046875,21,0.2932187201528176,21
100,4,6,ideal_task_centered,100,0.1339608979000724,0.5419921875,21,0.1339608979000724,21
100,0,7,ideal_task_centered,100,0.2235294117647059,0.22265625,21,0.22352941176470587,21
100,1,7,ideal_task_centered,100,0.20185185185185187,0.42578125,21,0.20185185185185187,21
100,2,7,ideal_task_centered,100,0.07482993197278909,0.17187499999999994,21,0.07482993197278912,21
100,3,7,ideal_task_centered,100,0.3831231813773036,0.3857421875,21,0.3831231813773037,21
100,4,7,ideal_task_centered,100,0.36200716845878134,0.39453125,21,0.3620071684587814,21
100,0,8,ideal_task_centered,100,0.34060295060936496,0.5185546875,21,0.34060295060936496,21
100,1,8,ideal_task_centered,100,0.12053571428571429,0.10546875,21,0.12053571428571429,21
100,2,8,ideal_task_centered,100,0.13118901337188288,0.35449218749999994,21,0.13118901337188293,21
100,3,8,ideal_task_centered,100,0.5194585448392555,0.2998046875,21,0.5194585448392555,21
100,4,8,ideal_task_centered,100,0.47714514835605454,0.5810546875,21,0.47714514835605454,21
100,0,9,ideal_task_centered,100,0.22388059701492533,0.30761718749999994,21,0.22388059701492533,21
100,1,9,ideal_task_centered,100,0.14984709480122324,0.19140625,21,0.14984709480122324,21
100,2,9,ideal_task_centered,100,0.06751875520978051,0.23730468750000006,21,0.0675187552097805,21
100,3,9,ideal_task_centered,100,0.3831231813773036,0.3857421875,21,0.3831231813773037,21
100,4,9,ideal_task_centered,100,0.36200716845878134,0.39453125,21,0.3620071684587814,21
100,0,10,ideal_task_centered,100,0.2337763878029711,0.29199218750000006,21,0.23377638780297103,21
100,1,10,ideal_task_centered,100,0.21094640820980612,0.5419921874999999,21,0.21094640820980615,21
100,2,10,ideal_task_centered,100,0.15866388308977034,0.29687499999999994,21,0.1586638830897704,21
100,3,10,ideal_task_centered,100,0.4830287206266319,0.72265625,21,0.4830287206266319,21
100,4,10,ideal_task_centered,100,0.5686274509803921,1.47265625,21,0.568627450980392,21
100,0,11,ideal_task_centered,100,0.19205298013245037,0.11328125000000001,21,0.19205298013245028,21
100,1,11,ideal_task_centered,100,0.04861111111111111,0.109375,21,0.04861111111111112,21
100,2,11,ideal_task_centered,100,0.2633390705679862,0.4482421875,21,0.2633390705679862,21
100,3,11,ideal_task_centered,100,0.3909465020576131,0.46386718749999994,21,0.3909465020576132,21
100,4,11,ideal_task_centered,100,0.18317757009345795,0.3828125,21,0.1831775700934579,21
100,0,12,ideal_task_centered,100,0.18634423897581792,0.1279296875,21,0.18634423897581792,21
100,1,12,ideal_task_centered,100,0.09969325153374232,0.25390625,21,0.09969325153374231,21
100,2,12,ideal_task_centered,100,0.10227272727272727,0.21093749999999997,21,0.10227272727272728,21
100,3,12,ideal_task_centered,100,0.31541218637992835,0.34375000000000006,21,0.3154121863799283,21
100,4,12,ideal_task_centered,100,0.2778489116517286,0.6357421875000001,21,0.2778489116517285,21
100,0,13,ideal_task_centered,100,0.3530239099859353,0.2451171875,21,0.3530239099859353,21
100,1,13,ideal_task_centered,100,0.16614420062695923,0.20703124999999997,21,0.16614420062695917,21
100,2,13,ideal_task_centered,100,0.39160839160839156,0.21874999999999997,21,0.3916083916083916,21
100,3,13,ideal_task_centered,100,0.1111111111111111,0.05859375,21,0.1111111111111111,21
100,4,13,ideal_task_centered,100,0.3865030674846625,0.9843749999999999,21,0.3865030674846627,21
100,0,14,ideal_task_centered,100,0.2813852813852814,0.25390625,21,0.2813852813852814,21
100,1,14,ideal_task_centered,100,0.2137096774193549,0.4140625000000001,21,0.21370967741935484,21
100,2,14,ideal_task_centered,100,0.2957998212689901,0.32324218749999994,21,0.2957998212689901,21
100,3,14,ideal_task_centered,100,0.07260726072607263,0.08593750000000003,21,0.07260726072607257,21
100,4,14,ideal_task_centered,100,0.32476435304198803,0.37011718750000006,21,0.32476435304198803,21
100,0,15,ideal_task_centered,100,0.2959582790091265,0.22167968750000006,21,0.29595827900912647,21
100,1,15,ideal_task_centered,100,0.10168758113370835,0.2294921875,21,0.10168758113370832,21
100,2,15,ideal_task_centered,100,0.22471042471042477,0.28417968750000006,21,0.2247104247104247,21
100,3,15,ideal_task_centered,100,0.06230389959659346,0.1357421875,21,0.06230389959659346,21
100,4,15,ideal_task_centered,100,0.22706304459251664,0.43261718749999994,21,0.2270630445925167,21
100,0,16,ideal_task_centered,100,0.23076923076923078,0.22265625,21,0.23076923076923078,21
100,1,16,ideal_task_centered,100,0.07951070336391441,0.10156250000000006,21,0.07951070336391435,21
100,2,16,ideal_task_centered,100,0.19211822660098515,0.19042968749999994,21,0.1921182266009852,21
100,3,16,ideal_task_centered,100,0.2627683197631384,0.3466796875,21,0.2627683197631384,21
100,4,16,ideal_task_centered,100,0.1674599740372133,0.37792968749999994,21,0.16745997403721333,21
100,0,17,ideal_task_centered,100,0.2190760059612519,0.14355468750000003,21,0.21907600596125187,21
100,1,17,ideal_task_centered,100,0.246063877642825,0.5341796875,21,0.246063877642825,21
100,2,17,ideal_task_centered,100,0.1965442764578834,0.08886718750000001,21,0.19654427645788336,21
100,3,17,ideal_task_centered,100,0.20617760617760617,0.2607421875,21,0.20617760617760617,21
100,4,17,ideal_task_centered,100,0.2383177570093458,0.3984375,21,0.23831775700934582,21
100,0,18,ideal_task_centered,100,0.1553072625698324,0.1357421875,21,0.15530726256983243,21
100,1,18,ideal_task_centered,100,0.14068441064638784,0.14453125,21,0.14068441064638784,21
100,2,18,ideal_task_centered,100,0.23726346433770024,0.15917968750000006,21,0.23726346433770018,21
100,3,18,ideal_task_centered,100,0.2781758957654723,0.4169921875,21,0.2781758957654723,21
100,4,18,ideal_task_centered,100,0.15445636957536163,0.32324218749999994,21,0.15445636957536163,21
100,0,19,ideal_task_centered,100,0.1328125,0.06640625,21,0.1328125,21
100,1,19,ideal_task_centered,100,0.08266666666666665,0.12109374999999999,21,0.08266666666666668,21
100,2,19,ideal_task_centered,100,0.1965442764578834,0.08886718750000001,21,0.19654427645788336,21
100,3,19,ideal_task_centered,100,0.3130841121495327,0.5234375,21,0.3130841121495328,21
100,4,19,ideal_task_centered,100,0.095,0.1484375,21,0.09500000000000003,21
100,0,20,ideal_task_centered,100,0.1392757660167131,0.19531250000000003,21,0.1392757660167131,21
100,1,20,ideal_task_centered,100,0.1384892086330935,0.30078124999999994,21,0.13848920863309358,21
100,2,20,ideal_task_centered,100,0.22338204592901878,0.1044921875,21,0.22338204592901884,21
100,3,20,ideal_task_centered,100,0.36933797909407673,0.41406250000000006,21,0.3693379790940767,21
100,4,20,ideal_task_centered,100,0.2876712328767123,0.4716796875,21,0.2876712328767123,21
100,0,21,ideal_task_centered,100,0.09948902915539524,0.3232421875,21,0.09948902915539524,21
100,1,21,ideal_task_centered,100,0.11372549019607846,0.11328125000000003,21,0.11372549019607844,21
100,2,21,ideal_task_centered,100,0.35853976531942633,0.2685546875,21,0.35853976531942633,21
100,3,21,ideal_task_centered,100,0.08315256688358642,0.11230468750000001,21,0.08315256688358642,21
100,4,21,ideal_task_centered,100,0.06525573192239859,0.14453125,21,0.06525573192239856,21
100,0,22,ideal_task_centered,100,0.08498689629352303,0.2216796875,21,0.08498689629352305,21
100,1,22,ideal_task_centered,100,0.13577331759149944,0.11230468750000001,21,0.13577331759149944,21
100,2,22,ideal_task_centered,100,0.35914234663490174,0.5888671875,21,0.35914234663490174,21
100,3,22,ideal_task_centered,100,0.12246234446627374,0.1826171875,21,0.12246234446627374,21
100,4,22,ideal_task_centered,100,0.1292929292929293,0.25,21,0.1292929292929293,21
100,0,23,ideal_task_centered,100,0.08072916666666667,0.2421875,21,0.08072916666666667,21
100,1,23,ideal_task_centered,100,0.352185089974293,0.40136718749999994,21,0.35218508997429304,21
100,2,23,ideal_task_centered,100,0.474537037037037,0.8007812499999999,21,0.47453703703703715,21
100,3,23,ideal_task_centered,100,0.13541666666666666,0.203125,21,0.13541666666666666,21
100,4,23,ideal_task_centered,100,0.10287168302435476,0.27636718749999994,21,0.10287168302435473,21
100,0,24,ideal_task_centered,100,0.16923076923076924,0.30078125,21,0.16923076923076924,21
100,1,24,ideal_task_centered,100,0.12534059945504086,0.17968749999999997,21,0.12534059945504086,21
100,2,24,ideal_task_centered,100,0.5803571428571429,1.26953125,21,0.5803571428571429,21
100,3,24,ideal_task_centered,100,0.21811915312653862,0.43261718749999994,21,0.2181191531265386,21
100,4,24,ideal_task_centered,100,0.1346153846153846,0.30078125,21,0.1346153846153846,21
100,0,25,ideal_task_centered,100,0.09832775919732438,0.14355468749999994,21,0.09832775919732442,21
100,1,25,ideal_task_centered,100,0.21920404295641188,0.3388671875,21,0.21920404295641188,21
100,2,25,ideal_task_centered,100,0.474537037037037,0.8007812499999999,21,0.47453703703703715,21
100,3,25,ideal_task_centered,100,0.1730257320319432,0.1904296875,21,0.17302573203194316,21
100,4,25,ideal_task_centered,100,0.19217330538085256,0.2685546875,21,0.19217330538085256,21
100,0,26,ideal_task_centered,100,0.10497237569060773,0.22265625,21,0.10497237569060776,21
100,1,26,ideal_task_centered,100,0.13814667424673113,0.23730468750000006,21,0.13814667424673108,21
100,2,26,ideal_task_centered,100,0.3827828911748782,0.6904296875,21,0.3827828911748782,21
100,3,26,ideal_task_centered,100,0.5654761904761905,0.7421875,21,0.5654761904761906,21
100,4,26,ideal_task_centered,100,0.2030798845043311,0.2060546875,21,0.20307988450433107,21
100,0,27,ideal_task_centered,100,0.1415313225058005,0.23828125000000006,21,0.14153132250580044,21
100,1,27,ideal_task_centered,100,0.200836820083682,0.1875,21,0.20083682008368195,21
100,2,27,ideal_task_centered,100,0.36949152542372893,0.4257812500000001,21,0.3694915254237289,21
100,3,27,ideal_task_centered,100,0.3052180128663331,0.4169921875,21,0.3052180128663331,21
100,4,27,ideal_task_centered,100,0.20588235294117646,0.1640625,21,0.20588235294117654,21
100,0,28,ideal_task_centered,100,0.15996425379803395,0.1748046875,21,0.15996425379803392,21
100,1,28,ideal_task_centered,100,0.04761904761904762,0.10546875000000001,21,0.047619047619047644,21
100,2,28,ideal_task_centered,100,0.20104438642297653,0.30078125000000006,21,0.2010443864229765,21
100,3,28,ideal_task_centered,100,0.18999518999519,0.3857421875,21,0.18999518999519,21
100,4,28,ideal_task_centered,100,0.07745564690610125,0.1748046875,21,0.07745564690610122,21
100,0,29,ideal_task_centered,100,0.10143123833229624,0.15917968750000006,21,0.10143123833229624,21
100,1,29,ideal_task_centered,100,0.200836820083682,0.1875,21,0.20083682008368195,21
100,2,29,ideal_task_centered,100,0.18660758247168877,0.3701171874999999,21,0.18660758247168888,21
100,3,29,ideal_task_centered,100,0.19178960872354073,0.2919921875,21,0.19178960872354076,21
100,4,29,ideal_task_centered,100,0.10596026490066225,0.25,21,0.10596026490066225,21
100,0,30,ideal_task_centered,100,0.15996425379803395,0.1748046875,21,0.15996425379803392,21
100,1,30,ideal_task_centered,100,0.068359375,0.13671875,21,0.06835937499999997,21
100,2,30,ideal_task_centered,100,0.08562691131498472,0.10937500000000001,21,0.0856269113149847,21
100,3,30,ideal_task_centered,100,0.23333333333333334,0.2734375,21,0.23333333333333334,21
100,4,30,ideal_task_centered,100,0.07045009784735812,0.140625,21,0.07045009784735812,21
100,0,31,ideal_task_centered,100,0.11111111111111112,0.23437500000000003,21,0.1111111111111111,21
100,1,31,ideal_task_centered,100,0.16262135922330098,0.26171875,21,0.16262135922330098,21
100,2,31,ideal_task_centered,100,0.13550600343053174,0.30859375,21,0.13550600343053174,21
100,3,31,ideal_task_centered,100,0.31355932203389825,0.28906249999999994,21,0.3135593220338983,21
100,4,31,ideal_task_centered,100,0.25843940232429435,0.4560546874999999,21,0.2584394023242944,21
100,0,32,ideal_task_centered,100,0.15321637426900586,0.1279296875,21,0.15321637426900586,21
100,1,32,ideal_task_centered,100,0.19621749408983455,0.32421875000000006,21,0.19621749408983452,21
100,2,32,ideal_task_centered,100,0.07768492726709998,0.24511718750000003,21,0.07768492726709997,21
100,3,32,ideal_task_centered,100,0.2882319499715748,0.49511718750000006,21,0.28823194997157475,21
100,4,32,ideal_task_centered,100,0.20338983050847456,0.23437499999999997,21,0.2033898305084746,21
100,0,33,ideal_task_centered,100,0.13476157567380792,0.19042968750000006,21,0.13476157567380787,21
100,1,33,ideal_task_centered,100,0.16262135922330098,0.26171875,21,0.16262135922330098,21
100,2,33,ideal_task_centered,100,0.15926892950391647,0.23828125000000003,21,0.15926892950391644,21
100,3,33,ideal_task_centered,100,0.17631224764468373,0.1279296875,21,0.17631224764468373,21
100,4,33,ideal_task_centered,100,0.2573200137788495,0.7294921875000001,21,0.25732001377884944,21
100,0,34,ideal_task_centered,100,0.4098360655737705,0.2685546875,21,0.4098360655737705,21
100,1,34,ideal_task_centered,100,0.24778046811945112,0.29980468749999994,21,0.24778046811945117,21
100,2,34,ideal_task_centered,100,0.10848126232741617,0.2685546875,21,0.10848126232741621,21
100,3,34,ideal_task_centered,100,0.16129032258064516,0.17578125,21,0.16129032258064516,21
100,4,34,ideal_task_centered,100,0.15630141493912472,0.4638671875,21,0.15630141493912472,21
100,0,35,ideal_task_centered,100,0.20597014925373133,0.26953125,21,0.20597014925373133,21
100,1,35,ideal_task_centered,100,0.12626262626262622,0.19531249999999994,21,0.12626262626262627,21
100,2,35,ideal_task_centered,100,0.19805194805194806,0.71484375,21,0.19805194805194806,21
100,3,35,ideal_task_centered,100,0.1313559322033898,0.12109374999999999,21,0.13135593220338984,21
100,4,35,ideal_task_centered,100,0.28415651058370756,0.43261718750000006,21,0.2841565105837075,21
100,0,36,ideal_task_centered,100,0.08541846419327007,0.0966796875,21,0.08541846419327004,21
100,1,36,ideal_task_centered,100,0.24607329842931933,0.18359374999999997,21,0.24607329842931938,21
100,2,36,ideal_task_centered,100,0.07434235608082347,0.19042968749999997,21,0.07434235608082349,21
100,3,36,ideal_task_centered,100,0.2347266881028939,0.28515625,21,0.2347266881028939,21
100,4,36,ideal_task_centered,100,0.5626477541371159,0.9296875,21,0.5626477541371159,21
100,0,37,ideal_task_centered,100,0.11368909512761023,0.19140625000000003,21,0.11368909512761019,21
100,1,37,ideal_task_centered,100,0.2959770114942529,0.40234375,21,0.2959770114942529,21
100,2,37,ideal_task_centered,100,0.26054054054054054,0.7060546875,21,0.26054054054054054,21
100,3,37,ideal_task_centered,100,0.17135549872122763,0.26171875,21,0.17135549872122766,21
100,4,37,ideal_task_centered,100,0.06712962962962965,0.11328125000000003,21,0.06712962962962965,21
100,0,38,ideal_task_centered,100,0.04819277108433735,0.0625,21,0.04819277108433736,21
100,1,38,ideal_task_centered,100,0.23564695801199656,0.2685546875,21,0.23564695801199656,21
100,2,38,ideal_task_centered,100,0.25575606720597394,0.4013671875000001,21,0.2557560672059739,21
100,3,38,ideal_task_centered,100,0.19632606199770378,0.1669921875,21,0.19632606199770375,21
100,4,38,ideal_task_centered,100,0.348747591522158,0.70703125,21,0.348747591522158,21
100,0,39,ideal_task_centered,100,0.27649402390438244,0.33886718749999994,21,0.2764940239043825,21
100,1,39,ideal_task_centered,100,0.3174711080897349,0.4560546875,21,0.31747110808973494,21
100,2,39,ideal_task_centered,100,0.07366189719130897,0.13574218750000003,21,0.07366189719130894,21
100,3,39,ideal_task_centered,100,0.31347962382445144,0.390625,21,0.31347962382445144,21
100,4,39,ideal_task_centered,100,0.39740605254406386,1.1669921875,21,0.39740605254406386,21
100,0,40,ideal_task_centered,100,0.0911214953271028,0.15234375,21,0.09112149532710277,21
100,1,40,ideal_task_centered,100,0.23564695801199656,0.2685546875,21,0.23564695801199656,21
100,2,40,ideal_task_centered,100,0.18208955223880596,0.23828125,21,0.18208955223880594,21
100,3,40,ideal_task_centered,100,0.18578830495928939,0.24511718749999997,21,0.18578830495928944,21
100,4,40,ideal_task_centered,100,0.2763195032458368,0.9560546874999999,21,0.2763195032458368,21
100,0,41,ideal_task_centered,100,0.16049382716049382,0.1904296875,21,0.16049382716049385,21
100,1,41,ideal_task_centered,100,0.23973256924546327,0.24511718750000003,21,0.23973256924546324,21
100,2,41,ideal_task_centered,100,0.21634615384615385,0.3515625,21,0.21634615384615388,21
100,3,41,ideal_task_centered,100,0.10658016682113071,0.11230468750000003,21,0.1065801668211307,21
100,4,41,ideal_task_centered,100,0.13257965056526208,0.3779296875,21,0.13257965056526208,21
100,0,42,ideal_task_centered,100,0.09107635694572218,0.09667968750000001,21,0.09107635694572219,21
100,1,42,ideal_task_centered,100,0.1190864600326264,0.21386718749999997,21,0.11908646003262645,21
100,2,42,ideal_task_centered,100,0.09293680297397765,0.07324218749999996,21,0.09293680297397766,21
100,3,42,ideal_task_centered,100,0.18382352941176472,0.390625,21,0.18382352941176472,21
100,4,42,ideal_task_centered,100,0.25584963559647106,0.6513671875,21,0.25584963559647106,21
100,0,43,ideal_task_centered,100,0.059027777777777755,0.06640624999999997,21,0.059027777777777804,21
100,1,43,ideal_task_centered,100,0.2008662696264213,0.3623046875000001,21,0.20086626962642123,21
100,2,43,ideal_task_centered,100,0.1479820627802691,0.12890625000000003,21,0.14798206278026912,21
100,3,43,ideal_task_centered,100,0.2261904761904762,0.296875,21,0.2261904761904762,21
100,4,43,ideal_task_centered,100,0.13257965056526208,0.3779296875,21,0.13257965056526208,21
100,0,44,ideal_task_centered,100,0.3883225208526414,0.40917968750000006,21,0.38832252085264135,21
100,1,44,ideal_task_centered,100,0.09738717339667459,0.1201171875,21,0.09738717339667459,21
100,2,44,ideal_task_centered,100,0.36218138707765263,0.5966796875,21,0.3621813870776526,21
100,3,44,ideal_task_centered,100,0.2291666666666667,0.12890625000000003,21,0.22916666666666666,21
100,4,44,ideal_task_centered,100,0.03469640644361834,0.109375,21,0.03469640644361833,21
100,0,45,ideal_task_centered,100,0.40835266821345706,0.6875,21,0.40835266821345706,21
100,1,45,ideal_task_centered,100,0.18681318681318682,0.265625,21,0.18681318681318682,21
100,2,45,ideal_task_centered,100,0.3033980582524271,0.4882812499999999,21,0.30339805825242727,21
100,3,45,ideal_task_centered,100,0.15625000000000003,0.09765625000000001,21,0.15625,21
100,4,45,ideal_task_centered,100,0.22586780789348548,0.4638671875,21,0.22586780789348548,21
100,0,46,ideal_task_centered,100,0.11659192825112107,0.10156249999999999,21,0.11659192825112108,21
100,1,46,ideal_task_centered,100,0.19681908548707758,0.3867187500000001,21,0.19681908548707752,21
100,2,46,ideal_task_centered,100,0.3338748984565394,0.4013671875,21,0.3338748984565394,21
100,3,46,ideal_task_centered,100,0.18578830495928939,0.24511718749999997,21,0.18578830495928944,21
100,4,46,ideal_task_centered,100,0.10493531384762819,0.21386718750000003,21,0.1049353138476282,21
100,0,47,ideal_task_centered,100,0.43782192788815305,0.5810546875,21,0.43782192788815305,21
100,1,47,ideal_task_centered,100,0.18681318681318682,0.265625,21,0.18681318681318682,21
100,2,47,ideal_task_centered,100,0.08176100628930817,0.05078125,21,0.0817610062893082,21
100,3,47,ideal_task_centered,100,0.15625000000000003,0.09765625000000001,21,0.15625,21
100,4,47,ideal_task_centered,100,0.10133678309616213,0.2294921875,21,0.10133678309616215,21
100,0,48,ideal_task_centered,100,0.12771084337349395,0.20703124999999997,21,0.12771084337349398,21
100,1,48,ideal_task_centered,100,0.22244094488188976,0.44140625,21,0.22244094488188976,21
100,2,48,ideal_task_centered,100,0.24252491694352166,0.21386718750000006,21,0.2425249169435216,21
100,3,48,ideal_task_centered,100,0.16194331983805665,0.15624999999999997,21,0.16194331983805674,21
100,4,48,ideal_task_centered,100,0.11620294599017998,0.34667968749999983,21,0.11620294599018,21
100,0,49,ideal_task_centered,100,0.19809825673534076,0.48828125000000006,21,0.1980982567353407,21
100,1,49,ideal_task_centered,100,0.2671081677704194,0.3544921875,21,0.26710816777041946,21
100,2,49,ideal_task_centered,100,0.08176100628930817,0.05078125,21,0.0817610062893082,21
100,3,49,ideal_task_centered,100,0.4252873563218389,0.14453124999999994,21,0.42528735632183906,21
100,4,49,ideal_task_centered,100,0.10133678309616213,0.2294921875,21,0.10133678309616215,21
100,0,50,ideal_task_centered,100,0.14669051878354206,0.32031250000000006,21,0.14669051878354203,21
100,1,50,ideal_task_centered,100,0.22077922077922077,0.1826171875,21,0.22077922077922071,21
100,2,50,ideal_task_centered,100,0.32211538461538464,0.26171875,21,0.32211538461538464,21
100,3,50,ideal_task_centered,100,0.3534883720930232,0.29687499999999994,21,0.35348837209302325,21
100,4,50,ideal_task_centered,100,0.07280679187033699,0.2763671874999999,21,0.07280679187033705,21
100,0,51,ideal_task_centered,100,0.1266891891891892,0.29296875,21,0.1266891891891892,21
100,1,51,ideal_task_centered,100,0.2671081677704194,0.3544921875,21,0.26710816777041946,21
100,2,51,ideal_task_centered,100,0.11057108140947755,0.08886718750000003,21,0.11057108140947752,21
100,3,51,ideal_task_centered,100,0.2765957446808511,0.203125,21,0.27659574468085113,21
100,4,51,ideal_task_centered,100,0.13544668587896252,0.2294921875,21,0.13544668587896252,21
100,0,52,ideal_task_centered,100,0.14669051878354206,0.32031250000000006,21,0.14669051878354203,21
100,1,52,ideal_task_centered,100,0.08225108225108228,0.07421875000000003,21,0.08225108225108228,21
100,2,52,ideal_task_centered,100,0.13095238095238096,0.12890625,21,0.130952380952381,21
100,3,52,ideal_task_centered,100,0.3476702508960574,0.37890625000000006,21,0.34767025089605746,21
100,4,52,ideal_task_centered,100,0.16781898177247012,0.26074218749999994,21,0.16781898177247015,21
100,0,53,ideal_task_centered,100,0.11377245508982034,0.29687499999999994,21,0.11377245508982034,21
100,1,53,ideal_task_centered,100,0.26595744680851063,0.1953125,21,0.2659574468085106,21
100,2,53,ideal_task_centered,100,0.2882758620689655,0.6123046875,21,0.2882758620689655,21
100,3,53,ideal_task_centered,100,0.4147081122062169,0.5341796875000001,21,0.41470811220621684,21
100,4,53,ideal_task_centered,100,0.08910891089108913,0.10546875000000003,21,0.0891089108910891,21
100,0,54,ideal_task_centered,100,0.19026933101650736,0.21386718749999997,21,0.19026933101650745,21
100,1,54,ideal_task_centered,100,0.06793478260869565,0.09765625,21,0.06793478260869568,21
100,2,54,ideal_task_centered,100,0.2988894253983583,0.6044921875,21,0.2988894253983583,21
100,3,54,ideal_task_centered,100,0.2847457627118644,0.328125,21,0.2847457627118644,21
100,4,54,ideal_task_centered,100,0.16781898177247012,0.26074218749999994,21,0.16781898177247015,21
100,0,55,ideal_task_centered,100,0.24953560371517025,0.39355468749999994,21,0.24953560371517028,21
100,1,55,ideal_task_centered,100,0.12622478386167146,0.2138671875,21,0.12622478386167146,21
100,2,55,ideal_task_centered,100,0.33829259652851573,0.9326171874999999,21,0.3382925965285158,21
100,3,55,ideal_task_centered,100,0.18749999999999994,0.08203124999999997,21,0.18749999999999983,21
100,4,55,ideal_task_centered,100,0.14072847682119205,0.33203125,21,0.14072847682119205,21
100,0,56,ideal_task_centered,100,0.12144212523719164,0.24999999999999997,21,0.12144212523719161,21
100,1,56,ideal_task_centered,100,0.09700815956482324,0.10449218750000003,21,0.09700815956482324,21
100,2,56,ideal_task_centered,100,0.10855263157894737,0.2578125,21,0.10855263157894739,21
100,3,56,ideal_task_centered,100,0.1777003484320558,0.049804687500000014,21,0.17770034843205576,21
100,4,56,ideal_task_centered,100,0.5625704622322435,0.4873046875,21,0.5625704622322436,21
100,0,57,ideal_task_centered,100,0.16810344827586207,0.3046875,21,0.16810344827586207,21
100,1,57,ideal_task_centered,100,0.12622478386167146,0.2138671875,21,0.12622478386167146,21
100,2,57,ideal_task_centered,100,0.09375,0.15234375,21,0.09375000000000003,21
100,3,57,ideal_task_centered,100,0.24358974358974364,0.14843750000000003,21,0.24358974358974345,21
100,4,57,ideal_task_centered,100,0.03676470588235294,0.0390625,21,0.03676470588235293,21
100,0,58,ideal_task_centered,100,0.21052631578947367,0.328125,21,0.21052631578947364,21
100,1,58,ideal_task_centered,100,0.13997113997114,0.28417968750000006,21,0.13997113997113997,21
100,2,58,ideal_task_centered,100,0.20869928900041818,0.4873046874999999,21,0.20869928900041818,21
100,3,58,ideal_task_centered,100,0.2432432432432432,0.16699218749999997,21,0.2432432432432433,21
100,4,58,ideal_task_centered,100,0.30952380952380953,0.40625,21,0.30952380952380953,21
100,0,59,ideal_task_centered,100,0.11715481171548117,0.109375,21,0.11715481171548117,21
100,1,59,ideal_task_centered,100,0.07432432432432429,0.12890624999999994,21,0.07432432432432431,21
100,2,59,ideal_task_centered,100,0.31918735891647854,0.6904296875,21,0.3191873589164786,21
100,3,59,ideal_task_centered,100,0.2857142857142857,0.15625,21,0.2857142857142857,21
100,4,59,ideal_task_centered,100,0.11722331368696791,0.1748046875,21,0.11722331368696792,21
100,0,60,ideal_task_centered,100,0.2127659574468085,0.3515625,21,0.2127659574468085,21
100,1,60,ideal_task_centered,100,0.14705882352941177,0.11718750000000001,21,0.14705882352941177,21
100,2,60,ideal_task_centered,100,0.2946593001841621,0.6250000000000001,21,0.2946593001841621,21
100,3,60,ideal_task_centered,100,0.23809523809523803,0.058593749999999986,21,0.23809523809523808,21
100,4,60,ideal_task_centered,100,0.2559390407888839,0.5576171875,21,0.2559390407888839,21
100,0,61,ideal_task_centered,100,0.06818181818181815,0.14062499999999994,21,0.06818181818181815,21
100,1,61,ideal_task_centered,100,0.048710601719197714,0.04980468750000001,21,0.04871060171919772,21
100,2,61,ideal_task_centered,100,0.3952033368091763,0.37011718750000006,21,0.39520333680917624,21
100,3,61,ideal_task_centered,100,0.24696356275303638,0.23828124999999994,21,0.24696356275303644,21
100,4,61,ideal_task_centered,100,0.08159392789373814,0.16796875,21,0.08159392789373815,21
100,0,62,ideal_task_centered,100,0.08320571720265445,0.15917968750000006,21,0.08320571720265442,21
100,1,62,ideal_task_centered,100,0.15677966101694915,0.14453125,21,0.15677966101694918,21
100,2,62,ideal_task_centered,100,0.43661971830985924,0.4843750000000001,21,0.43661971830985913,21
100,3,62,ideal_task_centered,100,0.23809523809523803,0.058593749999999986,21,0.23809523809523808,21
100,4,62,ideal_task_centered,100,0.15804327375352775,0.65625,21,0.15804327375352775,21
100,0,63,ideal_task_centered,100,0.1508502468458585,0.2685546875,21,0.1508502468458585,21
100,1,63,ideal_task_centered,100,0.037746478873239474,0.06542968750000007,21,0.03774647887323947,21
100,2,63,ideal_task_centered,100,0.535788742182071,0.7529296875000001,21,0.5357887421820708,21
100,3,63,ideal_task_centered,100,0.19047619047619044,0.24999999999999994,21,0.19047619047619047,21
100,4,63,ideal_task_centered,100,0.18838241226300928,0.4560546875,21,0.18838241226300925,21
100,0,64,ideal_task_centered,100,0.08320571720265445,0.15917968750000006,21,0.08320571720265442,21
100,1,64,ideal_task_centered,100,0.27906976744186046,0.75,21,0.27906976744186046,21
100,2,64,ideal_task_centered,100,0.49553128103277067,0.48730468750000006,21,0.4955312810327705,21
100,3,64,ideal_task_centered,100,0.08836206896551727,0.16015625000000006,21,0.08836206896551724,21
100,4,64,ideal_task_centered,100,0.1590493601462523,0.4248046875,21,0.15904936014625223,21
100,0,65,ideal_task_centered,100,0.19636087945413197,0.25292968750000006,21,0.19636087945413191,21
100,1,65,ideal_task_centered,100,0.03669724770642202,0.046875,21,0.03669724770642201,21
100,2,65,ideal_task_centered,100,0.2993421052631579,0.35546875,21,0.2993421052631579,21
100,3,65,ideal_task_centered,100,0.20223152022315202,0.4248046875,21,0.20223152022315202,21
100,4,65,ideal_task_centered,100,0.1077127659574468,0.31640625,21,0.10771276595744685,21
100,0,66,ideal_task_centered,100,0.25095057034220536,0.25781250000000006,21,0.2509505703422053,21
100,1,66,ideal_task_centered,100,0.27906976744186046,0.75,21,0.27906976744186046,21
100,2,66,ideal_task_centered,100,0.29554305495456507,0.6669921874999999,21,0.295543054954565,21
100,3,66,ideal_task_centered,100,0.1474212688270196,0.3154296875,21,0.14742126882701964,21
100,4,66,ideal_task_centered,100,0.11185682326621924,0.1953125,21,0.11185682326621925,21
100,0,67,ideal_task_centered,100,0.043103448275862065,0.05859374999999999,21,0.04310344827586206,21
100,1,67,ideal_task_centered,100,0.07352941176470588,0.21484375,21,0.0735294117647059,21
100,2,67,ideal_task_centered,100,0.33600356030262574,0.7373046875,21,0.33600356030262574,21
100,3,67,ideal_task_centered,100,0.14074074074074075,0.3154296875,21,0.14074074074074072,21
100,4,67,ideal_task_centered,100,0.17647058823529413,0.55078125,21,0.17647058823529413,21
100,0,68,ideal_task_centered,100,0.1413612565445026,0.23730468749999997,21,0.14136125654450263,21
100,1,68,ideal_task_centered,100,0.05117935024477079,0.11230468749999997,21,0.05117935024477079,21
100,2,68,ideal_task_centered,100,0.08926464805348008,0.22167968749999986,21,0.08926464805348018,21
100,3,68,ideal_task_centered,100,0.17438692098092648,0.25000000000000006,21,0.17438692098092642,21
100,4,68,ideal_task_centered,100,0.1101658868566567,0.2529296874999999,21,0.1101658868566567,21
100,0,69,ideal_task_centered,100,0.23292181069958853,0.27636718750000006,21,0.23292181069958853,21
100,1,69,ideal_task_centered,100,0.07812499999999999,0.19531249999999997,21,0.078125,21
100,2,69,ideal_task_centered,100,0.21538461538461534,0.38281249999999994,21,0.2153846153846154,21
100,3,69,ideal_task_centered,100,0.1988756148981026,0.2763671875,21,0.19887561489810257,21
100,4,69,ideal_task_centered,100,0.219068255687974,0.9873046875,21,0.21906825568797395,21
100,0,70,ideal_task_centered,100,0.1273268801191363,0.16699218750000003,21,0.1273268801191363,21
100,1,70,ideal_task_centered,100,0.12349397590361445,0.16015625,21,0.12349397590361445,21
100,2,70,ideal_task_centered,100,0.0725806451612903,0.14062499999999994,21,0.07258064516129034,21
100,3,70,ideal_task_centered,100,0.42133333333333334,0.6171875,21,0.4213333333333334,21
100,4,70,ideal_task_centered,100,0.1101658868566567,0.2529296874999999,21,0.1101658868566567,21
100,0,71,ideal_task_centered,100,0.1556829035339064,0.1591796875,21,0.15568290353390643,21
100,1,71,ideal_task_centered,100,0.29053318824809576,0.2607421875,21,0.29053318824809576,21
100,2,71,ideal_task_centered,100,0.17253521126760563,0.19140625,21,0.17253521126760563,21
100,3,71,ideal_task_centered,100,0.12186379928315409,0.13281249999999997,21,0.12186379928315412,21
100,4,71,ideal_task_centered,100,0.33790999237223496,0.43261718750000006,21,0.3379099923722349,21
100,0,72,ideal_task_centered,100,0.25136612021857924,0.1796875,21,0.25136612021857924,21
100,1,72,ideal_task_centered,100,0.5217794253938832,0.5498046875,21,0.5217794253938832,21
100,2,72,ideal_task_centered,100,0.11578947368421051,0.17187499999999997,21,0.11578947368421051,21
100,3,72,ideal_task_centered,100,0.20706260032102727,0.50390625,21,0.20706260032102725,21
100,4,72,ideal_task_centered,100,0.30007446016381234,0.3935546875,21,0.30007446016381234,21
100,0,73,ideal_task_centered,100,0.203125,0.203125,21,0.203125,21
100,1,73,ideal_task_centered,100,0.21282798833819241,0.28515625,21,0.21282798833819241,21
100,2,73,ideal_task_centered,100,0.17253521126760563,0.19140625,21,0.17253521126760563,21
100,3,73,ideal_task_centered,100,0.19884309472161968,0.2685546875,21,0.19884309472161968,21
100,4,73,ideal_task_centered,100,0.1496723460026212,0.5576171874999999,21,0.14967234600262125,21
100,0,74,ideal_task_centered,100,0.3285024154589372,0.265625,21,0.3285024154589372,21
100,1,74,ideal_task_centered,100,0.05921416712783618,0.10449218749999997,21,0.059214167127836184,21
100,2,74,ideal_task_centered,100,0.10294117647058823,0.08203125,21,0.10294117647058823,21
100,3,74,ideal_task_centered,100,0.33178654292343385,0.55859375,21,0.3317865429234338,21
100,4,74,ideal_task_centered,100,0.04741379310344828,0.08593750000000001,21,0.04741379310344826,21
100,0,75,ideal_task_centered,100,0.12523364485981303,0.06542968749999997,21,0.12523364485981311,21
100,1,75,ideal_task_centered,100,0.25079365079365085,0.38574218750000006,21,0.25079365079365085,21
100,2,75,ideal_task_centered,100,0.1617440225035162,0.1123046875,21,0.1617440225035162,21
100,3,75,ideal_task_centered,100,0.49974266598044276,0.9482421875000002,21,0.49974266598044276,21
100,4,75,ideal_task_centered,100,0.1074074074074074,0.22656249999999997,21,0.10740740740740741,21
100,0,76,ideal_task_centered,100,0.1829988193624558,0.15136718750000006,21,0.18299881936245574,21
100,1,76,ideal_task_centered,100,0.05921416712783618,0.10449218749999997,21,0.059214167127836184,21
100,2,76,ideal_task_centered,100,0.37321937321937304,0.12792968749999994,21,0.3732193732193733,21
100,3,76,ideal_task_centered,100,0.10961667787491598,0.15917968750000006,21,0.10961667787491595,21
100,4,76,ideal_task_centered,100,0.16240497581202484,0.22949218749999994,21,0.16240497581202487,21
100,0,77,ideal_task_centered,100,0.030162412993039452,0.050781250000000014,21,0.030162412993039428,21
100,1,77,ideal_task_centered,100,0.30204572803850777,0.24511718749999997,21,0.3020457280385078,21
100,2,77,ideal_task_centered,100,0.152317880794702,0.08984375,21,0.152317880794702,21
100,3,77,ideal_task_centered,100,0.13973268529769134,0.11230468749999997,21,0.1397326852976914,21
100,4,77,ideal_task_centered,100,0.0758064516129032,0.18359374999999994,21,0.07580645161290324,21
100,0,78,ideal_task_centered,100,0.0905923344947735,0.10156249999999997,21,0.0905923344947735,21
100,1,78,ideal_task_centered,100,0.28421052631578947,0.2373046875,21,0.2842105263157895,21
100,2,78,ideal_task_centered,100,0.133015368309486,0.24511718750000006,21,0.13301536830948596,21
100,3,78,ideal_task_centered,100,0.10961667787491598,0.15917968750000006,21,0.10961667787491595,21
100,4,78,ideal_task_centered,100,0.08895705521472393,0.2265625,21,0.0889570552147239,21
100,0,79,ideal_task_centered,100,0.08695652173913042,0.13281249999999997,21,0.08695652173913045,21
100,1,79,ideal_task_centered,100,0.45955882352941174,0.48828125,21,0.4595588235294117,21
100,2,79,ideal_task_centered,100,0.1965442764578834,0.08886718750000001,21,0.19654427645788336,21
100,3,79,ideal_task_centered,100,0.14866979655712045,0.3710937499999999,21,0.1486697965571205,21
100,4,79,ideal_task_centered,100,0.22858451672010996,0.48730468750000006,21,0.22858451672010993,21
100,0,80,ideal_task_centered,100,0.14991762767710054,0.08886718750000003,21,0.14991762767710046,21
100,1,80,ideal_task_centered,100,0.25820763087843834,0.2841796875,21,0.25820763087843823,21
100,2,80,ideal_task_centered,100,0.17736670293797607,0.1591796875,21,0.177366702937976,21
100,3,80,ideal_task_centered,100,0.44169184290030206,0.7138671874999999,21,0.44169184290030217,21
100,4,80,ideal_task_centered,100,0.23918707660239708,0.4482421875,21,0.23918707660239713,21
100,0,81,ideal_task_centered,100,0.026239067055393597,0.035156250000000014,21,0.02623906705539357,21
100,1,81,ideal_task_centered,100,0.1317680881648299,0.2685546875,21,0.1317680881648299,21
100,2,81,ideal_task_centered,100,0.16071428571428573,0.0703125,21,0.16071428571428573,21
100,3,81,ideal_task_centered,100,0.49974266598044276,0.9482421875000002,21,0.49974266598044276,21
100,4,81,ideal_task_centered,100,0.15340909090909088,0.21093749999999997,21,0.15340909090909088,21
100,0,82,ideal_task_centered,100,0.3758241758241758,0.66796875,21,0.3758241758241758,21
100,1,82,ideal_task_centered,100,0.1332836932241251,0.1748046875,21,0.1332836932241251,21
100,2,82,ideal_task_centered,100,0.3092979127134725,0.1591796875,21,0.3092979127134725,21
100,3,82,ideal_task_centered,100,0.4001244555071562,0.6279296875,21,0.40012445550715603,21
100,4,82,ideal_task_centered,100,0.16202647193062528,0.3466796875,21,0.16202647193062528,21
100,0,83,ideal_task_centered,100,0.32752613240418116,0.36718749999999994,21,0.32752613240418116,21
100,1,83,ideal_task_centered,100,0.14271701814615004,0.28417968749999994,21,0.14271701814615007,21
100,2,83,ideal_task_centered,100,0.29965156794425085,0.3359375,21,0.2996515679442509,21
100,3,83,ideal_task_centered,100,0.5689525244913338,0.7373046875,21,0.5689525244913338,21
100,4,83,ideal_task_centered,100,0.07592891760904685,0.2294921875,21,0.07592891760904683,21
100,0,84,ideal_task_centered,100,0.3415492957746479,0.37890625,21,0.3415492957746479,21
100,1,84,ideal_task_centered,100,0.18043478260869567,0.32421875,21,0.18043478260869567,21
100,2,84,ideal_task_centered,100,0.3092979127134725,0.1591796875,21,0.3092979127134725,21
100,3,84,ideal_task_centered,100,0.2389294403892944,0.4794921875,21,0.23892944038929434,21
100,4,84,ideal_task_centered,100,0.15806451612903225,0.3828125,21,0.15806451612903225,21
100,0,85,ideal_task_centered,100,0.06458333333333334,0.12109375,21,0.06458333333333333,21
100,1,85,ideal_task_centered,100,0.15954415954415951,0.21874999999999994,21,0.1595441595441596,21
100,2,85,ideal_task_centered,100,0.11956521739130427,0.04296874999999997,21,0.11956521739130441,21
100,3,85,ideal_task_centered,100,0.22596153846153846,0.3671875,21,0.22596153846153844,21
100,4,85,ideal_task_centered,100,0.1325796505652621,0.3779296875000001,21,0.1325796505652621,21
100,0,86,ideal_task_centered,100,0.27756653992395436,0.28515625,21,0.27756653992395436,21
100,1,86,ideal_task_centered,100,0.26973684210526316,0.3203125,21,0.26973684210526316,21
100,2,86,ideal_task_centered,100,0.07526881720430108,0.08203125,21,0.07526881720430109,21
100,3,86,ideal_task_centered,100,0.2875,0.26953125,21,0.28750000000000003,21
100,4,86,ideal_task_centered,100,0.13942093541202671,0.9169921874999999,21,0.13942093541202671,21
100,0,87,ideal_task_centered,100,0.32752613240418116,0.36718749999999994,21,0.32752613240418116,21
100,1,87,ideal_task_centered,100,0.058370750481077614,0.0888671875,21,0.058370750481077614,21
100,2,87,ideal_task_centered,100,0.31851851851851853,0.16796875,21,0.31851851851851853,21
100,3,87,ideal_task_centered,100,0.1859713890170743,0.3935546875,21,0.1859713890170743,21
100,4,87,ideal_task_centered,100,0.2653865091088134,0.5263671875,21,0.2653865091088134,21
100,0,88,ideal_task_centered,100,0.3722943722943723,0.3359375,21,0.3722943722943723,21
100,1,88,ideal_task_centered,100,0.0812157448928749,0.15917968749999994,21,0.0812157448928749,21
100,2,88,ideal_task_centered,100,0.24822695035460993,0.41015625,21,0.24822695035460993,21
100,3,88,ideal_task_centered,100,0.2485110990795885,0.44824218749999994,21,0.24851109907958846,21
100,4,88,ideal_task_centered,100,0.4368580060422961,0.7060546875,21,0.4368580060422961,21
100,0,89,ideal_task_centered,100,0.2708333333333333,0.203125,21,0.2708333333333333,21
100,1,89,ideal_task_centered,100,0.11438127090301005,0.16699218750000003,21,0.11438127090301003,21
100,2,89,ideal_task_centered,100,0.31851851851851853,0.16796875,21,0.31851851851851853,21
100,3,89,ideal_task_centered,100,0.09177215189873415,0.11328124999999997,21,0.0917721518987342,21
100,4,89,ideal_task_centered,100,0.27281084808090095,1.1591796875,21,0.27281084808090095,21
100,0,90,ideal_task_centered,100,0.3722943722943723,0.3359375,21,0.3722943722943723,21
100,1,90,ideal_task_centered,100,0.09013605442176871,0.20703125,21,0.09013605442176872,21
100,2,90,ideal_task_centered,100,0.37225170583775585,0.4794921875,21,0.37225170583775596,21
100,3,90,ideal_task_centered,100,0.13875598086124405,0.19824218750000006,21,0.13875598086124405,21
100,4,90,ideal_task_centered,100,0.1556650246305419,0.6171875000000001,21,0.15566502463054188,21
100,0,91,ideal_task_centered,100,0.1301818181818182,0.17480468750000003,21,0.1301818181818182,21
100,1,91,ideal_task_centered,100,0.0700472711645896,0.1591796875,21,0.07004727116458957,21
100,2,91,ideal_task_centered,100,0.189873417721519,0.23437500000000003,21,0.189873417721519,21
100,3,91,ideal_task_centered,100,0.3701492537313432,0.48437499999999994,21,0.3701492537313433,21
100,4,91,ideal_task_centered,100,0.27281084808090095,1.1591796875,21,0.27281084808090095,21
100,0,92,ideal_task_centered,100,0.15301391035548687,0.0966796875,21,0.1530139103554869,21
100,1,92,ideal_task_centered,100,0.12873703477730322,0.2060546875,21,0.12873703477730322,21
100,2,92,ideal_task_centered,100,0.19436288901937765,0.3232421875000001,21,0.1943628890193776,21
100,3,92,ideal_task_centered,100,0.33948717948717955,0.32324218750000006,21,0.3394871794871795,21
100,4,92,ideal_task_centered,100,0.2913616398243045,0.9716796875,21,0.2913616398243045,21
100,0,93,ideal_task_centered,100,0.13675213675213677,0.1875,21,0.13675213675213674,21
100,1,93,ideal_task_centered,100,0.11406844106463879,0.1171875,21,0.11406844106463884,21
100,2,93,ideal_task_centered,100,0.20065789473684212,0.23828125000000003,21,0.20065789473684206,21
100,3,93,ideal_task_centered,100,0.21407624633431083,0.21386718749999997,21,0.21407624633431085,21
100,4,93,ideal_task_centered,100,0.12459283387622154,0.5976562500000002,21,0.12459283387622153,21
100,0,94,ideal_task_centered,100,0.23275862068965508,0.3164062499999999,21,0.23275862068965517,21
100,1,94,ideal_task_centered,100,0.09045226130653267,0.0703125,21,0.0904522613065327,21
100,2,94,ideal_task_centered,100,0.08173076923076922,0.13281249999999997,21,0.08173076923076922,21
100,3,94,ideal_task_centered,100,0.3729372937293729,0.44140624999999994,21,0.372937293729373,21
100,4,94,ideal_task_centered,100,0.2913616398243045,0.9716796875,21,0.2913616398243045,21
100,0,95,ideal_task_centered,100,0.13675213675213677,0.1875,21,0.13675213675213674,21
100,1,95,ideal_task_centered,100,0.31696428571428575,0.27734375000000006,21,0.3169642857142857,21
100,2,95,ideal_task_centered,100,0.27353071144498453,0.6044921875,21,0.27353071144498453,21
100,3,95,ideal_task_centered,100,0.7107061503416855,1.2187499999999998,21,0.7107061503416856,21
100,4,95,ideal_task_centered,100,0.09884678747940695,0.23437500000000008,21,0.09884678747940691,21
100,0,96,ideal_task_centered,100,0.15866388308977036,0.296875,21,0.15866388308977034,21
100,1,96,ideal_task_centered,100,0.12873703477730322,0.2060546875,21,0.12873703477730322,21
100,2,96,ideal_task_centered,100,0.07235621521335811,0.1904296875000001,21,0.07235621521335805,21
100,3,96,ideal_task_centered,100,0.5930076199013895,1.2919921875,21,0.5930076199013896,21
100,4,96,ideal_task_centered,100,0.2913616398243045,0.9716796875,21,0.2913616398243045,21
100,0,97,ideal_task_centered,100,0.11978891820580474,0.2216796875,21,0.11978891820580471,21
100,1,97,ideal_task_centered,100,0.18181818181818182,0.2890625,21,0.18181818181818182,21
100,2,97,ideal_task_centered,100,0.22321428571428567,0.29296874999999994,21,0.22321428571428573,21
100,3,97,ideal_task_centered,100,0.3990216631726066,0.5576171875000001,21,0.39902166317260657,21
100,4,97,ideal_task_centered,100,0.27281084808090095,1.1591796875,21,0.27281084808090095,21
100,0,98,ideal_task_centered,100,0.15866388308977036,0.296875,21,0.15866388308977034,21
100,1,98,ideal_task_centered,100,0.06533776301218164,0.057617187500000014,21,0.06533776301218161,21
100,2,98,ideal_task_centered,100,0.10294117647058829,0.19140625000000008,21,0.10294117647058827,21
100,3,98,ideal_task_centered,100,0.15586206896551724,0.3310546875,21,0.1558620689655172,21
100,4,98,ideal_task_centered,100,0.14014084507042257,0.7773437500000002,21,0.14014084507042254,21
100,0,99,ideal_task_centered,100,0.11978891820580474,0.2216796875,21,0.11978891820580471,21
100,1,99,ideal_task_centered,100,0.2747747747747748,0.4765625,21,0.27477477477477485,21
100,2,99,ideal_task_centered,100,0.22321428571428567,0.29296874999999994,21,0.22321428571428573,21
100,3,99,ideal_task_centered,100,0.179427235534775,0.2998046875,21,0.179427235534775,21
100,4,99,ideal_task_centered,100,0.20240384615384616,1.64453125,21,0.20240384615384618,21
100,0,100,ideal_task_centered,100,0.17063222297756625,0.24511718749999997,21,0.17063222297756628,21
100,1,100,ideal_task_centered,100,0.1612903225806452,0.17578125000000006,21,0.16129032258064524,21
100,2,100,ideal_task_centered,100,0.07235621521335811,0.1904296875000001,21,0.07235621521335805,21
100,3,100,ideal_task_centered,100,0.10933333333333331,0.16015624999999997,21,0.10933333333333331,21
100,4,100,ideal_task_centered,100,0.14014084507042257,0.7773437500000002,21,0.14014084507042254,21
