step,run_id,loss
151000,A_w20_T10000_std_lr0.01_bfull_s0_shuffle,0.894969
151000,A_w20_T10000_std_lr0.01_bfull_s1_shuffle,1.77082
151000,A_w20_T10000_std_lr0.01_bfull_s2_shuffle,0.415879
151000,A_w20_T10000_std_lr0.01_bfull_s3_shuffle,0.461615
151000,A_w20_T10000_std_lr0.01_bfull_s4_shuffle,0.504616
152000,A_w20_T10000_std_lr0.01_bfull_s0_shuffle,0.178919
152000,A_w20_T10000_std_lr0.01_bfull_s1_shuffle,0.645408
152000,A_w20_T10000_std_lr0.01_bfull_s2_shuffle,0.233828
152000,A_w20_T10000_std_lr0.01_bfull_s3_shuffle,0.205331
152000,A_w20_T10000_std_lr0.01_bfull_s4_shuffle,0.112705
153000,A_w20_T10000_std_lr0.01_bfull_s0_shuffle,0.0511762
153000,A_w20_T10000_std_lr0.01_bfull_s1_shuffle,0.598809
153000,A_w20_T10000_std_lr0.01_bfull_s2_shuffle,0.181433
153000,A_w20_T10000_std_lr0.01_bfull_s3_shuffle,0.11932
153000,A_w20_T10000_std_lr0.01_bfull_s4_shuffle,0.0538958
154000,A_w20_T10000_std_lr0.01_bfull_s0_shuffle,0.0150288
154000,A_w20_T10000_std_lr0.01_bfull_s1_shuffle,0.568787
154000,A_w20_T10000_std_lr0.01_bfull_s2_shuffle,0.146607
154000,A_w20_T10000_std_lr0.01_bfull_s3_shuffle,0.0767199
154000,A_w20_T10000_std_lr0.01_bfull_s4_shuffle,0.0286759
155000,A_w20_T10000_std_lr0.01_bfull_s0_shuffle,0.00870039
155000,A_w20_T10000_std_lr0.01_bfull_s1_shuffle,0.536603
155000,A_w20_T10000_std_lr0.01_bfull_s2_shuffle,0.133986
155000,A_w20_T10000_std_lr0.01_bfull_s3_shuffle,0.0480346
155000,A_w20_T10000_std_lr0.01_bfull_s4_shuffle,0.0164303
156000,A_w20_T10000_std_lr0.01_bfull_s0_shuffle,0.00498552
156000,A_w20_T10000_std_lr0.01_bfull_s1_shuffle,0.497264
156000,A_w20_T10000_std_lr0.01_bfull_s2_shuffle,0.0975129
156000,A_w20_T10000_std_lr0.01_bfull_s3_shuffle,0.033886
156000,A_w20_T10000_std_lr0.01_bfull_s4_shuffle,0.00942615
157000,A_w20_T10000_std_lr0.01_bfull_s0_shuffle,0.00219777
157000,A_w20_T10000_std_lr0.01_bfull_s1_shuffle,0.466925
157000,A_w20_T10000_std_lr0.01_bfull_s2_shuffle,0.0766248
157000,A_w20_T10000_std_lr0.01_bfull_s3_shuffle,0.0217327
157000,A_w20_T10000_std_lr0.01_bfull_s4_shuffle,0.0053466
158000,A_w20_T10000_std_lr0.01_bfull_s0_shuffle,0.000749512
158000,A_w20_T10000_std_lr0.01_bfull_s1_shuffle,0.450296
158000,A_w20_T10000_std_lr0.01_bfull_s2_shuffle,0.0663172
158000,A_w20_T10000_std_lr0.01_bfull_s3_shuffle,0.00934818
158000,A_w20_T10000_std_lr0.01_bfull_s4_shuffle,0.00300506
159000,A_w20_T10000_std_lr0.01_bfull_s0_shuffle,0.000256948
159000,A_w20_T10000_std_lr0.01_bfull_s1_shuffle,0.44032
159000,A_w20_T10000_std_lr0.01_bfull_s2_shuffle,0.0481152
159000,A_w20_T10000_std_lr0.01_bfull_s3_shuffle,0.00461701
159000,A_w20_T10000_std_lr0.01_bfull_s4_shuffle,0.00147573
160000,A_w20_T10000_std_lr0.01_bfull_s0_shuffle,9.18149e-05
160000,A_w20_T10000_std_lr0.01_bfull_s1_shuffle,0.4357
160000,A_w20_T10000_std_lr0.01_bfull_s2_shuffle,0.0344367
160000,A_w20_T10000_std_lr0.01_bfull_s3_shuffle,0.00241527
160000,A_w20_T10000_std_lr0.01_bfull_s4_shuffle,0.000648689
161000,A_w20_T10000_std_lr0.01_bfull_s0_shuffle,0.248034
161000,A_w20_T10000_std_lr0.01_bfull_s1_shuffle,0.498305
161000,A_w20_T10000_std_lr0.01_bfull_s2_shuffle,0.158903
161000,A_w20_T10000_std_lr0.01_bfull_s3_shuffle,0.248816
161000,A_w20_T10000_std_lr0.01_bfull_s4_shuffle,0.283325
162000,A_w20_T10000_std_lr0.01_bfull_s0_shuffle,0.0379744
162000,A_w20_T10000_std_lr0.01_bfull_s1_shuffle,0.348739
162000,A_w20_T10000_std_lr0.01_bfull_s2_shuffle,0.00475024
162000,A_w20_T10000_std_lr0.01_bfull_s3_shuffle,0.0126078
162000,A_w20_T10000_std_lr0.01_bfull_s4_shuffle,0.0350188
163000,A_w20_T10000_std_lr0.01_bfull_s0_shuffle,0.0207238
163000,A_w20_T10000_std_lr0.01_bfull_s1_shuffle,0.332237
163000,A_w20_T10000_std_lr0.01_bfull_s2_shuffle,0.00107212
163000,A_w20_T10000_std_lr0.01_bfull_s3_shuffle,0.00279972
163000,A_w20_T10000_std_lr0.01_bfull_s4_shuffle,0.0192659
164000,A_w20_T10000_std_lr0.01_bfull_s0_shuffle,0.0132697
164000,A_w20_T10000_std_lr0.01_bfull_s1_shuffle,0.324702
164000,A_w20_T10000_std_lr0.01_bfull_s2_shuffle,0.000389533
164000,A_w20_T10000_std_lr0.01_bfull_s3_shuffle,0.00192442
164000,A_w20_T10000_std_lr0.01_bfull_s4_shuffle,0.0167024
165000,A_w20_T10000_std_lr0.01_bfull_s0_shuffle,0.0104142
165000,A_w20_T10000_std_lr0.01_bfull_s1_shuffle,0.316645
165000,A_w20_T10000_std_lr0.01_bfull_s2_shuffle,0.000178169
165000,A_w20_T10000_std_lr0.01_bfull_s3_shuffle,0.000368127
165000,A_w20_T10000_std_lr0.01_bfull_s4_shuffle,0.0159987
166000,A_w20_T10000_std_lr0.01_bfull_s0_shuffle,0.00871503
166000,A_w20_T10000_std_lr0.01_bfull_s1_shuffle,0.304962
166000,A_w20_T10000_std_lr0.01_bfull_s2_shuffle,8.071e-05
166000,A_w20_T10000_std_lr0.01_bfull_s3_shuffle,6.54179e-05
166000,A_w20_T10000_std_lr0.01_bfull_s4_shuffle,0.0157613
167000,A_w20_T10000_std_lr0.01_bfull_s0_shuffle,0.00752521
167000,A_w20_T10000_std_lr0.01_bfull_s1_shuffle,0.281649
167000,A_w20_T10000_std_lr0.01_bfull_s2_shuffle,3.15561e-05
167000,A_w20_T10000_std_lr0.01_bfull_s3_shuffle,1.57965e-05
167000,A_w20_T10000_std_lr0.01_bfull_s4_shuffle,0.0156871
168000,A_w20_T10000_std_lr0.01_bfull_s0_shuffle,0.0065777
168000,A_w20_T10000_std_lr0.01_bfull_s1_shuffle,0.238053
168000,A_w20_T10000_std_lr0.01_bfull_s2_shuffle,1.21016e-05
168000,A_w20_T10000_std_lr0.01_bfull_s3_shuffle,5.56417e-06
168000,A_w20_T10000_std_lr0.01_bfull_s4_shuffle,0.015647
169000,A_w20_T10000_std_lr0.01_bfull_s0_shuffle,0.00580337
169000,A_w20_T10000_std_lr0.01_bfull_s1_shuffle,0.207006
169000,A_w20_T10000_std_lr0.01_bfull_s2_shuffle,4.63183e-06
169000,A_w20_T10000_std_lr0.01_bfull_s3_shuffle,1.64575e-06
169000,A_w20_T10000_std_lr0.01_bfull_s4_shuffle,0.0156328
170000,A_w20_T10000_std_lr0.01_bfull_s0_shuffle,0.0051542
170000,A_w20_T10000_std_lr0.01_bfull_s1_shuffle,0.182098
170000,A_w20_T10000_std_lr0.01_bfull_s2_shuffle,1.76886e-06
170000,A_w20_T10000_std_lr0.01_bfull_s3_shuffle,6.52193e-07
170000,A_w20_T10000_std_lr0.01_bfull_s4_shuffle,0.0156278
171000,A_w20_T10000_std_lr0.01_bfull_s0_shuffle,0.221929
171000,A_w20_T10000_std_lr0.01_bfull_s1_shuffle,0.655878
171000,A_w20_T10000_std_lr0.01_bfull_s2_shuffle,0.171094
171000,A_w20_T10000_std_lr0.01_bfull_s3_shuffle,0.361815
171000,A_w20_T10000_std_lr0.01_bfull_s4_shuffle,0.454594
172000,A_w20_T10000_std_lr0.01_bfull_s0_shuffle,0.0305039
172000,A_w20_T10000_std_lr0.01_bfull_s1_shuffle,0.43883
172000,A_w20_T10000_std_lr0.01_bfull_s2_shuffle,0.031233
172000,A_w20_T10000_std_lr0.01_bfull_s3_shuffle,0.0891467
172000,A_w20_T10000_std_lr0.01_bfull_s4_shuffle,0.149356
173000,A_w20_T10000_std_lr0.01_bfull_s0_shuffle,0.0186785
173000,A_w20_T10000_std_lr0.01_bfull_s1_shuffle,0.402414
173000,A_w20_T10000_std_lr0.01_bfull_s2_shuffle,0.0145696
173000,A_w20_T10000_std_lr0.01_bfull_s3_shuffle,0.0521259
173000,A_w20_T10000_std_lr0.01_bfull_s4_shuffle,0.0851789
174000,A_w20_T10000_std_lr0.01_bfull_s0_shuffle,0.0168642
174000,A_w20_T10000_std_lr0.01_bfull_s1_shuffle,0.3911
174000,A_w20_T10000_std_lr0.01_bfull_s2_shuffle,0.00808093
174000,A_w20_T10000_std_lr0.01_bfull_s3_shuffle,0.0444962
174000,A_w20_T10000_std_lr0.01_bfull_s4_shuffle,0.0461893
175000,A_w20_T10000_std_lr0.01_bfull_s0_shuffle,0.0163389
175000,A_w20_T10000_std_lr0.01_bfull_s1_shuffle,0.385311
175000,A_w20_T10000_std_lr0.01_bfull_s2_shuffle,0.00861251
175000,A_w20_T10000_std_lr0.01_bfull_s3_shuffle,0.0435821
175000,A_w20_T10000_std_lr0.01_bfull_s4_shuffle,0.0258052
176000,A_w20_T10000_std_lr0.01_bfull_s0_shuffle,0.0160664
176000,A_w20_T10000_std_lr0.01_bfull_s1_shuffle,0.38084
176000,A_w20_T10000_std_lr0.01_bfull_s2_shuffle,0.00775441
176000,A_w20_T10000_std_lr0.01_bfull_s3_shuffle,0.0432829
176000,A_w20_T10000_std_lr0.01_bfull_s4_shuffle,0.0166583
177000,A_w20_T10000_std_lr0.01_bfull_s0_shuffle,0.0159003
177000,A_w20_T10000_std_lr0.01_bfull_s1_shuffle,0.376487
177000,A_w20_T10000_std_lr0.01_bfull_s2_shuffle,0.00302447
177000,A_w20_T10000_std_lr0.01_bfull_s3_shuffle,0.029158
177000,A_w20_T10000_std_lr0.01_bfull_s4_shuffle,0.0178034
178000,A_w20_T10000_std_lr0.01_bfull_s0_shuffle,0.0157962
178000,A_w20_T10000_std_lr0.01_bfull_s1_shuffle,0.372682
178000,A_w20_T10000_std_lr0.01_bfull_s2_shuffle,0.00020088
178000,A_w20_T10000_std_lr0.01_bfull_s3_shuffle,0.0247105
178000,A_w20_T10000_std_lr0.01_bfull_s4_shuffle,0.0168931
179000,A_w20_T10000_std_lr0.01_bfull_s0_shuffle,0.0157311
179000,A_w20_T10000_std_lr0.01_bfull_s1_shuffle,0.369437
179000,A_w20_T10000_std_lr0.01_bfull_s2_shuffle,6.02337e-05
179000,A_w20_T10000_std_lr0.01_bfull_s3_shuffle,0.0297182
179000,A_w20_T10000_std_lr0.01_bfull_s4_shuffle,0.00901022
180000,A_w20_T10000_std_lr0.01_bfull_s0_shuffle,0.0156904
180000,A_w20_T10000_std_lr0.01_bfull_s1_shuffle,0.367129
180000,A_w20_T10000_std_lr0.01_bfull_s2_shuffle,1.03935e-05
180000,A_w20_T10000_std_lr0.01_bfull_s3_shuffle,0.028537
180000,A_w20_T10000_std_lr0.01_bfull_s4_shuffle,0.00575366
181000,A_w20_T10000_std_lr0.01_bfull_s0_shuffle,0.379897
181000,A_w20_T10000_std_lr0.01_bfull_s1_shuffle,0.493163
181000,A_w20_T10000_std_lr0.01_bfull_s2_shuffle,0.150517
181000,A_w20_T10000_std_lr0.01_bfull_s3_shuffle,1.23325
181000,A_w20_T10000_std_lr0.01_bfull_s4_shuffle,0.408902
182000,A_w20_T10000_std_lr0.01_bfull_s0_shuffle,0.173731
182000,A_w20_T10000_std_lr0.01_bfull_s1_shuffle,0.23123
182000,A_w20_T10000_std_lr0.01_bfull_s2_shuffle,0.0172353
182000,A_w20_T10000_std_lr0.01_bfull_s3_shuffle,0.684496
182000,A_w20_T10000_std_lr0.01_bfull_s4_shuffle,0.149878
183000,A_w20_T10000_std_lr0.01_bfull_s0_shuffle,0.117354
183000,A_w20_T10000_std_lr0.01_bfull_s1_shuffle,0.179902
183000,A_w20_T10000_std_lr0.01_bfull_s2_shuffle,0.00530207
183000,A_w20_T10000_std_lr0.01_bfull_s3_shuffle,0.525443
183000,A_w20_T10000_std_lr0.01_bfull_s4_shuffle,0.0667968
184000,A_w20_T10000_std_lr0.01_bfull_s0_shuffle,0.0752648
184000,A_w20_T10000_std_lr0.01_bfull_s1_shuffle,0.146167
184000,A_w20_T10000_std_lr0.01_bfull_s2_shuffle,0.00133786
184000,A_w20_T10000_std_lr0.01_bfull_s3_shuffle,0.468893
184000,A_w20_T10000_std_lr0.01_bfull_s4_shuffle,0.0284693
185000,A_w20_T10000_std_lr0.01_bfull_s0_shuffle,0.0492984
185000,A_w20_T10000_std_lr0.01_bfull_s1_shuffle,0.123741
185000,A_w20_T10000_std_lr0.01_bfull_s2_shuffle,0.000332794
185000,A_w20_T10000_std_lr0.01_bfull_s3_shuffle,0.445332
185000,A_w20_T10000_std_lr0.01_bfull_s4_shuffle,0.0176458
186000,A_w20_T10000_std_lr0.01_bfull_s0_shuffle,0.036107
186000,A_w20_T10000_std_lr0.01_bfull_s1_shuffle,0.110146
186000,A_w20_T10000_std_lr0.01_bfull_s2_shuffle,0.000103055
186000,A_w20_T10000_std_lr0.01_bfull_s3_shuffle,0.417468
186000,A_w20_T10000_std_lr0.01_bfull_s4_shuffle,0.0131726
187000,A_w20_T10000_std_lr0.01_bfull_s0_shuffle,0.0280894
187000,A_w20_T10000_std_lr0.01_bfull_s1_shuffle,0.100989
187000,A_w20_T10000_std_lr0.01_bfull_s2_shuffle,3.3783e-05
187000,A_w20_T10000_std_lr0.01_bfull_s3_shuffle,0.3983
187000,A_w20_T10000_std_lr0.01_bfull_s4_shuffle,0.0108571
188000,A_w20_T10000_std_lr0.01_bfull_s0_shuffle,0.0229561
188000,A_w20_T10000_std_lr0.01_bfull_s1_shuffle,0.0937554
188000,A_w20_T10000_std_lr0.01_bfull_s2_shuffle,1.09067e-05
188000,A_w20_T10000_std_lr0.01_bfull_s3_shuffle,0.375863
188000,A_w20_T10000_std_lr0.01_bfull_s4_shuffle,0.00984264
189000,A_w20_T10000_std_lr0.01_bfull_s0_shuffle,0.019872
189000,A_w20_T10000_std_lr0.01_bfull_s1_shuffle,0.087452
189000,A_w20_T10000_std_lr0.01_bfull_s2_shuffle,3.32214e-06
189000,A_w20_T10000_std_lr0.01_bfull_s3_shuffle,0.400636
189000,A_w20_T10000_std_lr0.01_bfull_s4_shuffle,0.00934485
190000,A_w20_T10000_std_lr0.01_bfull_s0_shuffle,0.0181489
190000,A_w20_T10000_std_lr0.01_bfull_s1_shuffle,0.0818471
190000,A_w20_T10000_std_lr0.01_bfull_s2_shuffle,1.00851e-06
190000,A_w20_T10000_std_lr0.01_bfull_s3_shuffle,0.370137
190000,A_w20_T10000_std_lr0.01_bfull_s4_shuffle,0.00904187
191000,A_w20_T10000_std_lr0.01_bfull_s0_shuffle,0.14884
191000,A_w20_T10000_std_lr0.01_bfull_s1_shuffle,0.687223
191000,A_w20_T10000_std_lr0.01_bfull_s2_shuffle,0.139643
191000,A_w20_T10000_std_lr0.01_bfull_s3_shuffle,0.752764
191000,A_w20_T10000_std_lr0.01_bfull_s4_shuffle,0.362311
192000,A_w20_T10000_std_lr0.01_bfull_s0_shuffle,0.0360146
192000,A_w20_T10000_std_lr0.01_bfull_s1_shuffle,0.397187
192000,A_w20_T10000_std_lr0.01_bfull_s2_shuffle,0.0146323
192000,A_w20_T10000_std_lr0.01_bfull_s3_shuffle,0.465321
192000,A_w20_T10000_std_lr0.01_bfull_s4_shuffle,0.217272
193000,A_w20_T10000_std_lr0.01_bfull_s0_shuffle,0.0175434
193000,A_w20_T10000_std_lr0.01_bfull_s1_shuffle,0.313741
193000,A_w20_T10000_std_lr0.01_bfull_s2_shuffle,0.00119885
193000,A_w20_T10000_std_lr0.01_bfull_s3_shuffle,0.398735
193000,A_w20_T10000_std_lr0.01_bfull_s4_shuffle,0.181706
194000,A_w20_T10000_std_lr0.01_bfull_s0_shuffle,0.00420323
194000,A_w20_T10000_std_lr0.01_bfull_s1_shuffle,0.296379
194000,A_w20_T10000_std_lr0.01_bfull_s2_shuffle,0.000290758
194000,A_w20_T10000_std_lr0.01_bfull_s3_shuffle,0.350501
194000,A_w20_T10000_std_lr0.01_bfull_s4_shuffle,0.141383
195000,A_w20_T10000_std_lr0.01_bfull_s0_shuffle,0.00123335
195000,A_w20_T10000_std_lr0.01_bfull_s1_shuffle,0.290263
195000,A_w20_T10000_std_lr0.01_bfull_s2_shuffle,4.57063e-05
195000,A_w20_T10000_std_lr0.01_bfull_s3_shuffle,0.348342
195000,A_w20_T10000_std_lr0.01_bfull_s4_shuffle,0.106182
196000,A_w20_T10000_std_lr0.01_bfull_s0_shuffle,0.000340109
196000,A_w20_T10000_std_lr0.01_bfull_s1_shuffle,0.286482
196000,A_w20_T10000_std_lr0.01_bfull_s2_shuffle,9.06373e-06
196000,A_w20_T10000_std_lr0.01_bfull_s3_shuffle,0.333094
196000,A_w20_T10000_std_lr0.01_bfull_s4_shuffle,0.0841413
197000,A_w20_T10000_std_lr0.01_bfull_s0_shuffle,9.3839e-05
197000,A_w20_T10000_std_lr0.01_bfull_s1_shuffle,0.283546
197000,A_w20_T10000_std_lr0.01_bfull_s2_shuffle,1.72877e-06
197000,A_w20_T10000_std_lr0.01_bfull_s3_shuffle,0.316941
197000,A_w20_T10000_std_lr0.01_bfull_s4_shuffle,0.0677854
198000,A_w20_T10000_std_lr0.01_bfull_s0_shuffle,2.60638e-05
198000,A_w20_T10000_std_lr0.01_bfull_s1_shuffle,0.281013
198000,A_w20_T10000_std_lr0.01_bfull_s2_shuffle,3.23234e-07
198000,A_w20_T10000_std_lr0.01_bfull_s3_shuffle,0.281058
198000,A_w20_T10000_std_lr0.01_bfull_s4_shuffle,0.0542631
199000,A_w20_T10000_std_lr0.01_bfull_s0_shuffle,7.23328e-06
199000,A_w20_T10000_std_lr0.01_bfull_s1_shuffle,0.278754
199000,A_w20_T10000_std_lr0.01_bfull_s2_shuffle,6.01534e-08
199000,A_w20_T10000_std_lr0.01_bfull_s3_shuffle,0.259316
199000,A_w20_T10000_std_lr0.01_bfull_s4_shuffle,0.0419647
200000,A_w20_T10000_std_lr0.01_bfull_s0_shuffle,2.01101e-06
200000,A_w20_T10000_std_lr0.01_bfull_s1_shuffle,0.276652
200000,A_w20_T10000_std_lr0.01_bfull_s2_shuffle,1.01569e-08
200000,A_w20_T10000_std_lr0.01_bfull_s3_shuffle,0.230939
200000,A_w20_T10000_std_lr0.01_bfull_s4_shuffle,0.0312197
201000,A_w20_T10000_std_lr0.01_bfull_s0_shuffle,0.257584
201000,A_w20_T10000_std_lr0.01_bfull_s1_shuffle,0.499574
201000,A_w20_T10000_std_lr0.01_bfull_s2_shuffle,0.0609061
201000,A_w20_T10000_std_lr0.01_bfull_s3_shuffle,0.850076
201000,A_w20_T10000_std_lr0.01_bfull_s4_shuffle,0.217842
202000,A_w20_T10000_std_lr0.01_bfull_s0_shuffle,0.0843723
202000,A_w20_T10000_std_lr0.01_bfull_s1_shuffle,0.359841
202000,A_w20_T10000_std_lr0.01_bfull_s2_shuffle,0.000192356
202000,A_w20_T10000_std_lr0.01_bfull_s3_shuffle,0.542851
202000,A_w20_T10000_std_lr0.01_bfull_s4_shuffle,0.0299898
203000,A_w20_T10000_std_lr0.01_bfull_s0_shuffle,0.0699603
203000,A_w20_T10000_std_lr0.01_bfull_s1_shuffle,0.316346
203000,A_w20_T10000_std_lr0.01_bfull_s2_shuffle,4.19828e-06
203000,A_w20_T10000_std_lr0.01_bfull_s3_shuffle,0.47548
203000,A_w20_T10000_std_lr0.01_bfull_s4_shuffle,0.0212518
204000,A_w20_T10000_std_lr0.01_bfull_s0_shuffle,0.0629481
204000,A_w20_T10000_std_lr0.01_bfull_s1_shuffle,0.27599
204000,A_w20_T10000_std_lr0.01_bfull_s2_shuffle,1.05966e-07
204000,A_w20_T10000_std_lr0.01_bfull_s3_shuffle,0.431753
204000,A_w20_T10000_std_lr0.01_bfull_s4_shuffle,0.0190488
205000,A_w20_T10000_std_lr0.01_bfull_s0_shuffle,0.0562822
205000,A_w20_T10000_std_lr0.01_bfull_s1_shuffle,0.253158
205000,A_w20_T10000_std_lr0.01_bfull_s2_shuffle,3.61548e-09
205000,A_w20_T10000_std_lr0.01_bfull_s3_shuffle,0.406507
205000,A_w20_T10000_std_lr0.01_bfull_s4_shuffle,0.0180699
206000,A_w20_T10000_std_lr0.01_bfull_s0_shuffle,0.0487618
206000,A_w20_T10000_std_lr0.01_bfull_s1_shuffle,0.235239
206000,A_w20_T10000_std_lr0.01_bfull_s2_shuffle,6.35684e-10
206000,A_w20_T10000_std_lr0.01_bfull_s3_shuffle,0.390905
206000,A_w20_T10000_std_lr0.01_bfull_s4_shuffle,0.0098508
207000,A_w20_T10000_std_lr0.01_bfull_s0_shuffle,0.040907
207000,A_w20_T10000_std_lr0.01_bfull_s1_shuffle,0.218713
207000,A_w20_T10000_std_lr0.01_bfull_s2_shuffle,4.36103e-10
207000,A_w20_T10000_std_lr0.01_bfull_s3_shuffle,0.379827
207000,A_w20_T10000_std_lr0.01_bfull_s4_shuffle,0.00561552
208000,A_w20_T10000_std_lr0.01_bfull_s0_shuffle,0.0342196
208000,A_w20_T10000_std_lr0.01_bfull_s1_shuffle,0.144654
208000,A_w20_T10000_std_lr0.01_bfull_s2_shuffle,3.86373e-10
208000,A_w20_T10000_std_lr0.01_bfull_s3_shuffle,0.371322
208000,A_w20_T10000_std_lr0.01_bfull_s4_shuffle,0.0035719
209000,A_w20_T10000_std_lr0.01_bfull_s0_shuffle,0.0299515
209000,A_w20_T10000_std_lr0.01_bfull_s1_shuffle,0.126526
209000,A_w20_T10000_std_lr0.01_bfull_s2_shuffle,3.59393e-10
209000,A_w20_T10000_std_lr0.01_bfull_s3_shuffle,0.364159
209000,A_w20_T10000_std_lr0.01_bfull_s4_shuffle,0.00236108
210000,A_w20_T10000_std_lr0.01_bfull_s0_shuffle,0.0349924
210000,A_w20_T10000_std_lr0.01_bfull_s1_shuffle,0.114733
210000,A_w20_T10000_std_lr0.01_bfull_s2_shuffle,3.45172e-10
210000,A_w20_T10000_std_lr0.01_bfull_s3_shuffle,0.358206
210000,A_w20_T10000_std_lr0.01_bfull_s4_shuffle,0.00141112
211000,A_w20_T10000_std_lr0.01_bfull_s0_shuffle,0.10342
211000,A_w20_T10000_std_lr0.01_bfull_s1_shuffle,0.944306
211000,A_w20_T10000_std_lr0.01_bfull_s2_shuffle,0.27112
211000,A_w20_T10000_std_lr0.01_bfull_s3_shuffle,0.960975
211000,A_w20_T10000_std_lr0.01_bfull_s4_shuffle,0.144056
212000,A_w20_T10000_std_lr0.01_bfull_s0_shuffle,0.00236212
212000,A_w20_T10000_std_lr0.01_bfull_s1_shuffle,0.618766
212000,A_w20_T10000_std_lr0.01_bfull_s2_shuffle,0.0213521
212000,A_w20_T10000_std_lr0.01_bfull_s3_shuffle,0.555633
212000,A_w20_T10000_std_lr0.01_bfull_s4_shuffle,0.035662
213000,A_w20_T10000_std_lr0.01_bfull_s0_shuffle,0.000437407
213000,A_w20_T10000_std_lr0.01_bfull_s1_shuffle,0.496355
213000,A_w20_T10000_std_lr0.01_bfull_s2_shuffle,0.00627514
213000,A_w20_T10000_std_lr0.01_bfull_s3_shuffle,0.350351
213000,A_w20_T10000_std_lr0.01_bfull_s4_shuffle,0.0333558
214000,A_w20_T10000_std_lr0.01_bfull_s0_shuffle,0.000106507
214000,A_w20_T10000_std_lr0.01_bfull_s1_shuffle,0.446021
214000,A_w20_T10000_std_lr0.01_bfull_s2_shuffle,0.00237216
214000,A_w20_T10000_std_lr0.01_bfull_s3_shuffle,0.279331
214000,A_w20_T10000_std_lr0.01_bfull_s4_shuffle,0.0320713
215000,A_w20_T10000_std_lr0.01_bfull_s0_shuffle,3.11263e-05
215000,A_w20_T10000_std_lr0.01_bfull_s1_shuffle,0.417783
215000,A_w20_T10000_std_lr0.01_bfull_s2_shuffle,0.000761862
215000,A_w20_T10000_std_lr0.01_bfull_s3_shuffle,0.210041
215000,A_w20_T10000_std_lr0.01_bfull_s4_shuffle,0.031807
216000,A_w20_T10000_std_lr0.01_bfull_s0_shuffle,1.01678e-05
216000,A_w20_T10000_std_lr0.01_bfull_s1_shuffle,0.394058
216000,A_w20_T10000_std_lr0.01_bfull_s2_shuffle,0.000150779
216000,A_w20_T10000_std_lr0.01_bfull_s3_shuffle,0.189221
216000,A_w20_T10000_std_lr0.01_bfull_s4_shuffle,0.0313058
217000,A_w20_T10000_std_lr0.01_bfull_s0_shuffle,3.39005e-06
217000,A_w20_T10000_std_lr0.01_bfull_s1_shuffle,0.378913
217000,A_w20_T10000_std_lr0.01_bfull_s2_shuffle,1.0822e-05
217000,A_w20_T10000_std_lr0.01_bfull_s3_shuffle,0.173414
217000,A_w20_T10000_std_lr0.01_bfull_s4_shuffle,0.0312678
218000,A_w20_T10000_std_lr0.01_bfull_s0_shuffle,1.13643e-06
218000,A_w20_T10000_std_lr0.01_bfull_s1_shuffle,0.370449
218000,A_w20_T10000_std_lr0.01_bfull_s2_shuffle,1.9394e-06
218000,A_w20_T10000_std_lr0.01_bfull_s3_shuffle,0.177161
218000,A_w20_T10000_std_lr0.01_bfull_s4_shuffle,0.0312572
219000,A_w20_T10000_std_lr0.01_bfull_s0_shuffle,3.82403e-07
219000,A_w20_T10000_std_lr0.01_bfull_s1_shuffle,0.361036
219000,A_w20_T10000_std_lr0.01_bfull_s2_shuffle,3.46774e-07
219000,A_w20_T10000_std_lr0.01_bfull_s3_shuffle,0.162167
219000,A_w20_T10000_std_lr0.01_bfull_s4_shuffle,0.0312527
220000,A_w20_T10000_std_lr0.01_bfull_s0_shuffle,1.30768e-07
220000,A_w20_T10000_std_lr0.01_bfull_s1_shuffle,0.355599
220000,A_w20_T10000_std_lr0.01_bfull_s2_shuffle,6.30796e-08
220000,A_w20_T10000_std_lr0.01_bfull_s3_shuffle,0.12889
220000,A_w20_T10000_std_lr0.01_bfull_s4_shuffle,0.0312506
221000,A_w20_T10000_std_lr0.01_bfull_s0_shuffle,0.0425401
221000,A_w20_T10000_std_lr0.01_bfull_s1_shuffle,0.221068
221000,A_w20_T10000_std_lr0.01_bfull_s2_shuffle,0.373164
221000,A_w20_T10000_std_lr0.01_bfull_s3_shuffle,0.717163
221000,A_w20_T10000_std_lr0.01_bfull_s4_shuffle,0.0796964
222000,A_w20_T10000_std_lr0.01_bfull_s0_shuffle,0.00350129
222000,A_w20_T10000_std_lr0.01_bfull_s1_shuffle,0.142822
222000,A_w20_T10000_std_lr0.01_bfull_s2_shuffle,0.0619945
222000,A_w20_T10000_std_lr0.01_bfull_s3_shuffle,0.419321
222000,A_w20_T10000_std_lr0.01_bfull_s4_shuffle,0.0107822
223000,A_w20_T10000_std_lr0.01_bfull_s0_shuffle,0.00116916
223000,A_w20_T10000_std_lr0.01_bfull_s1_shuffle,0.138049
223000,A_w20_T10000_std_lr0.01_bfull_s2_shuffle,0.0147131
223000,A_w20_T10000_std_lr0.01_bfull_s3_shuffle,0.389473
223000,A_w20_T10000_std_lr0.01_bfull_s4_shuffle,0.00462624
224000,A_w20_T10000_std_lr0.01_bfull_s0_shuffle,0.000513406
224000,A_w20_T10000_std_lr0.01_bfull_s1_shuffle,0.136926
224000,A_w20_T10000_std_lr0.01_bfull_s2_shuffle,0.00418015
224000,A_w20_T10000_std_lr0.01_bfull_s3_shuffle,0.371942
224000,A_w20_T10000_std_lr0.01_bfull_s4_shuffle,0.00199094
225000,A_w20_T10000_std_lr0.01_bfull_s0_shuffle,0.000243063
225000,A_w20_T10000_std_lr0.01_bfull_s1_shuffle,0.136409
225000,A_w20_T10000_std_lr0.01_bfull_s2_shuffle,0.00173452
225000,A_w20_T10000_std_lr0.01_bfull_s3_shuffle,0.354896
225000,A_w20_T10000_std_lr0.01_bfull_s4_shuffle,0.000839827
226000,A_w20_T10000_std_lr0.01_bfull_s0_shuffle,0.000115481
226000,A_w20_T10000_std_lr0.01_bfull_s1_shuffle,0.136239
226000,A_w20_T10000_std_lr0.01_bfull_s2_shuffle,0.000740024
226000,A_w20_T10000_std_lr0.01_bfull_s3_shuffle,0.337341
226000,A_w20_T10000_std_lr0.01_bfull_s4_shuffle,0.000336346
227000,A_w20_T10000_std_lr0.01_bfull_s0_shuffle,5.48936e-05
227000,A_w20_T10000_std_lr0.01_bfull_s1_shuffle,0.136162
227000,A_w20_T10000_std_lr0.01_bfull_s2_shuffle,0.000315815
227000,A_w20_T10000_std_lr0.01_bfull_s3_shuffle,0.328322
227000,A_w20_T10000_std_lr0.01_bfull_s4_shuffle,0.000138513
228000,A_w20_T10000_std_lr0.01_bfull_s0_shuffle,2.61002e-05
228000,A_w20_T10000_std_lr0.01_bfull_s1_shuffle,0.136126
228000,A_w20_T10000_std_lr0.01_bfull_s2_shuffle,0.000135405
228000,A_w20_T10000_std_lr0.01_bfull_s3_shuffle,0.315903
228000,A_w20_T10000_std_lr0.01_bfull_s4_shuffle,5.90927e-05
229000,A_w20_T10000_std_lr0.01_bfull_s0_shuffle,1.2381e-05
229000,A_w20_T10000_std_lr0.01_bfull_s1_shuffle,0.136109
229000,A_w20_T10000_std_lr0.01_bfull_s2_shuffle,5.77784e-05
229000,A_w20_T10000_std_lr0.01_bfull_s3_shuffle,0.307523
229000,A_w20_T10000_std_lr0.01_bfull_s4_shuffle,2.52319e-05
230000,A_w20_T10000_std_lr0.01_bfull_s0_shuffle,5.86986e-06
230000,A_w20_T10000_std_lr0.01_bfull_s1_shuffle,0.136101
230000,A_w20_T10000_std_lr0.01_bfull_s2_shuffle,2.45525e-05
230000,A_w20_T10000_std_lr0.01_bfull_s3_shuffle,0.299675
230000,A_w20_T10000_std_lr0.01_bfull_s4_shuffle,1.07583e-05
231000,A_w20_T10000_std_lr0.01_bfull_s0_shuffle,0.171041
231000,A_w20_T10000_std_lr0.01_bfull_s1_shuffle,0.62591
231000,A_w20_T10000_std_lr0.01_bfull_s2_shuffle,0.0647469
231000,A_w20_T10000_std_lr0.01_bfull_s3_shuffle,0.675773
231000,A_w20_T10000_std_lr0.01_bfull_s4_shuffle,0.257346
232000,A_w20_T10000_std_lr0.01_bfull_s0_shuffle,0.0104892
232000,A_w20_T10000_std_lr0.01_bfull_s1_shuffle,0.485951
232000,A_w20_T10000_std_lr0.01_bfull_s2_shuffle,0.000580655
232000,A_w20_T10000_std_lr0.01_bfull_s3_shuffle,0.414491
232000,A_w20_T10000_std_lr0.01_bfull_s4_shuffle,0.0467077
233000,A_w20_T10000_std_lr0.01_bfull_s0_shuffle,0.00431564
233000,A_w20_T10000_std_lr0.01_bfull_s1_shuffle,0.471066
233000,A_w20_T10000_std_lr0.01_bfull_s2_shuffle,2.19477e-05
233000,A_w20_T10000_std_lr0.01_bfull_s3_shuffle,0.386445
233000,A_w20_T10000_std_lr0.01_bfull_s4_shuffle,0.0229152
234000,A_w20_T10000_std_lr0.01_bfull_s0_shuffle,0.0022847
234000,A_w20_T10000_std_lr0.01_bfull_s1_shuffle,0.467417
234000,A_w20_T10000_std_lr0.01_bfull_s2_shuffle,8.97065e-07
234000,A_w20_T10000_std_lr0.01_bfull_s3_shuffle,0.34736
234000,A_w20_T10000_std_lr0.01_bfull_s4_shuffle,0.0144322
235000,A_w20_T10000_std_lr0.01_bfull_s0_shuffle,0.00128797
235000,A_w20_T10000_std_lr0.01_bfull_s1_shuffle,0.459267
235000,A_w20_T10000_std_lr0.01_bfull_s2_shuffle,3.89834e-08
235000,A_w20_T10000_std_lr0.01_bfull_s3_shuffle,0.319276
235000,A_w20_T10000_std_lr0.01_bfull_s4_shuffle,0.010414
236000,A_w20_T10000_std_lr0.01_bfull_s0_shuffle,0.000757776
236000,A_w20_T10000_std_lr0.01_bfull_s1_shuffle,0.45712
236000,A_w20_T10000_std_lr0.01_bfull_s2_shuffle,2.40487e-09
236000,A_w20_T10000_std_lr0.01_bfull_s3_shuffle,0.29907
236000,A_w20_T10000_std_lr0.01_bfull_s4_shuffle,0.00717825
237000,A_w20_T10000_std_lr0.01_bfull_s0_shuffle,0.000454176
237000,A_w20_T10000_std_lr0.01_bfull_s1_shuffle,0.456773
237000,A_w20_T10000_std_lr0.01_bfull_s2_shuffle,6.95147e-10
237000,A_w20_T10000_std_lr0.01_bfull_s3_shuffle,0.251428
237000,A_w20_T10000_std_lr0.01_bfull_s4_shuffle,0.00682375
238000,A_w20_T10000_std_lr0.01_bfull_s0_shuffle,0.000272786
238000,A_w20_T10000_std_lr0.01_bfull_s1_shuffle,0.455791
238000,A_w20_T10000_std_lr0.01_bfull_s2_shuffle,5.14491e-10
238000,A_w20_T10000_std_lr0.01_bfull_s3_shuffle,0.140288
238000,A_w20_T10000_std_lr0.01_bfull_s4_shuffle,0.00510573
239000,A_w20_T10000_std_lr0.01_bfull_s0_shuffle,0.000158515
239000,A_w20_T10000_std_lr0.01_bfull_s1_shuffle,0.455645
239000,A_w20_T10000_std_lr0.01_bfull_s2_shuffle,4.59781e-10
239000,A_w20_T10000_std_lr0.01_bfull_s3_shuffle,0.11833
239000,A_w20_T10000_std_lr0.01_bfull_s4_shuffle,0.00535734
240000,A_w20_T10000_std_lr0.01_bfull_s0_shuffle,8.16106e-05
240000,A_w20_T10000_std_lr0.01_bfull_s1_shuffle,0.456074
240000,A_w20_T10000_std_lr0.01_bfull_s2_shuffle,4.32184e-10
240000,A_w20_T10000_std_lr0.01_bfull_s3_shuffle,0.104479
240000,A_w20_T10000_std_lr0.01_bfull_s4_shuffle,0.00725901
241000,A_w20_T10000_std_lr0.01_bfull_s0_shuffle,0.160361
241000,A_w20_T10000_std_lr0.01_bfull_s1_shuffle,0.236515
241000,A_w20_T10000_std_lr0.01_bfull_s2_shuffle,0.133313
241000,A_w20_T10000_std_lr0.01_bfull_s3_shuffle,0.332469
241000,A_w20_T10000_std_lr0.01_bfull_s4_shuffle,0.108011
242000,A_w20_T10000_std_lr0.01_bfull_s0_shuffle,0.0576693
242000,A_w20_T10000_std_lr0.01_bfull_s1_shuffle,0.0848237
242000,A_w20_T10000_std_lr0.01_bfull_s2_shuffle,0.00371214
242000,A_w20_T10000_std_lr0.01_bfull_s3_shuffle,0.158628
242000,A_w20_T10000_std_lr0.01_bfull_s4_shuffle,0.0042854
243000,A_w20_T10000_std_lr0.01_bfull_s0_shuffle,0.0391072
243000,A_w20_T10000_std_lr0.01_bfull_s1_shuffle,0.0589702
243000,A_w20_T10000_std_lr0.01_bfull_s2_shuffle,0.0012716
243000,A_w20_T10000_std_lr0.01_bfull_s3_shuffle,0.133379
243000,A_w20_T10000_std_lr0.01_bfull_s4_shuffle,0.00105406
244000,A_w20_T10000_std_lr0.01_bfull_s0_shuffle,0.0216086
244000,A_w20_T10000_std_lr0.01_bfull_s1_shuffle,0.0464731
244000,A_w20_T10000_std_lr0.01_bfull_s2_shuffle,0.000583567
244000,A_w20_T10000_std_lr0.01_bfull_s3_shuffle,0.123569
244000,A_w20_T10000_std_lr0.01_bfull_s4_shuffle,0.00026188
245000,A_w20_T10000_std_lr0.01_bfull_s0_shuffle,0.0238567
245000,A_w20_T10000_std_lr0.01_bfull_s1_shuffle,0.0390161
245000,A_w20_T10000_std_lr0.01_bfull_s2_shuffle,0.000258257
245000,A_w20_T10000_std_lr0.01_bfull_s3_shuffle,0.120875
245000,A_w20_T10000_std_lr0.01_bfull_s4_shuffle,6.27478e-05
246000,A_w20_T10000_std_lr0.01_bfull_s0_shuffle,0.025055
246000,A_w20_T10000_std_lr0.01_bfull_s1_shuffle,0.0342173
246000,A_w20_T10000_std_lr0.01_bfull_s2_shuffle,0.000112488
246000,A_w20_T10000_std_lr0.01_bfull_s3_shuffle,0.11921
246000,A_w20_T10000_std_lr0.01_bfull_s4_shuffle,1.59968e-05
247000,A_w20_T10000_std_lr0.01_bfull_s0_shuffle,0.0246863
247000,A_w20_T10000_std_lr0.01_bfull_s1_shuffle,0.0307219
247000,A_w20_T10000_std_lr0.01_bfull_s2_shuffle,4.8599e-05
247000,A_w20_T10000_std_lr0.01_bfull_s3_shuffle,0.118036
247000,A_w20_T10000_std_lr0.01_bfull_s4_shuffle,4.07067e-06
248000,A_w20_T10000_std_lr0.01_bfull_s0_shuffle,0.0228532
248000,A_w20_T10000_std_lr0.01_bfull_s1_shuffle,0.0280618
248000,A_w20_T10000_std_lr0.01_bfull_s2_shuffle,2.07625e-05
248000,A_w20_T10000_std_lr0.01_bfull_s3_shuffle,0.116138
248000,A_w20_T10000_std_lr0.01_bfull_s4_shuffle,1.03684e-06
249000,A_w20_T10000_std_lr0.01_bfull_s0_shuffle,0.021215
249000,A_w20_T10000_std_lr0.01_bfull_s1_shuffle,0.0256652
249000,A_w20_T10000_std_lr0.01_bfull_s2_shuffle,8.78739e-06
249000,A_w20_T10000_std_lr0.01_bfull_s3_shuffle,0.110611
249000,A_w20_T10000_std_lr0.01_bfull_s4_shuffle,2.66021e-07
250000,A_w20_T10000_std_lr0.01_bfull_s0_shuffle,0.0197387
250000,A_w20_T10000_std_lr0.01_bfull_s1_shuffle,0.0237791
250000,A_w20_T10000_std_lr0.01_bfull_s2_shuffle,3.71089e-06
250000,A_w20_T10000_std_lr0.01_bfull_s3_shuffle,0.108752
250000,A_w20_T10000_std_lr0.01_bfull_s4_shuffle,6.98339e-08
251000,A_w20_T10000_std_lr0.01_bfull_s0_shuffle,0.105088
251000,A_w20_T10000_std_lr0.01_bfull_s1_shuffle,0.422309
251000,A_w20_T10000_std_lr0.01_bfull_s2_shuffle,0.144705
251000,A_w20_T10000_std_lr0.01_bfull_s3_shuffle,0.717724
251000,A_w20_T10000_std_lr0.01_bfull_s4_shuffle,0.195419
252000,A_w20_T10000_std_lr0.01_bfull_s0_shuffle,0.0236082
252000,A_w20_T10000_std_lr0.01_bfull_s1_shuffle,0.263347
252000,A_w20_T10000_std_lr0.01_bfull_s2_shuffle,0.00478126
252000,A_w20_T10000_std_lr0.01_bfull_s3_shuffle,0.249422
252000,A_w20_T10000_std_lr0.01_bfull_s4_shuffle,0.0100888
253000,A_w20_T10000_std_lr0.01_bfull_s0_shuffle,0.0150976
253000,A_w20_T10000_std_lr0.01_bfull_s1_shuffle,0.195416
253000,A_w20_T10000_std_lr0.01_bfull_s2_shuffle,0.000407715
253000,A_w20_T10000_std_lr0.01_bfull_s3_shuffle,0.138485
253000,A_w20_T10000_std_lr0.01_bfull_s4_shuffle,0.00457602
254000,A_w20_T10000_std_lr0.01_bfull_s0_shuffle,0.0110048
254000,A_w20_T10000_std_lr0.01_bfull_s1_shuffle,0.160519
254000,A_w20_T10000_std_lr0.01_bfull_s2_shuffle,3.67965e-05
254000,A_w20_T10000_std_lr0.01_bfull_s3_shuffle,0.0874142
254000,A_w20_T10000_std_lr0.01_bfull_s4_shuffle,0.00230742
255000,A_w20_T10000_std_lr0.01_bfull_s0_shuffle,0.00744406
255000,A_w20_T10000_std_lr0.01_bfull_s1_shuffle,0.158813
255000,A_w20_T10000_std_lr0.01_bfull_s2_shuffle,3.30607e-06
255000,A_w20_T10000_std_lr0.01_bfull_s3_shuffle,0.0610646
255000,A_w20_T10000_std_lr0.01_bfull_s4_shuffle,0.00122275
256000,A_w20_T10000_std_lr0.01_bfull_s0_shuffle,0.00463184
256000,A_w20_T10000_std_lr0.01_bfull_s1_shuffle,0.15401
256000,A_w20_T10000_std_lr0.01_bfull_s2_shuffle,2.99421e-07
256000,A_w20_T10000_std_lr0.01_bfull_s3_shuffle,0.0410608
256000,A_w20_T10000_std_lr0.01_bfull_s4_shuffle,0.000665298
257000,A_w20_T10000_std_lr0.01_bfull_s0_shuffle,0.00268738
257000,A_w20_T10000_std_lr0.01_bfull_s1_shuffle,0.152377
257000,A_w20_T10000_std_lr0.01_bfull_s2_shuffle,2.8463e-08
257000,A_w20_T10000_std_lr0.01_bfull_s3_shuffle,0.0302993
257000,A_w20_T10000_std_lr0.01_bfull_s4_shuffle,0.0003636
258000,A_w20_T10000_std_lr0.01_bfull_s0_shuffle,0.0017468
258000,A_w20_T10000_std_lr0.01_bfull_s1_shuffle,0.148663
258000,A_w20_T10000_std_lr0.01_bfull_s2_shuffle,4.2787e-09
258000,A_w20_T10000_std_lr0.01_bfull_s3_shuffle,0.0249057
258000,A_w20_T10000_std_lr0.01_bfull_s4_shuffle,0.000199369
259000,A_w20_T10000_std_lr0.01_bfull_s0_shuffle,0.0015716
259000,A_w20_T10000_std_lr0.01_bfull_s1_shuffle,0.145141
259000,A_w20_T10000_std_lr0.01_bfull_s2_shuffle,1.87948e-09
259000,A_w20_T10000_std_lr0.01_bfull_s3_shuffle,0.024893
259000,A_w20_T10000_std_lr0.01_bfull_s4_shuffle,0.000110673
260000,A_w20_T10000_std_lr0.01_bfull_s0_shuffle,0.00115116
260000,A_w20_T10000_std_lr0.01_bfull_s1_shuffle,0.141253
260000,A_w20_T10000_std_lr0.01_bfull_s2_shuffle,1.36469e-09
260000,A_w20_T10000_std_lr0.01_bfull_s3_shuffle,0.0179225
260000,A_w20_T10000_std_lr0.01_bfull_s4_shuffle,6.18843e-05
261000,A_w20_T10000_std_lr0.01_bfull_s0_shuffle,0.131896
261000,A_w20_T10000_std_lr0.01_bfull_s1_shuffle,0.353696
261000,A_w20_T10000_std_lr0.01_bfull_s2_shuffle,0.0582182
261000,A_w20_T10000_std_lr0.01_bfull_s3_shuffle,0.537
261000,A_w20_T10000_std_lr0.01_bfull_s4_shuffle,0.200864
262000,A_w20_T10000_std_lr0.01_bfull_s0_shuffle,8.46891e-05
262000,A_w20_T10000_std_lr0.01_bfull_s1_shuffle,0.182318
262000,A_w20_T10000_std_lr0.01_bfull_s2_shuffle,0.000561413
262000,A_w20_T10000_std_lr0.01_bfull_s3_shuffle,0.293595
262000,A_w20_T10000_std_lr0.01_bfull_s4_shuffle,0.033351
263000,A_w20_T10000_std_lr0.01_bfull_s0_shuffle,4.2697e-07
263000,A_w20_T10000_std_lr0.01_bfull_s1_shuffle,0.168555
263000,A_w20_T10000_std_lr0.01_bfull_s2_shuffle,2.76143e-05
263000,A_w20_T10000_std_lr0.01_bfull_s3_shuffle,0.243645
263000,A_w20_T10000_std_lr0.01_bfull_s4_shuffle,0.0313858
264000,A_w20_T10000_std_lr0.01_bfull_s0_shuffle,3.65987e-09
264000,A_w20_T10000_std_lr0.01_bfull_s1_shuffle,0.163194
264000,A_w20_T10000_std_lr0.01_bfull_s2_shuffle,1.39609e-06
264000,A_w20_T10000_std_lr0.01_bfull_s3_shuffle,0.211175
264000,A_w20_T10000_std_lr0.01_bfull_s4_shuffle,0.0312817
265000,A_w20_T10000_std_lr0.01_bfull_s0_shuffle,4.97467e-10
265000,A_w20_T10000_std_lr0.01_bfull_s1_shuffle,0.159198
265000,A_w20_T10000_std_lr0.01_bfull_s2_shuffle,7.18043e-08
265000,A_w20_T10000_std_lr0.01_bfull_s3_shuffle,0.179953
265000,A_w20_T10000_std_lr0.01_bfull_s4_shuffle,0.0312623
266000,A_w20_T10000_std_lr0.01_bfull_s0_shuffle,4.12166e-10
266000,A_w20_T10000_std_lr0.01_bfull_s1_shuffle,0.155142
266000,A_w20_T10000_std_lr0.01_bfull_s2_shuffle,4.8911e-09
266000,A_w20_T10000_std_lr0.01_bfull_s3_shuffle,0.173383
266000,A_w20_T10000_std_lr0.01_bfull_s4_shuffle,0.0312553
267000,A_w20_T10000_std_lr0.01_bfull_s0_shuffle,3.80268e-10
267000,A_w20_T10000_std_lr0.01_bfull_s1_shuffle,0.150669
267000,A_w20_T10000_std_lr0.01_bfull_s2_shuffle,1.44977e-09
267000,A_w20_T10000_std_lr0.01_bfull_s3_shuffle,0.155768
267000,A_w20_T10000_std_lr0.01_bfull_s4_shuffle,0.0312526
268000,A_w20_T10000_std_lr0.01_bfull_s0_shuffle,3.58998e-10
268000,A_w20_T10000_std_lr0.01_bfull_s1_shuffle,0.145793
268000,A_w20_T10000_std_lr0.01_bfull_s2_shuffle,9.01234e-10
268000,A_w20_T10000_std_lr0.01_bfull_s3_shuffle,0.141191
268000,A_w20_T10000_std_lr0.01_bfull_s4_shuffle,0.0312511
269000,A_w20_T10000_std_lr0.01_bfull_s0_shuffle,3.48309e-10
269000,A_w20_T10000_std_lr0.01_bfull_s1_shuffle,0.140713
269000,A_w20_T10000_std_lr0.01_bfull_s2_shuffle,6.67331e-10
269000,A_w20_T10000_std_lr0.01_bfull_s3_shuffle,0.126714
269000,A_w20_T10000_std_lr0.01_bfull_s4_shuffle,0.0312504
270000,A_w20_T10000_std_lr0.01_bfull_s0_shuffle,3.46428e-10
270000,A_w20_T10000_std_lr0.01_bfull_s1_shuffle,0.135717
270000,A_w20_T10000_std_lr0.01_bfull_s2_shuffle,5.9904e-10
270000,A_w20_T10000_std_lr0.01_bfull_s3_shuffle,0.110216
270000,A_w20_T10000_std_lr0.01_bfull_s4_shuffle,0.0312502
271000,A_w20_T10000_std_lr0.01_bfull_s0_shuffle,0.0753331
271000,A_w20_T10000_std_lr0.01_bfull_s1_shuffle,0.767332
271000,A_w20_T10000_std_lr0.01_bfull_s2_shuffle,0.0850727
271000,A_w20_T10000_std_lr0.01_bfull_s3_shuffle,0.23232
271000,A_w20_T10000_std_lr0.01_bfull_s4_shuffle,0.186192
272000,A_w20_T10000_std_lr0.01_bfull_s0_shuffle,0.000708075
272000,A_w20_T10000_std_lr0.01_bfull_s1_shuffle,0.196918
272000,A_w20_T10000_std_lr0.01_bfull_s2_shuffle,0.00023602
272000,A_w20_T10000_std_lr0.01_bfull_s3_shuffle,0.107508
272000,A_w20_T10000_std_lr0.01_bfull_s4_shuffle,0.0248722
273000,A_w20_T10000_std_lr0.01_bfull_s0_shuffle,2.29155e-05
273000,A_w20_T10000_std_lr0.01_bfull_s1_shuffle,0.0732652
273000,A_w20_T10000_std_lr0.01_bfull_s2_shuffle,1.34754e-05
273000,A_w20_T10000_std_lr0.01_bfull_s3_shuffle,0.0870245
273000,A_w20_T10000_std_lr0.01_bfull_s4_shuffle,0.0140363
274000,A_w20_T10000_std_lr0.01_bfull_s0_shuffle,7.32582e-07
274000,A_w20_T10000_std_lr0.01_bfull_s1_shuffle,0.0487276
274000,A_w20_T10000_std_lr0.01_bfull_s2_shuffle,7.93816e-07
274000,A_w20_T10000_std_lr0.01_bfull_s3_shuffle,0.0692398
274000,A_w20_T10000_std_lr0.01_bfull_s4_shuffle,0.00935245
275000,A_w20_T10000_std_lr0.01_bfull_s0_shuffle,2.44989e-08
275000,A_w20_T10000_std_lr0.01_bfull_s1_shuffle,0.052748
275000,A_w20_T10000_std_lr0.01_bfull_s2_shuffle,4.68575e-08
275000,A_w20_T10000_std_lr0.01_bfull_s3_shuffle,0.0564285
275000,A_w20_T10000_std_lr0.01_bfull_s4_shuffle,0.00621755
276000,A_w20_T10000_std_lr0.01_bfull_s0_shuffle,1.85918e-09
276000,A_w20_T10000_std_lr0.01_bfull_s1_shuffle,0.0464217
276000,A_w20_T10000_std_lr0.01_bfull_s2_shuffle,3.49963e-09
276000,A_w20_T10000_std_lr0.01_bfull_s3_shuffle,0.0447939
276000,A_w20_T10000_std_lr0.01_bfull_s4_shuffle,0.00411161
277000,A_w20_T10000_std_lr0.01_bfull_s0_shuffle,8.08452e-10
277000,A_w20_T10000_std_lr0.01_bfull_s1_shuffle,0.0435898
277000,A_w20_T10000_std_lr0.01_bfull_s2_shuffle,8.20536e-10
277000,A_w20_T10000_std_lr0.01_bfull_s3_shuffle,0.0310894
277000,A_w20_T10000_std_lr0.01_bfull_s4_shuffle,0.00283702
278000,A_w20_T10000_std_lr0.01_bfull_s0_shuffle,6.54041e-10
278000,A_w20_T10000_std_lr0.01_bfull_s1_shuffle,0.041413
278000,A_w20_T10000_std_lr0.01_bfull_s2_shuffle,4.46889e-10
278000,A_w20_T10000_std_lr0.01_bfull_s3_shuffle,0.0302868
278000,A_w20_T10000_std_lr0.01_bfull_s4_shuffle,0.00198072
279000,A_w20_T10000_std_lr0.01_bfull_s0_shuffle,6.0535e-10
279000,A_w20_T10000_std_lr0.01_bfull_s1_shuffle,0.0395168
279000,A_w20_T10000_std_lr0.01_bfull_s2_shuffle,3.25519e-10
279000,A_w20_T10000_std_lr0.01_bfull_s3_shuffle,0.0165214
279000,A_w20_T10000_std_lr0.01_bfull_s4_shuffle,0.00136933
280000,A_w20_T10000_std_lr0.01_bfull_s0_shuffle,5.8088e-10
280000,A_w20_T10000_std_lr0.01_bfull_s1_shuffle,0.0358219
280000,A_w20_T10000_std_lr0.01_bfull_s2_shuffle,2.86194e-10
280000,A_w20_T10000_std_lr0.01_bfull_s3_shuffle,0.0131313
280000,A_w20_T10000_std_lr0.01_bfull_s4_shuffle,0.000952102
281000,A_w20_T10000_std_lr0.01_bfull_s0_shuffle,0.126319
281000,A_w20_T10000_std_lr0.01_bfull_s1_shuffle,0.539875
281000,A_w20_T10000_std_lr0.01_bfull_s2_shuffle,0.0517521
281000,A_w20_T10000_std_lr0.01_bfull_s3_shuffle,0.314293
281000,A_w20_T10000_std_lr0.01_bfull_s4_shuffle,0.167799
282000,A_w20_T10000_std_lr0.01_bfull_s0_shuffle,0.028147
282000,A_w20_T10000_std_lr0.01_bfull_s1_shuffle,0.301022
282000,A_w20_T10000_std_lr0.01_bfull_s2_shuffle,6.17726e-05
282000,A_w20_T10000_std_lr0.01_bfull_s3_shuffle,0.127484
282000,A_w20_T10000_std_lr0.01_bfull_s4_shuffle,0.00166764
283000,A_w20_T10000_std_lr0.01_bfull_s0_shuffle,0.0115547
283000,A_w20_T10000_std_lr0.01_bfull_s1_shuffle,0.252723
283000,A_w20_T10000_std_lr0.01_bfull_s2_shuffle,3.64836e-07
283000,A_w20_T10000_std_lr0.01_bfull_s3_shuffle,0.122162
283000,A_w20_T10000_std_lr0.01_bfull_s4_shuffle,5.71526e-05
284000,A_w20_T10000_std_lr0.01_bfull_s0_shuffle,0.00459907
284000,A_w20_T10000_std_lr0.01_bfull_s1_shuffle,0.22799
284000,A_w20_T10000_std_lr0.01_bfull_s2_shuffle,3.40994e-09
284000,A_w20_T10000_std_lr0.01_bfull_s3_shuffle,0.0926119
284000,A_w20_T10000_std_lr0.01_bfull_s4_shuffle,3.74825e-06
285000,A_w20_T10000_std_lr0.01_bfull_s0_shuffle,0.00188253
285000,A_w20_T10000_std_lr0.01_bfull_s1_shuffle,0.21128
285000,A_w20_T10000_std_lr0.01_bfull_s2_shuffle,8.40605e-10
285000,A_w20_T10000_std_lr0.01_bfull_s3_shuffle,0.073165
285000,A_w20_T10000_std_lr0.01_bfull_s4_shuffle,2.09412e-07
286000,A_w20_T10000_std_lr0.01_bfull_s0_shuffle,0.000811543
286000,A_w20_T10000_std_lr0.01_bfull_s1_shuffle,0.198801
286000,A_w20_T10000_std_lr0.01_bfull_s2_shuffle,6.1251e-10
286000,A_w20_T10000_std_lr0.01_bfull_s3_shuffle,0.0577316
286000,A_w20_T10000_std_lr0.01_bfull_s4_shuffle,1.2766e-08
287000,A_w20_T10000_std_lr0.01_bfull_s0_shuffle,0.00035167
287000,A_w20_T10000_std_lr0.01_bfull_s1_shuffle,0.189258
287000,A_w20_T10000_std_lr0.01_bfull_s2_shuffle,5.31076e-10
287000,A_w20_T10000_std_lr0.01_bfull_s3_shuffle,0.0436303
287000,A_w20_T10000_std_lr0.01_bfull_s4_shuffle,1.41176e-09
288000,A_w20_T10000_std_lr0.01_bfull_s0_shuffle,0.000157659
288000,A_w20_T10000_std_lr0.01_bfull_s1_shuffle,0.180003
288000,A_w20_T10000_std_lr0.01_bfull_s2_shuffle,5.17701e-10
288000,A_w20_T10000_std_lr0.01_bfull_s3_shuffle,0.0362808
288000,A_w20_T10000_std_lr0.01_bfull_s4_shuffle,5.15713e-10
289000,A_w20_T10000_std_lr0.01_bfull_s0_shuffle,7.10472e-05
289000,A_w20_T10000_std_lr0.01_bfull_s1_shuffle,0.171498
289000,A_w20_T10000_std_lr0.01_bfull_s2_shuffle,5.05516e-10
289000,A_w20_T10000_std_lr0.01_bfull_s3_shuffle,0.0334045
289000,A_w20_T10000_std_lr0.01_bfull_s4_shuffle,3.30025e-10
290000,A_w20_T10000_std_lr0.01_bfull_s0_shuffle,3.20985e-05
290000,A_w20_T10000_std_lr0.01_bfull_s1_shuffle,0.163449
290000,A_w20_T10000_std_lr0.01_bfull_s2_shuffle,4.9795e-10
290000,A_w20_T10000_std_lr0.01_bfull_s3_shuffle,0.0307093
290000,A_w20_T10000_std_lr0.01_bfull_s4_shuffle,2.55129e-10
291000,A_w20_T10000_std_lr0.01_bfull_s0_shuffle,0.0579942
291000,A_w20_T10000_std_lr0.01_bfull_s1_shuffle,0.384944
291000,A_w20_T10000_std_lr0.01_bfull_s2_shuffle,0.0500622
291000,A_w20_T10000_std_lr0.01_bfull_s3_shuffle,0.224179
291000,A_w20_T10000_std_lr0.01_bfull_s4_shuffle,0.123409
292000,A_w20_T10000_std_lr0.01_bfull_s0_shuffle,0.000999501
292000,A_w20_T10000_std_lr0.01_bfull_s1_shuffle,0.15215
292000,A_w20_T10000_std_lr0.01_bfull_s2_shuffle,6.96731e-05
292000,A_w20_T10000_std_lr0.01_bfull_s3_shuffle,0.0152061
292000,A_w20_T10000_std_lr0.01_bfull_s4_shuffle,0.0108095
293000,A_w20_T10000_std_lr0.01_bfull_s0_shuffle,0.000119805
293000,A_w20_T10000_std_lr0.01_bfull_s1_shuffle,0.089535
293000,A_w20_T10000_std_lr0.01_bfull_s2_shuffle,7.5327e-07
293000,A_w20_T10000_std_lr0.01_bfull_s3_shuffle,0.00752508
293000,A_w20_T10000_std_lr0.01_bfull_s4_shuffle,0.00932198
294000,A_w20_T10000_std_lr0.01_bfull_s0_shuffle,1.55697e-05
294000,A_w20_T10000_std_lr0.01_bfull_s1_shuffle,0.0700417
294000,A_w20_T10000_std_lr0.01_bfull_s2_shuffle,9.17201e-09
294000,A_w20_T10000_std_lr0.01_bfull_s3_shuffle,0.01538
294000,A_w20_T10000_std_lr0.01_bfull_s4_shuffle,0.00893082
295000,A_w20_T10000_std_lr0.01_bfull_s0_shuffle,2.00362e-06
295000,A_w20_T10000_std_lr0.01_bfull_s1_shuffle,0.0765825
295000,A_w20_T10000_std_lr0.01_bfull_s2_shuffle,8.26218e-10
295000,A_w20_T10000_std_lr0.01_bfull_s3_shuffle,0.0342329
295000,A_w20_T10000_std_lr0.01_bfull_s4_shuffle,0.00872417
296000,A_w20_T10000_std_lr0.01_bfull_s0_shuffle,2.5797e-07
296000,A_w20_T10000_std_lr0.01_bfull_s1_shuffle,0.0667422
296000,A_w20_T10000_std_lr0.01_bfull_s2_shuffle,4.26273e-10
296000,A_w20_T10000_std_lr0.01_bfull_s3_shuffle,0.0191256
296000,A_w20_T10000_std_lr0.01_bfull_s4_shuffle,0.00859261
297000,A_w20_T10000_std_lr0.01_bfull_s0_shuffle,3.48142e-08
297000,A_w20_T10000_std_lr0.01_bfull_s1_shuffle,0.0507796
297000,A_w20_T10000_std_lr0.01_bfull_s2_shuffle,3.07153e-10
297000,A_w20_T10000_std_lr0.01_bfull_s3_shuffle,0.0170238
297000,A_w20_T10000_std_lr0.01_bfull_s4_shuffle,0.00849055
298000,A_w20_T10000_std_lr0.01_bfull_s0_shuffle,6.33456e-09
298000,A_w20_T10000_std_lr0.01_bfull_s1_shuffle,0.0471596
298000,A_w20_T10000_std_lr0.01_bfull_s2_shuffle,2.61955e-10
298000,A_w20_T10000_std_lr0.01_bfull_s3_shuffle,0.00166878
298000,A_w20_T10000_std_lr0.01_bfull_s4_shuffle,0.00840788
299000,A_w20_T10000_std_lr0.01_bfull_s0_shuffle,2.79728e-09
299000,A_w20_T10000_std_lr0.01_bfull_s1_shuffle,0.0469574
299000,A_w20_T10000_std_lr0.01_bfull_s2_shuffle,2.36042e-10
299000,A_w20_T10000_std_lr0.01_bfull_s3_shuffle,0.00854906
299000,A_w20_T10000_std_lr0.01_bfull_s4_shuffle,0.00834
300000,A_w20_T10000_std_lr0.01_bfull_s0_shuffle,1.89929e-09
300000,A_w20_T10000_std_lr0.01_bfull_s1_shuffle,0.0447516
300000,A_w20_T10000_std_lr0.01_bfull_s2_shuffle,2.19435e-10
300000,A_w20_T10000_std_lr0.01_bfull_s3_shuffle,0.0020953
300000,A_w20_T10000_std_lr0.01_bfull_s4_shuffle,0.00828389
301000,A_w20_T10000_std_lr0.01_bfull_s0_shuffle,0.0776398
301000,A_w20_T10000_std_lr0.01_bfull_s1_shuffle,0.633819
301000,A_w20_T10000_std_lr0.01_bfull_s2_shuffle,0.297597
301000,A_w20_T10000_std_lr0.01_bfull_s3_shuffle,0.296035
301000,A_w20_T10000_std_lr0.01_bfull_s4_shuffle,0.0738553
302000,A_w20_T10000_std_lr0.01_bfull_s0_shuffle,3.70996e-05
302000,A_w20_T10000_std_lr0.01_bfull_s1_shuffle,0.322903
302000,A_w20_T10000_std_lr0.01_bfull_s2_shuffle,0.0132706
302000,A_w20_T10000_std_lr0.01_bfull_s3_shuffle,0.15597
302000,A_w20_T10000_std_lr0.01_bfull_s4_shuffle,0.00887454
303000,A_w20_T10000_std_lr0.01_bfull_s0_shuffle,1.30633e-07
303000,A_w20_T10000_std_lr0.01_bfull_s1_shuffle,0.265481
303000,A_w20_T10000_std_lr0.01_bfull_s2_shuffle,0.0017385
303000,A_w20_T10000_std_lr0.01_bfull_s3_shuffle,0.146506
303000,A_w20_T10000_std_lr0.01_bfull_s4_shuffle,0.0080384
304000,A_w20_T10000_std_lr0.01_bfull_s0_shuffle,1.7155e-09
304000,A_w20_T10000_std_lr0.01_bfull_s1_shuffle,0.25302
304000,A_w20_T10000_std_lr0.01_bfull_s2_shuffle,0.000248242
304000,A_w20_T10000_std_lr0.01_bfull_s3_shuffle,0.143022
304000,A_w20_T10000_std_lr0.01_bfull_s4_shuffle,0.00787298
305000,A_w20_T10000_std_lr0.01_bfull_s0_shuffle,5.44615e-10
305000,A_w20_T10000_std_lr0.01_bfull_s1_shuffle,0.248132
305000,A_w20_T10000_std_lr0.01_bfull_s2_shuffle,3.09256e-05
305000,A_w20_T10000_std_lr0.01_bfull_s3_shuffle,0.141221
305000,A_w20_T10000_std_lr0.01_bfull_s4_shuffle,0.0078291
306000,A_w20_T10000_std_lr0.01_bfull_s0_shuffle,4.41475e-10
306000,A_w20_T10000_std_lr0.01_bfull_s1_shuffle,0.245464
306000,A_w20_T10000_std_lr0.01_bfull_s2_shuffle,4.03014e-06
306000,A_w20_T10000_std_lr0.01_bfull_s3_shuffle,0.139969
306000,A_w20_T10000_std_lr0.01_bfull_s4_shuffle,0.00781707
307000,A_w20_T10000_std_lr0.01_bfull_s0_shuffle,3.99047e-10
307000,A_w20_T10000_std_lr0.01_bfull_s1_shuffle,0.24369
307000,A_w20_T10000_std_lr0.01_bfull_s2_shuffle,5.20586e-07
307000,A_w20_T10000_std_lr0.01_bfull_s3_shuffle,0.139046
307000,A_w20_T10000_std_lr0.01_bfull_s4_shuffle,0.00781375
308000,A_w20_T10000_std_lr0.01_bfull_s0_shuffle,3.67208e-10
308000,A_w20_T10000_std_lr0.01_bfull_s1_shuffle,0.241496
308000,A_w20_T10000_std_lr0.01_bfull_s2_shuffle,6.74438e-08
308000,A_w20_T10000_std_lr0.01_bfull_s3_shuffle,0.138335
308000,A_w20_T10000_std_lr0.01_bfull_s4_shuffle,0.00781284
309000,A_w20_T10000_std_lr0.01_bfull_s0_shuffle,3.50783e-10
309000,A_w20_T10000_std_lr0.01_bfull_s1_shuffle,0.239678
309000,A_w20_T10000_std_lr0.01_bfull_s2_shuffle,9.96099e-09
309000,A_w20_T10000_std_lr0.01_bfull_s3_shuffle,0.137765
309000,A_w20_T10000_std_lr0.01_bfull_s4_shuffle,0.00781255
310000,A_w20_T10000_std_lr0.01_bfull_s0_shuffle,3.4589e-10
310000,A_w20_T10000_std_lr0.01_bfull_s1_shuffle,0.238383
310000,A_w20_T10000_std_lr0.01_bfull_s2_shuffle,2.3213e-09
310000,A_w20_T10000_std_lr0.01_bfull_s3_shuffle,0.137004
310000,A_w20_T10000_std_lr0.01_bfull_s4_shuffle,0.00781251
311000,A_w20_T10000_std_lr0.01_bfull_s0_shuffle,0.0576186
311000,A_w20_T10000_std_lr0.01_bfull_s1_shuffle,0.230778
311000,A_w20_T10000_std_lr0.01_bfull_s2_shuffle,0.0809811
311000,A_w20_T10000_std_lr0.01_bfull_s3_shuffle,0.397683
311000,A_w20_T10000_std_lr0.01_bfull_s4_shuffle,0.151921
312000,A_w20_T10000_std_lr0.01_bfull_s0_shuffle,0.000750085
312000,A_w20_T10000_std_lr0.01_bfull_s1_shuffle,0.109181
312000,A_w20_T10000_std_lr0.01_bfull_s2_shuffle,0.00194455
312000,A_w20_T10000_std_lr0.01_bfull_s3_shuffle,0.249164
312000,A_w20_T10000_std_lr0.01_bfull_s4_shuffle,0.0112945
313000,A_w20_T10000_std_lr0.01_bfull_s0_shuffle,0.000110561
313000,A_w20_T10000_std_lr0.01_bfull_s1_shuffle,0.090585
313000,A_w20_T10000_std_lr0.01_bfull_s2_shuffle,0.000325357
313000,A_w20_T10000_std_lr0.01_bfull_s3_shuffle,0.21654
313000,A_w20_T10000_std_lr0.01_bfull_s4_shuffle,0.00409331
314000,A_w20_T10000_std_lr0.01_bfull_s0_shuffle,1.85239e-05
314000,A_w20_T10000_std_lr0.01_bfull_s1_shuffle,0.0864574
314000,A_w20_T10000_std_lr0.01_bfull_s2_shuffle,6.16362e-05
314000,A_w20_T10000_std_lr0.01_bfull_s3_shuffle,0.212891
314000,A_w20_T10000_std_lr0.01_bfull_s4_shuffle,0.00168206
315000,A_w20_T10000_std_lr0.01_bfull_s0_shuffle,3.16533e-06
315000,A_w20_T10000_std_lr0.01_bfull_s1_shuffle,0.0852032
315000,A_w20_T10000_std_lr0.01_bfull_s2_shuffle,1.18283e-05
315000,A_w20_T10000_std_lr0.01_bfull_s3_shuffle,0.212
315000,A_w20_T10000_std_lr0.01_bfull_s4_shuffle,0.00072983
316000,A_w20_T10000_std_lr0.01_bfull_s0_shuffle,5.47872e-07
316000,A_w20_T10000_std_lr0.01_bfull_s1_shuffle,0.0847788
316000,A_w20_T10000_std_lr0.01_bfull_s2_shuffle,2.27484e-06
316000,A_w20_T10000_std_lr0.01_bfull_s3_shuffle,0.211567
316000,A_w20_T10000_std_lr0.01_bfull_s4_shuffle,0.000317864
317000,A_w20_T10000_std_lr0.01_bfull_s0_shuffle,9.74496e-08
317000,A_w20_T10000_std_lr0.01_bfull_s1_shuffle,0.0846204
317000,A_w20_T10000_std_lr0.01_bfull_s2_shuffle,4.38026e-07
317000,A_w20_T10000_std_lr0.01_bfull_s3_shuffle,0.211322
317000,A_w20_T10000_std_lr0.01_bfull_s4_shuffle,0.000138426
318000,A_w20_T10000_std_lr0.01_bfull_s0_shuffle,1.78261e-08
318000,A_w20_T10000_std_lr0.01_bfull_s1_shuffle,0.0845588
318000,A_w20_T10000_std_lr0.01_bfull_s2_shuffle,8.49026e-08
318000,A_w20_T10000_std_lr0.01_bfull_s3_shuffle,0.211176
318000,A_w20_T10000_std_lr0.01_bfull_s4_shuffle,6.16936e-05
319000,A_w20_T10000_std_lr0.01_bfull_s0_shuffle,4.89452e-09
319000,A_w20_T10000_std_lr0.01_bfull_s1_shuffle,0.0845338
319000,A_w20_T10000_std_lr0.01_bfull_s2_shuffle,1.72503e-08
319000,A_w20_T10000_std_lr0.01_bfull_s3_shuffle,0.211087
319000,A_w20_T10000_std_lr0.01_bfull_s4_shuffle,2.78742e-05
320000,A_w20_T10000_std_lr0.01_bfull_s0_shuffle,2.88766e-09
320000,A_w20_T10000_std_lr0.01_bfull_s1_shuffle,0.0845241
320000,A_w20_T10000_std_lr0.01_bfull_s2_shuffle,4.26377e-09
320000,A_w20_T10000_std_lr0.01_bfull_s3_shuffle,0.211032
320000,A_w20_T10000_std_lr0.01_bfull_s4_shuffle,1.26004e-05
321000,A_w20_T10000_std_lr0.01_bfull_s0_shuffle,0.0392298
321000,A_w20_T10000_std_lr0.01_bfull_s1_shuffle,0.350874
321000,A_w20_T10000_std_lr0.01_bfull_s2_shuffle,0.123872
321000,A_w20_T10000_std_lr0.01_bfull_s3_shuffle,0.256828
321000,A_w20_T10000_std_lr0.01_bfull_s4_shuffle,0.293145
322000,A_w20_T10000_std_lr0.01_bfull_s0_shuffle,0.00257434
322000,A_w20_T10000_std_lr0.01_bfull_s1_shuffle,0.256681
322000,A_w20_T10000_std_lr0.01_bfull_s2_shuffle,0.0377562
322000,A_w20_T10000_std_lr0.01_bfull_s3_shuffle,0.132821
322000,A_w20_T10000_std_lr0.01_bfull_s4_shuffle,0.152021
323000,A_w20_T10000_std_lr0.01_bfull_s0_shuffle,0.00119036
323000,A_w20_T10000_std_lr0.01_bfull_s1_shuffle,0.249276
323000,A_w20_T10000_std_lr0.01_bfull_s2_shuffle,0.00591193
323000,A_w20_T10000_std_lr0.01_bfull_s3_shuffle,0.120946
323000,A_w20_T10000_std_lr0.01_bfull_s4_shuffle,0.0994387
324000,A_w20_T10000_std_lr0.01_bfull_s0_shuffle,8.25438e-05
324000,A_w20_T10000_std_lr0.01_bfull_s1_shuffle,0.247221
324000,A_w20_T10000_std_lr0.01_bfull_s2_shuffle,0.00464387
324000,A_w20_T10000_std_lr0.01_bfull_s3_shuffle,0.118281
324000,A_w20_T10000_std_lr0.01_bfull_s4_shuffle,0.0721059
325000,A_w20_T10000_std_lr0.01_bfull_s0_shuffle,2.41412e-06
325000,A_w20_T10000_std_lr0.01_bfull_s1_shuffle,0.246575
325000,A_w20_T10000_std_lr0.01_bfull_s2_shuffle,0.00150814
325000,A_w20_T10000_std_lr0.01_bfull_s3_shuffle,0.117427
325000,A_w20_T10000_std_lr0.01_bfull_s4_shuffle,0.070219
326000,A_w20_T10000_std_lr0.01_bfull_s0_shuffle,3.32736e-07
326000,A_w20_T10000_std_lr0.01_bfull_s1_shuffle,0.246087
326000,A_w20_T10000_std_lr0.01_bfull_s2_shuffle,0.000783494
326000,A_w20_T10000_std_lr0.01_bfull_s3_shuffle,0.116972
326000,A_w20_T10000_std_lr0.01_bfull_s4_shuffle,0.0683208
327000,A_w20_T10000_std_lr0.01_bfull_s0_shuffle,4.58085e-08
327000,A_w20_T10000_std_lr0.01_bfull_s1_shuffle,0.246257
327000,A_w20_T10000_std_lr0.01_bfull_s2_shuffle,0.000270328
327000,A_w20_T10000_std_lr0.01_bfull_s3_shuffle,0.116622
327000,A_w20_T10000_std_lr0.01_bfull_s4_shuffle,0.0647166
328000,A_w20_T10000_std_lr0.01_bfull_s0_shuffle,6.20436e-09
328000,A_w20_T10000_std_lr0.01_bfull_s1_shuffle,0.245951
328000,A_w20_T10000_std_lr0.01_bfull_s2_shuffle,7.16096e-05
328000,A_w20_T10000_std_lr0.01_bfull_s3_shuffle,0.116322
328000,A_w20_T10000_std_lr0.01_bfull_s4_shuffle,0.058268
329000,A_w20_T10000_std_lr0.01_bfull_s0_shuffle,1.52552e-09
329000,A_w20_T10000_std_lr0.01_bfull_s1_shuffle,0.24555
329000,A_w20_T10000_std_lr0.01_bfull_s2_shuffle,1.46543e-05
329000,A_w20_T10000_std_lr0.01_bfull_s3_shuffle,0.116064
329000,A_w20_T10000_std_lr0.01_bfull_s4_shuffle,0.0509695
330000,A_w20_T10000_std_lr0.01_bfull_s0_shuffle,1.0287e-09
330000,A_w20_T10000_std_lr0.01_bfull_s1_shuffle,0.245183
330000,A_w20_T10000_std_lr0.01_bfull_s2_shuffle,2.38237e-06
330000,A_w20_T10000_std_lr0.01_bfull_s3_shuffle,0.115842
330000,A_w20_T10000_std_lr0.01_bfull_s4_shuffle,0.0425744
331000,A_w20_T10000_std_lr0.01_bfull_s0_shuffle,0.270613
331000,A_w20_T10000_std_lr0.01_bfull_s1_shuffle,0.545547
331000,A_w20_T10000_std_lr0.01_bfull_s2_shuffle,0.211643
331000,A_w20_T10000_std_lr0.01_bfull_s3_shuffle,0.187327
331000,A_w20_T10000_std_lr0.01_bfull_s4_shuffle,0.283746
332000,A_w20_T10000_std_lr0.01_bfull_s0_shuffle,0.0808446
332000,A_w20_T10000_std_lr0.01_bfull_s1_shuffle,0.364168
332000,A_w20_T10000_std_lr0.01_bfull_s2_shuffle,0.00153063
332000,A_w20_T10000_std_lr0.01_bfull_s3_shuffle,0.130038
332000,A_w20_T10000_std_lr0.01_bfull_s4_shuffle,0.029302
333000,A_w20_T10000_std_lr0.01_bfull_s0_shuffle,0.0191247
333000,A_w20_T10000_std_lr0.01_bfull_s1_shuffle,0.341291
333000,A_w20_T10000_std_lr0.01_bfull_s2_shuffle,4.14753e-05
333000,A_w20_T10000_std_lr0.01_bfull_s3_shuffle,0.128207
333000,A_w20_T10000_std_lr0.01_bfull_s4_shuffle,0.00847991
334000,A_w20_T10000_std_lr0.01_bfull_s0_shuffle,0.00574338
334000,A_w20_T10000_std_lr0.01_bfull_s1_shuffle,0.338877
334000,A_w20_T10000_std_lr0.01_bfull_s2_shuffle,1.69197e-06
334000,A_w20_T10000_std_lr0.01_bfull_s3_shuffle,0.127864
334000,A_w20_T10000_std_lr0.01_bfull_s4_shuffle,0.00344112
335000,A_w20_T10000_std_lr0.01_bfull_s0_shuffle,0.00342378
335000,A_w20_T10000_std_lr0.01_bfull_s1_shuffle,0.338174
335000,A_w20_T10000_std_lr0.01_bfull_s2_shuffle,8.08051e-08
335000,A_w20_T10000_std_lr0.01_bfull_s3_shuffle,0.127708
335000,A_w20_T10000_std_lr0.01_bfull_s4_shuffle,0.00294608
336000,A_w20_T10000_std_lr0.01_bfull_s0_shuffle,0.00409119
336000,A_w20_T10000_std_lr0.01_bfull_s1_shuffle,0.337789
336000,A_w20_T10000_std_lr0.01_bfull_s2_shuffle,4.86449e-09
336000,A_w20_T10000_std_lr0.01_bfull_s3_shuffle,0.12765
336000,A_w20_T10000_std_lr0.01_bfull_s4_shuffle,0.0020191
337000,A_w20_T10000_std_lr0.01_bfull_s0_shuffle,0.000482912
337000,A_w20_T10000_std_lr0.01_bfull_s1_shuffle,0.337549
337000,A_w20_T10000_std_lr0.01_bfull_s2_shuffle,5.79691e-10
337000,A_w20_T10000_std_lr0.01_bfull_s3_shuffle,0.127619
337000,A_w20_T10000_std_lr0.01_bfull_s4_shuffle,0.00182966
338000,A_w20_T10000_std_lr0.01_bfull_s0_shuffle,0.000429224
338000,A_w20_T10000_std_lr0.01_bfull_s1_shuffle,0.337396
338000,A_w20_T10000_std_lr0.01_bfull_s2_shuffle,3.97305e-10
338000,A_w20_T10000_std_lr0.01_bfull_s3_shuffle,0.127597
338000,A_w20_T10000_std_lr0.01_bfull_s4_shuffle,0.00293638
339000,A_w20_T10000_std_lr0.01_bfull_s0_shuffle,3.12737e-05
339000,A_w20_T10000_std_lr0.01_bfull_s1_shuffle,0.337302
339000,A_w20_T10000_std_lr0.01_bfull_s2_shuffle,3.36616e-10
339000,A_w20_T10000_std_lr0.01_bfull_s3_shuffle,0.127566
339000,A_w20_T10000_std_lr0.01_bfull_s4_shuffle,0.000439247
340000,A_w20_T10000_std_lr0.01_bfull_s0_shuffle,2.65646e-06
340000,A_w20_T10000_std_lr0.01_bfull_s1_shuffle,0.337242
340000,A_w20_T10000_std_lr0.01_bfull_s2_shuffle,3.09202e-10
340000,A_w20_T10000_std_lr0.01_bfull_s3_shuffle,0.127539
340000,A_w20_T10000_std_lr0.01_bfull_s4_shuffle,0.00052063
341000,A_w20_T10000_std_lr0.01_bfull_s0_shuffle,0.239106
341000,A_w20_T10000_std_lr0.01_bfull_s1_shuffle,0.294706
341000,A_w20_T10000_std_lr0.01_bfull_s2_shuffle,0.122128
341000,A_w20_T10000_std_lr0.01_bfull_s3_shuffle,0.156575
341000,A_w20_T10000_std_lr0.01_bfull_s4_shuffle,0.101297
342000,A_w20_T10000_std_lr0.01_bfull_s0_shuffle,0.0424884
342000,A_w20_T10000_std_lr0.01_bfull_s1_shuffle,0.0727666
342000,A_w20_T10000_std_lr0.01_bfull_s2_shuffle,0.00159765
342000,A_w20_T10000_std_lr0.01_bfull_s3_shuffle,0.0733434
342000,A_w20_T10000_std_lr0.01_bfull_s4_shuffle,0.00701079
343000,A_w20_T10000_std_lr0.01_bfull_s0_shuffle,0.0325041
343000,A_w20_T10000_std_lr0.01_bfull_s1_shuffle,0.038271
343000,A_w20_T10000_std_lr0.01_bfull_s2_shuffle,0.000102653
343000,A_w20_T10000_std_lr0.01_bfull_s3_shuffle,0.0659862
343000,A_w20_T10000_std_lr0.01_bfull_s4_shuffle,0.00133701
344000,A_w20_T10000_std_lr0.01_bfull_s0_shuffle,0.0227328
344000,A_w20_T10000_std_lr0.01_bfull_s1_shuffle,0.0240395
344000,A_w20_T10000_std_lr0.01_bfull_s2_shuffle,7.0406e-06
344000,A_w20_T10000_std_lr0.01_bfull_s3_shuffle,0.0625505
344000,A_w20_T10000_std_lr0.01_bfull_s4_shuffle,0.000393679
345000,A_w20_T10000_std_lr0.01_bfull_s0_shuffle,0.0159879
345000,A_w20_T10000_std_lr0.01_bfull_s1_shuffle,0.0172665
345000,A_w20_T10000_std_lr0.01_bfull_s2_shuffle,4.67376e-07
345000,A_w20_T10000_std_lr0.01_bfull_s3_shuffle,0.0604982
345000,A_w20_T10000_std_lr0.01_bfull_s4_shuffle,0.000112366
346000,A_w20_T10000_std_lr0.01_bfull_s0_shuffle,0.0149244
346000,A_w20_T10000_std_lr0.01_bfull_s1_shuffle,0.0129665
346000,A_w20_T10000_std_lr0.01_bfull_s2_shuffle,3.15246e-08
346000,A_w20_T10000_std_lr0.01_bfull_s3_shuffle,0.0587723
346000,A_w20_T10000_std_lr0.01_bfull_s4_shuffle,3.25207e-05
347000,A_w20_T10000_std_lr0.01_bfull_s0_shuffle,0.0125188
347000,A_w20_T10000_std_lr0.01_bfull_s1_shuffle,0.0097316
347000,A_w20_T10000_std_lr0.01_bfull_s2_shuffle,3.47464e-09
347000,A_w20_T10000_std_lr0.01_bfull_s3_shuffle,0.0547062
347000,A_w20_T10000_std_lr0.01_bfull_s4_shuffle,9.50887e-06
348000,A_w20_T10000_std_lr0.01_bfull_s0_shuffle,0.0101064
348000,A_w20_T10000_std_lr0.01_bfull_s1_shuffle,0.00724089
348000,A_w20_T10000_std_lr0.01_bfull_s2_shuffle,1.31279e-09
348000,A_w20_T10000_std_lr0.01_bfull_s3_shuffle,0.0526811
348000,A_w20_T10000_std_lr0.01_bfull_s4_shuffle,2.84961e-06
349000,A_w20_T10000_std_lr0.01_bfull_s0_shuffle,0.00942957
349000,A_w20_T10000_std_lr0.01_bfull_s1_shuffle,0.00552613
349000,A_w20_T10000_std_lr0.01_bfull_s2_shuffle,9.35683e-10
349000,A_w20_T10000_std_lr0.01_bfull_s3_shuffle,0.0515675
349000,A_w20_T10000_std_lr0.01_bfull_s4_shuffle,8.81553e-07
350000,A_w20_T10000_std_lr0.01_bfull_s0_shuffle,0.00899973
350000,A_w20_T10000_std_lr0.01_bfull_s1_shuffle,0.00424162
350000,A_w20_T10000_std_lr0.01_bfull_s2_shuffle,7.81997e-10
350000,A_w20_T10000_std_lr0.01_bfull_s3_shuffle,0.0476217
350000,A_w20_T10000_std_lr0.01_bfull_s4_shuffle,2.75595e-07
