run_id,ckpt,neuron,w_norm,snr_i,cos_intra,cos_inter,E_adelta,sign_v,cov_norm,cov_proj
B_w5_K10000_c0.0_lr0.01_b32_s0,0,0,1.1103838682174683,0.07078403979539871,0.0,0.15710575878620148,-0.01532977819442749,-1.0,0.3012590706348419,-0.04753530025482178
B_w5_K10000_c0.0_lr0.01_b32_s0,0,1,1.2791301012039185,0.07259101420640945,0.0,0.14581729471683502,-0.058967139571905136,-1.0,0.30803894996643066,-0.04504261165857315
B_w5_K10000_c0.0_lr0.01_b32_s0,0,2,1.3898664712905884,0.06403465569019318,0.0,0.17714162170886993,-0.17953112721443176,-1.0,0.26787570118904114,-0.04713040590286255
B_w5_K10000_c0.0_lr0.01_b32_s0,0,3,1.3052281141281128,0.07725117355585098,0.0,-0.16408774256706238,0.2771066129207611,1.0,0.3382107615470886,-0.05640949308872223
B_w5_K10000_c0.0_lr0.01_b32_s0,0,4,1.3568564653396606,0.08599796146154404,0.0,-0.10999763011932373,0.439357191324234,1.0,0.38421422243118286,-0.043603044003248215
B_w5_K10000_c0.0_lr0.01_b32_s1,0,0,1.3017494678497314,0.09612718224525452,0.0,-0.062090396881103516,-0.29322269558906555,-1.0,0.4695501923561096,0.030203282833099365
B_w5_K10000_c0.0_lr0.01_b32_s1,0,1,1.4810651540756226,0.10550916939973831,0.0,0.13349507749080658,-0.7144246101379395,-1.0,0.5493912100791931,-0.07117046415805817
B_w5_K10000_c0.0_lr0.01_b32_s1,0,2,1.2099082469940186,0.09130114316940308,0.0,-0.013664482161402702,-0.21120202541351318,1.0,0.4361344575881958,-0.004829367622733116
B_w5_K10000_c0.0_lr0.01_b32_s1,0,3,1.3525313138961792,0.10515577346086502,0.0,0.11124338954687119,-0.5419313907623291,-1.0,0.5428380966186523,-0.05860472843050957
B_w5_K10000_c0.0_lr0.01_b32_s1,0,4,1.716219425201416,0.0766872838139534,0.0,-0.012118907645344734,0.39937275648117065,1.0,0.3564038872718811,-0.004668213427066803
B_w5_K10000_c0.0_lr0.01_b32_s2,0,0,1.4219887256622314,0.11717180162668228,0.0,-0.5749316215515137,-0.8704450130462646,-1.0,0.7501404881477356,0.4340040981769562
B_w5_K10000_c0.0_lr0.01_b32_s2,0,1,1.431010127067566,0.12218105792999268,0.0,-0.39027419686317444,-0.9715341925621033,-1.0,0.7973460555076599,0.31465157866477966
B_w5_K10000_c0.0_lr0.01_b32_s2,0,2,1.3306833505630493,0.12145125865936279,0.0,-0.42774099111557007,-0.7844595909118652,-1.0,0.779167652130127,0.3362182080745697
B_w5_K10000_c0.0_lr0.01_b32_s2,0,3,1.4813528060913086,0.1126609593629837,0.0,-0.3718181848526001,-0.7718737125396729,-1.0,0.6650373935699463,0.2503311336040497
B_w5_K10000_c0.0_lr0.01_b32_s2,0,4,1.5737625360488892,0.0772143304347992,0.0,0.4751231372356415,0.38460731506347656,1.0,0.38198593258857727,0.1814986765384674
B_w5_K10000_c0.0_lr0.01_b32_s3,0,0,1.4768434762954712,0.08009197562932968,0.0,0.020371144637465477,0.21457409858703613,-1.0,0.36807894706726074,-0.009061267599463463
B_w5_K10000_c0.0_lr0.01_b32_s3,0,1,1.5937734842300415,0.11620286107063293,0.0,-0.13752582669258118,0.9577596783638,1.0,0.6471522450447083,-0.09221605956554413
B_w5_K10000_c0.0_lr0.01_b32_s3,0,2,1.3480106592178345,0.1118503212928772,0.0,-0.12131068110466003,0.7032411694526672,1.0,0.6085729002952576,-0.07674746960401535
B_w5_K10000_c0.0_lr0.01_b32_s3,0,3,1.346909999847412,0.09106815606355667,0.0,-0.039143674075603485,0.41863688826560974,1.0,0.4320638179779053,-0.01898869127035141
B_w5_K10000_c0.0_lr0.01_b32_s3,0,4,1.4204453229904175,0.08550361543893814,0.0,0.2770720422267914,0.2729361653327942,-1.0,0.4090217649936676,-0.11500747501850128
B_w5_K10000_c0.0_lr0.01_b32_s4,0,0,1.3391125202178955,0.07831510156393051,0.0,0.1333627849817276,-0.3080601394176483,-1.0,0.3505006730556488,-0.04490724578499794
B_w5_K10000_c0.0_lr0.01_b32_s4,0,1,1.1206964254379272,0.08222950249910355,0.0,-0.027596229687333107,-0.2686479389667511,1.0,0.3919691741466522,-0.008655515499413013
B_w5_K10000_c0.0_lr0.01_b32_s4,0,2,1.446653127670288,0.09856966137886047,0.0,-0.11897779256105423,-0.618990957736969,-1.0,0.4923853576183319,0.06135384738445282
B_w5_K10000_c0.0_lr0.01_b32_s4,0,3,1.4395763874053955,0.10666320472955704,0.0,-0.14311866462230682,-0.744130551815033,-1.0,0.5538178086280823,0.0823533684015274
B_w5_K10000_c0.0_lr0.01_b32_s4,0,4,1.3045768737792969,0.082424096763134,0.0,0.3032270669937134,-0.26287543773651123,1.0,0.386064738035202,0.11886382848024368
B_w5_K10000_c2.0_lr0.01_b32_s0,0,0,1.3643131256103516,0.2401183694601059,0.9195016622543335,0.9194141030311584,0.9038324356079102,1.0,0.6893882155418396,0.13694721460342407
B_w5_K10000_c2.0_lr0.01_b32_s0,0,1,1.384231686592102,0.24167883396148682,-0.9334994554519653,-0.9331815838813782,0.9115505814552307,-1.0,0.6398635506629944,0.16283109784126282
B_w5_K10000_c2.0_lr0.01_b32_s0,0,2,1.6691876649856567,0.24743863940238953,0.9139757752418518,0.913703978061676,1.2267193794250488,1.0,0.7470717430114746,0.12754179537296295
B_w5_K10000_c2.0_lr0.01_b32_s0,0,3,1.5024069547653198,0.2850802540779114,0.9316285848617554,0.9316309094429016,1.894814133644104,1.0,0.8931713104248047,0.20630918443202972
B_w5_K10000_c2.0_lr0.01_b32_s0,0,4,1.17422616481781,0.2529236972332001,0.9119537472724915,0.9117459058761597,0.9478559494018555,1.0,0.7835177779197693,0.12895826995372772
B_w5_K10000_c2.0_lr0.01_b32_s1,0,0,1.3133423328399658,0.24209164083003998,-0.9046656489372253,-0.9048714637756348,0.794644296169281,-1.0,0.9274741411209106,0.41576629877090454
B_w5_K10000_c2.0_lr0.01_b32_s1,0,1,1.5556528568267822,0.2854822874069214,0.9117266535758972,0.9117418527603149,1.8468297719955444,1.0,1.056457281112671,0.33041584491729736
B_w5_K10000_c2.0_lr0.01_b32_s1,0,2,1.214980959892273,0.05191659927368164,0.05878310278058052,0.05833025276660919,-0.057318590581417084,-1.0,0.1542675495147705,0.05115316063165665
B_w5_K10000_c2.0_lr0.01_b32_s1,0,3,1.4546878337860107,0.29596155881881714,0.9260178804397583,0.9260855317115784,2.912073850631714,1.0,1.113933801651001,0.4374237656593323
B_w5_K10000_c2.0_lr0.01_b32_s1,0,4,1.3266704082489014,0.07105133682489395,-0.491164892911911,-0.49106720089912415,-0.11826837062835693,-1.0,0.2728649973869324,0.09527470916509628
B_w5_K10000_c2.0_lr0.01_b32_s2,0,0,1.6057618856430054,0.28150075674057007,0.922120213508606,0.9222677946090698,-1.7735635042190552,-1.0,1.0395606756210327,-0.24877436459064484
B_w5_K10000_c2.0_lr0.01_b32_s2,0,1,1.4781081676483154,0.16032445430755615,-0.8593566417694092,-0.8591854572296143,-0.265386700630188,1.0,0.46547558903694153,0.007271001115441322
B_w5_K10000_c2.0_lr0.01_b32_s2,0,2,1.5363178253173828,0.3062111437320709,0.9482169151306152,0.9483501315116882,-2.2627265453338623,-1.0,1.020479679107666,-0.36587125062942505
B_w5_K10000_c2.0_lr0.01_b32_s2,0,3,1.399272084236145,0.29434195160865784,0.9274266958236694,0.9275261759757996,-1.853619933128357,-1.0,1.10692298412323,-0.28343239426612854
B_w5_K10000_c2.0_lr0.01_b32_s2,0,4,1.3890974521636963,0.2616197466850281,0.8972898125648499,0.8974852561950684,-1.2481740713119507,-1.0,1.0191682577133179,-0.13515910506248474
B_w5_K10000_c2.0_lr0.01_b32_s3,0,0,1.4545315504074097,0.13690818846225739,0.7949014902114868,0.7952362298965454,0.19534437358379364,1.0,0.3373887836933136,-0.00807744450867176
B_w5_K10000_c2.0_lr0.01_b32_s3,0,1,1.4399385452270508,0.2732253670692444,0.9500937461853027,0.9501370191574097,1.6175016164779663,1.0,0.705078661441803,0.2975980043411255
B_w5_K10000_c2.0_lr0.01_b32_s3,0,2,1.4894133806228638,0.2732607126235962,0.9522512555122375,0.9518956542015076,1.7122904062271118,1.0,0.7059887647628784,0.31766101717948914
B_w5_K10000_c2.0_lr0.01_b32_s3,0,3,1.2815850973129272,0.04705345630645752,-0.7489849925041199,-0.7486734390258789,-0.019683435559272766,-1.0,0.08997353911399841,0.010410941205918789
B_w5_K10000_c2.0_lr0.01_b32_s3,0,4,1.393887996673584,0.17643049359321594,0.853712260723114,0.8539226055145264,0.3612580895423889,1.0,0.464450865983963,0.04897111654281616
B_w5_K10000_c2.0_lr0.01_b32_s4,0,0,1.5459833145141602,0.09254385530948639,-0.07463788241147995,-0.07422369718551636,-0.46854257583618164,-1.0,0.6090855598449707,0.16892623901367188
B_w5_K10000_c2.0_lr0.01_b32_s4,0,1,1.5046470165252686,0.16006280481815338,0.7522677779197693,0.752004086971283,0.728625476360321,1.0,0.7643210887908936,0.19428463280200958
B_w5_K10000_c2.0_lr0.01_b32_s4,0,2,1.657964825630188,0.0918445736169815,-0.13299492001533508,-0.1325317621231079,-0.35492607951164246,-1.0,0.5736724138259888,0.1490016132593155
B_w5_K10000_c2.0_lr0.01_b32_s4,0,3,1.526721715927124,0.15275363624095917,-0.8004852533340454,-0.8002243638038635,0.42805078625679016,-1.0,0.5604082345962524,0.14266479015350342
B_w5_K10000_c2.0_lr0.01_b32_s4,0,4,1.3274855613708496,0.17035706341266632,0.7649297714233398,0.76463383436203,0.9544656872749329,1.0,0.8735588788986206,0.24053847789764404
B_w5_K10000_c0.0_lr0.01_b32_s0,10000,0,1.1576634645462036,0.10287301987409592,0.0,0.29838287830352783,-0.5802482962608337,-1.0,0.5028480887413025,-0.14727137982845306
B_w5_K10000_c0.0_lr0.01_b32_s0,10000,1,1.2161871194839478,0.10203000158071518,0.0,0.34563520550727844,-0.5859463810920715,-1.0,0.502247154712677,-0.17093180119991302
B_w5_K10000_c0.0_lr0.01_b32_s0,10000,2,1.4213953018188477,0.1046331375837326,0.0,0.2270672619342804,-0.6509546041488647,-1.0,0.49953603744506836,-0.11067626625299454
B_w5_K10000_c0.0_lr0.01_b32_s0,10000,3,1.2355462312698364,0.0828709602355957,0.0,0.14129336178302765,-0.28940945863723755,-1.0,0.3504337966442108,-0.04758834093809128
B_w5_K10000_c0.0_lr0.01_b32_s0,10000,4,1.1852644681930542,0.06812666356563568,0.0,-0.11537253111600876,-0.19421981275081635,1.0,0.2748699486255646,-0.0301344133913517
B_w5_K10000_c0.0_lr0.01_b32_s1,10000,0,1.161903977394104,0.049256280064582825,0.0,-0.043321821838617325,0.025002017617225647,1.0,0.17902351915836334,-0.007752826437354088
B_w5_K10000_c0.0_lr0.01_b32_s1,10000,1,1.3886102437973022,0.061789363622665405,0.0,0.13728484511375427,-0.26401287317276,-1.0,0.23815475404262543,-0.03167136386036873
B_w5_K10000_c0.0_lr0.01_b32_s1,10000,2,1.267459750175476,0.05421072989702225,0.0,-0.10042285919189453,0.11508528143167496,1.0,0.20145761966705322,-0.020388489589095116
B_w5_K10000_c0.0_lr0.01_b32_s1,10000,3,1.2128225564956665,0.06118832156062126,0.0,0.12430337816476822,-0.16893316805362701,-1.0,0.2369321882724762,-0.028620200231671333
B_w5_K10000_c0.0_lr0.01_b32_s1,10000,4,1.6489672660827637,0.0688091591000557,0.0,0.12044485658407211,-0.2688674330711365,-1.0,0.25941190123558044,-0.03042297065258026
B_w5_K10000_c0.0_lr0.01_b32_s2,10000,0,1.4475396871566772,0.06702177226543427,0.0,0.14289739727973938,0.3471983075141907,1.0,0.2626379430294037,0.03667692095041275
B_w5_K10000_c0.0_lr0.01_b32_s2,10000,1,1.2517814636230469,0.05712083354592323,0.0,-0.08455099910497665,0.12888717651367188,-1.0,0.20816577970981598,0.01705821044743061
B_w5_K10000_c0.0_lr0.01_b32_s2,10000,2,1.14495849609375,0.04921557381749153,0.0,0.10906530171632767,0.00893411599099636,1.0,0.1772221475839615,0.01924259215593338
B_w5_K10000_c0.0_lr0.01_b32_s2,10000,3,1.4762661457061768,0.05421830341219902,0.0,-0.10399674624204636,-0.2367531657218933,-1.0,0.20516230165958405,0.02174433134496212
B_w5_K10000_c0.0_lr0.01_b32_s2,10000,4,1.400464653968811,0.048749614506959915,0.0,-0.09501931071281433,0.04419694095849991,-1.0,0.18234582245349884,0.017073169350624084
B_w5_K10000_c0.0_lr0.01_b32_s3,10000,0,1.455104947090149,0.07757565379142761,0.0,0.05240035802125931,-0.23989689350128174,1.0,0.3329142928123474,0.018974438309669495
B_w5_K10000_c0.0_lr0.01_b32_s3,10000,1,1.481858491897583,0.10182461142539978,0.0,-0.2588867247104645,-0.4482719600200653,-1.0,0.49017736315727234,0.12900003790855408
B_w5_K10000_c0.0_lr0.01_b32_s3,10000,2,1.183078646659851,0.05608285218477249,0.0,0.020670602098107338,-0.11102123558521271,1.0,0.23715560138225555,0.006180338561534882
B_w5_K10000_c0.0_lr0.01_b32_s3,10000,3,1.313766598701477,0.07614768296480179,0.0,-0.05735547095537186,-0.2086317539215088,1.0,0.33267277479171753,-0.01754843071103096
B_w5_K10000_c0.0_lr0.01_b32_s3,10000,4,1.5625826120376587,0.11995876580476761,0.0,-0.18137730658054352,-1.304741621017456,-1.0,0.7156322002410889,0.13370005786418915
B_w5_K10000_c0.0_lr0.01_b32_s4,10000,0,1.3861933946609497,0.11479523032903671,0.0,-0.21137574315071106,-1.1930062770843506,-1.0,0.843305766582489,0.18137586116790771
B_w5_K10000_c0.0_lr0.01_b32_s4,10000,1,1.0886951684951782,0.0936136394739151,0.0,0.10004399716854095,-0.4952929615974426,1.0,0.5676181316375732,0.059058111160993576
B_w5_K10000_c0.0_lr0.01_b32_s4,10000,2,1.5820910930633545,0.12741445004940033,0.0,-0.24494227766990662,-1.514660120010376,-1.0,0.9792351722717285,0.24314142763614655
B_w5_K10000_c0.0_lr0.01_b32_s4,10000,3,1.4174320697784424,0.12250252813100815,0.0,-0.0740760788321495,-1.1896142959594727,-1.0,0.8901384472846985,0.0691467821598053
B_w5_K10000_c0.0_lr0.01_b32_s4,10000,4,1.2607225179672241,0.11267901211977005,0.0,-0.18932916224002838,-0.6982545852661133,-1.0,0.7300690412521362,0.1406560242176056
B_w5_K10000_c2.0_lr0.01_b32_s0,10000,0,1.351287603378296,0.04922447353601456,-0.28280559182167053,-0.2838295102119446,-0.021939342841506004,1.0,0.21894530951976776,-0.014273583889007568
B_w5_K10000_c2.0_lr0.01_b32_s0,10000,1,1.3785806894302368,0.05328717455267906,0.15477269887924194,0.15378716588020325,0.14739827811717987,1.0,0.26001182198524475,-0.027787718921899796
B_w5_K10000_c2.0_lr0.01_b32_s0,10000,2,1.653849482536316,0.05172630026936531,-0.5784928202629089,-0.5793296694755554,-0.10786088556051254,1.0,0.2014312744140625,-0.014561455696821213
B_w5_K10000_c2.0_lr0.01_b32_s0,10000,3,1.3449902534484863,0.05944592505693436,0.3450736403465271,0.3439553678035736,0.13232077658176422,1.0,0.2384297251701355,-0.018988575786352158
B_w5_K10000_c2.0_lr0.01_b32_s0,10000,4,1.2521116733551025,0.08185698837041855,0.7030390501022339,0.7022961378097534,0.2602109909057617,1.0,0.23695550858974457,-0.015960123389959335
B_w5_K10000_c2.0_lr0.01_b32_s1,10000,0,1.2689433097839355,0.051010098308324814,0.12209620326757431,0.1218787431716919,0.0062193237245082855,-1.0,0.25031229853630066,0.014220458455383778
B_w5_K10000_c2.0_lr0.01_b32_s1,10000,1,1.3929485082626343,0.06588028371334076,0.6223888397216797,0.6221908330917358,-0.4360508322715759,-1.0,0.2765929698944092,0.02935192547738552
B_w5_K10000_c2.0_lr0.01_b32_s1,10000,2,1.169978141784668,0.02918749302625656,0.4216519892215729,0.42115652561187744,-0.014336863532662392,-1.0,0.052974652498960495,0.017662402242422104
B_w5_K10000_c2.0_lr0.01_b32_s1,10000,3,1.3316986560821533,0.049869880080223083,-0.12512469291687012,-0.1249532625079155,0.14800859987735748,1.0,0.2677527666091919,-0.003949077799916267
B_w5_K10000_c2.0_lr0.01_b32_s1,10000,4,1.1618536710739136,0.022054409608244896,0.1302880197763443,0.1306077241897583,0.000983478152193129,1.0,0.04287762567400932,0.007166762836277485
B_w5_K10000_c2.0_lr0.01_b32_s2,10000,0,1.5384654998779297,0.06490500271320343,-0.20429357886314392,-0.20478807389736176,-0.12575149536132812,1.0,0.29689857363700867,0.05832432582974434
B_w5_K10000_c2.0_lr0.01_b32_s2,10000,1,1.4051613807678223,0.10370679944753647,0.7192201018333435,0.7188777327537537,0.38233205676078796,1.0,0.37922972440719604,0.07075639069080353
B_w5_K10000_c2.0_lr0.01_b32_s2,10000,2,1.441835880279541,0.07594560086727142,0.39063560962677,0.39109310507774353,-0.4329971969127655,-1.0,0.38658055663108826,0.08227040618658066
B_w5_K10000_c2.0_lr0.01_b32_s2,10000,3,1.3360381126403809,0.09462618082761765,0.6298548579216003,0.6302524209022522,-0.2738882303237915,-1.0,0.31562143564224243,0.061933889985084534
B_w5_K10000_c2.0_lr0.01_b32_s2,10000,4,1.2509799003601074,0.09863770008087158,0.7473130226135254,0.7469953298568726,0.24907900393009186,1.0,0.33171898126602173,0.05906308814883232
B_w5_K10000_c2.0_lr0.01_b32_s3,10000,0,1.4534380435943604,0.12784737348556519,0.7742202877998352,0.7746363282203674,-0.1768345981836319,-1.0,0.3410799503326416,0.01646399311721325
B_w5_K10000_c2.0_lr0.01_b32_s3,10000,1,1.479457139968872,0.14323745667934418,-0.8973499536514282,-0.8974412679672241,-0.11896064132452011,1.0,0.3393111526966095,-0.1112658903002739
B_w5_K10000_c2.0_lr0.01_b32_s3,10000,2,1.539166808128357,0.2930513918399811,0.9478760361671448,0.948093831539154,-2.344993829727173,-1.0,0.8243034482002258,-0.33533576130867004
B_w5_K10000_c2.0_lr0.01_b32_s3,10000,3,1.1502532958984375,0.20673242211341858,0.8516751527786255,0.85185307264328,-0.48682504892349243,-1.0,0.6445051431655884,-0.04069691151380539
B_w5_K10000_c2.0_lr0.01_b32_s3,10000,4,1.4184013605117798,0.210051491856575,0.8619741201400757,0.8619153499603271,-0.6362457275390625,-1.0,0.6463545560836792,-0.06698618829250336
B_w5_K10000_c2.0_lr0.01_b32_s4,10000,0,1.4724308252334595,0.06468961387872696,0.4526802897453308,0.4527239203453064,-0.1667250096797943,-1.0,0.2152332216501236,0.09794382750988007
B_w5_K10000_c2.0_lr0.01_b32_s4,10000,1,1.382940411567688,0.14537693560123444,0.8826082944869995,0.8827813267707825,0.6270458698272705,1.0,0.47582927346229553,0.24306127429008484
B_w5_K10000_c2.0_lr0.01_b32_s4,10000,2,1.5930172204971313,0.05636823549866676,0.19060659408569336,0.19045217335224152,-0.21045874059200287,-1.0,0.23071861267089844,0.10780680179595947
B_w5_K10000_c2.0_lr0.01_b32_s4,10000,3,1.526725172996521,0.05732782930135727,0.1947106122970581,0.19449009001255035,-0.137941375374794,-1.0,0.22100017964839935,0.0909331813454628
B_w5_K10000_c2.0_lr0.01_b32_s4,10000,4,1.3245623111724854,0.13945257663726807,0.799954891204834,0.8004317879676819,0.308982253074646,1.0,0.3563885986804962,0.03287109360098839
B_w5_K10000_c0.0_lr0.01_b32_s0,50000,0,1.2751128673553467,0.07967308163642883,0.0,-0.062477827072143555,0.35441455245018005,1.0,0.35014358162879944,-0.022609751671552658
B_w5_K10000_c0.0_lr0.01_b32_s0,50000,1,1.3326256275177002,0.09337560832500458,0.0,0.06556769460439682,-0.4406333863735199,-1.0,0.4286780059337616,-0.026428624987602234
B_w5_K10000_c0.0_lr0.01_b32_s0,50000,2,1.3442151546478271,0.09043556451797485,0.0,-0.07772666215896606,-0.29927003383636475,1.0,0.41081973910331726,-0.030593525618314743
B_w5_K10000_c0.0_lr0.01_b32_s0,50000,3,1.1553525924682617,0.09891512989997864,0.0,-0.004200644791126251,-0.025348542258143425,-1.0,0.4915684759616852,0.002599891275167465
B_w5_K10000_c0.0_lr0.01_b32_s0,50000,4,1.3912841081619263,0.10201987624168396,0.0,0.09268788993358612,-0.5431631207466125,-1.0,0.47544199228286743,-0.04221343249082565
B_w5_K10000_c0.0_lr0.01_b32_s1,50000,0,0.5566562414169312,0.12769918143749237,0.0,0.007448166608810425,-0.16986699402332306,1.0,0.8797110915184021,0.00814879685640335
B_w5_K10000_c0.0_lr0.01_b32_s1,50000,1,1.3559038639068604,0.07953155785799026,0.0,0.07075399160385132,0.0785936787724495,1.0,0.346415251493454,0.0245270486921072
B_w5_K10000_c0.0_lr0.01_b32_s1,50000,2,1.4518111944198608,0.11376479268074036,0.0,0.0007425472140312195,-0.8451477289199829,-1.0,0.6439346671104431,0.0017500817775726318
B_w5_K10000_c0.0_lr0.01_b32_s1,50000,3,1.2056792974472046,0.09222738444805145,0.0,-0.051048509776592255,-0.19309784471988678,1.0,0.44669878482818604,-0.021847160533070564
B_w5_K10000_c0.0_lr0.01_b32_s1,50000,4,1.593606948852539,0.09339889883995056,0.0,-0.1153169572353363,-0.1432904303073883,-1.0,0.45156776905059814,0.052722882479429245
B_w5_K10000_c0.0_lr0.01_b32_s2,50000,0,1.5041199922561646,0.10797601193189621,0.0,0.2257215976715088,0.7287738919258118,1.0,0.5245729684829712,0.11564865708351135
B_w5_K10000_c0.0_lr0.01_b32_s2,50000,1,1.2555912733078003,0.08326219767332077,0.0,-0.13045600056648254,0.16355380415916443,-1.0,0.3711022734642029,0.04684867337346077
B_w5_K10000_c0.0_lr0.01_b32_s2,50000,2,1.165998101234436,0.045136239379644394,0.0,-0.021084919571876526,-0.047403596341609955,-1.0,0.1898786574602127,0.0030324477702379227
B_w5_K10000_c0.0_lr0.01_b32_s2,50000,3,1.5248329639434814,0.056655243039131165,0.0,-0.2941517233848572,-0.06177527830004692,-1.0,0.23369450867176056,0.06795482337474823
B_w5_K10000_c0.0_lr0.01_b32_s2,50000,4,1.382298469543457,0.08715356886386871,0.0,-0.22197912633419037,0.3432244658470154,-1.0,0.3682342767715454,0.07976974546909332
B_w5_K10000_c0.0_lr0.01_b32_s3,50000,0,1.478087067604065,0.12179641425609589,0.0,-0.05869682878255844,0.8166768550872803,1.0,0.703853964805603,-0.0449373722076416
B_w5_K10000_c0.0_lr0.01_b32_s3,50000,1,1.6788663864135742,0.12872153520584106,0.0,-0.0725289061665535,1.4106614589691162,1.0,0.8003150224685669,-0.06274878978729248
B_w5_K10000_c0.0_lr0.01_b32_s3,50000,2,1.1991151571273804,0.09727892279624939,0.0,0.28442439436912537,0.1311752200126648,-1.0,0.487409383058548,-0.14015737175941467
B_w5_K10000_c0.0_lr0.01_b32_s3,50000,3,1.1761538982391357,0.11253489553928375,0.0,0.005706220865249634,0.5175843238830566,-1.0,0.6492419838905334,-0.006859689950942993
B_w5_K10000_c0.0_lr0.01_b32_s3,50000,4,1.532480239868164,0.0830884501338005,0.0,0.09304048866033554,-0.05935929715633392,-1.0,0.3702983260154724,-0.03532341495156288
B_w5_K10000_c0.0_lr0.01_b32_s4,50000,0,1.3141593933105469,0.09564408659934998,0.0,0.11449111998081207,0.4587746560573578,-1.0,0.5093353390693665,-0.061040449887514114
B_w5_K10000_c0.0_lr0.01_b32_s4,50000,1,1.3229211568832397,0.11807240545749664,0.0,-0.24074040353298187,0.945870041847229,1.0,0.7222817540168762,-0.17774394154548645
B_w5_K10000_c0.0_lr0.01_b32_s4,50000,2,1.5346945524215698,0.11912553757429123,0.0,-0.16290220618247986,0.977410078048706,1.0,0.7159382104873657,-0.12033633142709732
B_w5_K10000_c0.0_lr0.01_b32_s4,50000,3,1.2620067596435547,0.1058816909790039,0.0,-0.19809746742248535,0.568588376045227,1.0,0.5844820141792297,-0.11888498067855835
B_w5_K10000_c0.0_lr0.01_b32_s4,50000,4,1.3547296524047852,0.08467153459787369,0.0,0.22730529308319092,0.22486796975135803,-1.0,0.42673325538635254,-0.09894043207168579
B_w5_K10000_c2.0_lr0.01_b32_s0,50000,0,1.3372197151184082,0.1733860820531845,0.8897074460983276,0.8899197578430176,-0.34101736545562744,-1.0,0.400278240442276,-0.08717385679483414
B_w5_K10000_c2.0_lr0.01_b32_s0,50000,1,1.339889645576477,0.21717368066310883,0.9498729705810547,0.9497551918029785,-0.7366053462028503,-1.0,0.472200870513916,-0.21469826996326447
B_w5_K10000_c2.0_lr0.01_b32_s0,50000,2,1.6104457378387451,0.23288294672966003,0.9064264297485352,0.9064874649047852,-1.0151845216751099,-1.0,0.6195603013038635,-0.13164015114307404
B_w5_K10000_c2.0_lr0.01_b32_s0,50000,3,1.3711278438568115,0.23430109024047852,-0.9398661851882935,-0.9398468732833862,-0.9943881034851074,1.0,0.5696159601211548,-0.22895623743534088
B_w5_K10000_c2.0_lr0.01_b32_s0,50000,4,1.3010926246643066,0.26112979650497437,0.9335848689079285,0.9335771799087524,-1.4103894233703613,-1.0,0.655587375164032,-0.19340714812278748
B_w5_K10000_c2.0_lr0.01_b32_s1,50000,0,1.404538869857788,0.09758016467094421,0.6708811521530151,0.6716862916946411,-0.285177081823349,-1.0,0.316742867231369,0.017115671187639236
B_w5_K10000_c2.0_lr0.01_b32_s1,50000,1,1.0024067163467407,0.11386196315288544,0.6564337015151978,0.6557457447052002,0.7177961468696594,1.0,0.5628678798675537,0.01039399579167366
B_w5_K10000_c2.0_lr0.01_b32_s1,50000,2,1.283387303352356,0.09790600091218948,0.6154914498329163,0.6149303913116455,0.23959964513778687,1.0,0.362576961517334,-0.017491132020950317
B_w5_K10000_c2.0_lr0.01_b32_s1,50000,3,1.3135994672775269,0.0787583664059639,-0.3187699317932129,-0.3176524341106415,0.06025615707039833,-1.0,0.3887242078781128,0.004873156547546387
B_w5_K10000_c2.0_lr0.01_b32_s1,50000,4,1.1756846904754639,0.04937801510095596,-0.11123750358819962,-0.11222632974386215,-0.012189339846372604,1.0,0.1533176153898239,0.006010349839925766
B_w5_K10000_c2.0_lr0.01_b32_s2,50000,0,1.617713451385498,0.03427732363343239,0.013769137673079967,0.014039035886526108,0.10392246395349503,1.0,0.1014014482498169,-0.009838487952947617
B_w5_K10000_c2.0_lr0.01_b32_s2,50000,1,1.3292080163955688,0.1447145640850067,0.854101836681366,0.854285478591919,-0.3410813808441162,-1.0,0.3680117130279541,-0.03809479996562004
B_w5_K10000_c2.0_lr0.01_b32_s2,50000,2,1.4619978666305542,0.12305109202861786,-0.8647509813308716,-0.8647527098655701,-0.192760169506073,1.0,0.30344656109809875,-0.0686236098408699
B_w5_K10000_c2.0_lr0.01_b32_s2,50000,3,1.200627088546753,0.17454659938812256,-0.8857514262199402,-0.8855899572372437,-0.5971868634223938,1.0,0.45577138662338257,-0.025522984564304352
B_w5_K10000_c2.0_lr0.01_b32_s2,50000,4,1.3555415868759155,0.18800325691699982,0.8376215100288391,0.8373510837554932,-0.6313895583152771,-1.0,0.5214465260505676,0.05756528303027153
B_w5_K10000_c2.0_lr0.01_b32_s3,50000,0,1.3049336671829224,0.08395066857337952,0.5385899543762207,0.537965714931488,0.47012999653816223,1.0,0.38649120926856995,-0.08024910092353821
B_w5_K10000_c2.0_lr0.01_b32_s3,50000,1,1.1554853916168213,0.06598185747861862,0.005308791995048523,0.004600338637828827,0.09505400061607361,1.0,0.3491954207420349,-0.06486223638057709
B_w5_K10000_c2.0_lr0.01_b32_s3,50000,2,1.4521769285202026,0.11212579160928726,0.7383164763450623,0.737826406955719,0.39236149191856384,1.0,0.33755263686180115,-0.0628407672047615
B_w5_K10000_c2.0_lr0.01_b32_s3,50000,3,1.1078495979309082,0.038492366671562195,-0.30851757526397705,-0.3075835406780243,0.01591283082962036,-1.0,0.07173939794301987,-0.03227424621582031
B_w5_K10000_c2.0_lr0.01_b32_s3,50000,4,1.3664573431015015,0.08560006320476532,0.5632880330085754,0.5627059936523438,0.33061277866363525,1.0,0.3405303359031677,-0.05878738313913345
B_w5_K10000_c2.0_lr0.01_b32_s4,50000,0,1.366254448890686,0.09140733629465103,-0.773858904838562,-0.7738360166549683,-0.11094044893980026,1.0,0.2031162828207016,0.025825578719377518
B_w5_K10000_c2.0_lr0.01_b32_s4,50000,1,1.4484009742736816,0.20282886922359467,0.9032703638076782,0.9029722213745117,-0.9480274319648743,-1.0,0.5128161311149597,-0.08713268488645554
B_w5_K10000_c2.0_lr0.01_b32_s4,50000,2,1.4802368879318237,0.17234306037425995,0.926019549369812,0.9257450699806213,-0.7548874020576477,-1.0,0.4133259952068329,-0.11551850289106369
B_w5_K10000_c2.0_lr0.01_b32_s4,50000,3,1.5173392295837402,0.18539218604564667,0.8914549946784973,0.8911786675453186,-0.6891562342643738,-1.0,0.4649445712566376,-0.06012461706995964
B_w5_K10000_c2.0_lr0.01_b32_s4,50000,4,0.8518974781036377,0.1803610920906067,-0.9235628843307495,-0.923297643661499,-0.6940594911575317,1.0,0.4622724652290344,-0.0856979712843895
B_w5_K10000_c0.0_lr0.01_b32_s0,100000,0,1.395759105682373,0.10014200210571289,0.0,0.3491976857185364,-0.5912119150161743,-1.0,0.4593179523944855,-0.1589536964893341
B_w5_K10000_c0.0_lr0.01_b32_s0,100000,1,1.3067747354507446,0.06239558756351471,0.0,-0.3324171006679535,0.09620782732963562,1.0,0.26465585827827454,-0.08782958984375
B_w5_K10000_c0.0_lr0.01_b32_s0,100000,2,1.319962978363037,0.07421963661909103,0.0,-0.2564845383167267,-0.10328834503889084,1.0,0.3257821500301361,-0.08301378041505814
B_w5_K10000_c0.0_lr0.01_b32_s0,100000,3,1.2587823867797852,0.05778747424483299,0.0,-0.38795730471611023,-0.009588092565536499,1.0,0.2309311181306839,-0.0893685445189476
B_w5_K10000_c0.0_lr0.01_b32_s0,100000,4,1.2402076721191406,0.07638223469257355,0.0,0.15886802971363068,-0.21076208353042603,-1.0,0.3141216039657593,-0.04901295155286789
B_w5_K10000_c0.0_lr0.01_b32_s1,100000,0,0.5673724412918091,0.10017330199480057,0.0,0.20686650276184082,1.4034417867660522,1.0,0.6024892330169678,0.12235166132450104
B_w5_K10000_c0.0_lr0.01_b32_s1,100000,1,1.328841209411621,0.08150652796030045,0.0,-0.2128138244152069,0.22747772932052612,-1.0,0.3483048677444458,0.07299424707889557
B_w5_K10000_c0.0_lr0.01_b32_s1,100000,2,1.2100180387496948,0.08312766253948212,0.0,0.1975563019514084,0.24698418378829956,1.0,0.36735329031944275,0.07130472362041473
B_w5_K10000_c0.0_lr0.01_b32_s1,100000,3,1.2501415014266968,0.08619168400764465,0.0,-0.19006779789924622,0.3506430387496948,-1.0,0.3852209746837616,0.07144612073898315
B_w5_K10000_c0.0_lr0.01_b32_s1,100000,4,1.56802237033844,0.07635726034641266,0.0,0.2321121096611023,0.2060026377439499,1.0,0.3149785101413727,0.0721803829073906
B_w5_K10000_c0.0_lr0.01_b32_s2,100000,0,1.4149737358093262,0.06219113990664482,0.0,0.08387354761362076,0.04731488227844238,1.0,0.2377203106880188,0.01954285427927971
B_w5_K10000_c0.0_lr0.01_b32_s2,100000,1,1.290271282196045,0.07240030169487,0.0,-0.1120276004076004,0.2063804417848587,-1.0,0.2720196545124054,0.029428977519273758
B_w5_K10000_c0.0_lr0.01_b32_s2,100000,2,1.2226057052612305,0.05484677106142044,0.0,-0.06050313264131546,-0.15446634590625763,-1.0,0.21116530895233154,0.012893463484942913
B_w5_K10000_c0.0_lr0.01_b32_s2,100000,3,1.5085327625274658,0.08231382817029953,0.0,0.07241275906562805,0.4507509171962738,1.0,0.3232027292251587,0.02191060222685337
B_w5_K10000_c0.0_lr0.01_b32_s2,100000,4,1.4000338315963745,0.06157820299267769,0.0,0.0002785399556159973,0.07410462945699692,-1.0,0.22705429792404175,-0.000553307356312871
B_w5_K10000_c0.0_lr0.01_b32_s3,100000,0,1.5054562091827393,0.08096926659345627,0.0,-0.24038824439048767,-0.4958157241344452,-1.0,0.3366679549217224,0.08224306255578995
B_w5_K10000_c0.0_lr0.01_b32_s3,100000,1,1.5164103507995605,0.07806668430566788,0.0,0.24711017310619354,-0.34680548310279846,1.0,0.31873565912246704,0.07985790818929672
B_w5_K10000_c0.0_lr0.01_b32_s3,100000,2,1.1364134550094604,0.064659483730793,0.0,0.22481432557106018,0.18777909874916077,1.0,0.2778681516647339,0.062367018312215805
B_w5_K10000_c0.0_lr0.01_b32_s3,100000,3,1.3197546005249023,0.06238928437232971,0.0,0.30473387241363525,0.018043996766209602,1.0,0.2265302985906601,0.06910509616136551
B_w5_K10000_c0.0_lr0.01_b32_s3,100000,4,1.4451714754104614,0.062399160116910934,0.0,-0.27739396691322327,0.01888432167470455,-1.0,0.23382793366909027,0.06494786590337753
B_w5_K10000_c0.0_lr0.01_b32_s4,100000,0,1.3049496412277222,0.0899650901556015,0.0,0.04510149732232094,0.29835233092308044,1.0,0.38414284586906433,0.016287045553326607
B_w5_K10000_c0.0_lr0.01_b32_s4,100000,1,1.2006428241729736,0.09114911407232285,0.0,0.11355040222406387,0.28125113248825073,1.0,0.387474924325943,0.043040670454502106
B_w5_K10000_c0.0_lr0.01_b32_s4,100000,2,1.4771251678466797,0.09034283459186554,0.0,0.1199793666601181,0.4557598829269409,1.0,0.3807514011859894,0.04438742995262146
B_w5_K10000_c0.0_lr0.01_b32_s4,100000,3,1.2719331979751587,0.08703199774026871,0.0,-0.1103816032409668,-0.2604682147502899,-1.0,0.36779770255088806,0.041861098259687424
B_w5_K10000_c0.0_lr0.01_b32_s4,100000,4,1.3411916494369507,0.09518177807331085,0.0,-0.14964553713798523,-0.5293054580688477,-1.0,0.4429049491882324,0.0680137425661087
B_w5_K10000_c2.0_lr0.01_b32_s0,100000,0,1.426680326461792,0.2596298158168793,0.9232217073440552,0.9233682155609131,1.1916368007659912,1.0,0.7316691875457764,0.19162918627262115
B_w5_K10000_c2.0_lr0.01_b32_s0,100000,1,1.1982765197753906,0.10893119126558304,-0.7473451495170593,-0.7465518712997437,0.1441737711429596,-1.0,0.3000241219997406,-0.13368971645832062
B_w5_K10000_c2.0_lr0.01_b32_s0,100000,2,1.6036781072616577,0.22073934972286224,0.896331250667572,0.8968066573143005,0.7932541370391846,1.0,0.6319853067398071,0.08393443375825882
B_w5_K10000_c2.0_lr0.01_b32_s0,100000,3,1.3802411556243896,0.23985682427883148,-0.9634847640991211,-0.9636419415473938,0.8478144407272339,-1.0,0.5130746364593506,0.23705078661441803
B_w5_K10000_c2.0_lr0.01_b32_s0,100000,4,1.3182260990142822,0.27389809489250183,0.9357329607009888,0.9359543323516846,1.3845014572143555,1.0,0.7691659927368164,0.2392042875289917
B_w5_K10000_c2.0_lr0.01_b32_s1,100000,0,1.2576793432235718,0.18788622319698334,-0.9062387347221375,-0.9060324430465698,0.5235897302627563,-1.0,0.5576303601264954,0.20655538141727448
B_w5_K10000_c2.0_lr0.01_b32_s1,100000,1,0.8642796277999878,0.23065714538097382,0.9226281046867371,0.9226064085960388,2.74470591545105,1.0,0.7815427184104919,0.2790963053703308
B_w5_K10000_c2.0_lr0.01_b32_s1,100000,2,1.0905659198760986,0.17365248501300812,-0.8937374949455261,-0.8936631679534912,0.37921637296676636,-1.0,0.5243649482727051,0.16779692471027374
B_w5_K10000_c2.0_lr0.01_b32_s1,100000,3,1.430099606513977,0.027230603620409966,-0.21605394780635834,-0.21629951894283295,-0.015763627365231514,1.0,0.07908545434474945,0.010669977404177189
B_w5_K10000_c2.0_lr0.01_b32_s1,100000,4,1.1712857484817505,0.18020214140415192,-0.9150232076644897,-0.9148766994476318,0.41404852271080017,-1.0,0.5209589600563049,0.22435253858566284
B_w5_K10000_c2.0_lr0.01_b32_s2,100000,0,1.5094937086105347,0.05777188763022423,-0.5035951137542725,-0.504411518573761,0.020405976101756096,-1.0,0.1481625735759735,0.01052050106227398
B_w5_K10000_c2.0_lr0.01_b32_s2,100000,1,1.1304360628128052,0.1400528848171234,0.8195112943649292,0.8200186491012573,1.0177069902420044,1.0,0.4947478771209717,0.0938892737030983
B_w5_K10000_c2.0_lr0.01_b32_s2,100000,2,1.2431772947311401,0.13867631554603577,-0.8114383220672607,-0.8119701147079468,0.618626058101654,-1.0,0.5061063170433044,0.12123044580221176
B_w5_K10000_c2.0_lr0.01_b32_s2,100000,3,1.349368929862976,0.1499670296907425,0.860777735710144,0.86124587059021,0.7085903286933899,1.0,0.43544700741767883,0.10093290358781815
B_w5_K10000_c2.0_lr0.01_b32_s2,100000,4,1.3555083274841309,0.05452650785446167,0.34219038486480713,0.34140825271606445,-0.13978618383407593,-1.0,0.17614415287971497,0.03918173909187317
B_w5_K10000_c2.0_lr0.01_b32_s3,100000,0,0.3402038812637329,0.19651322066783905,-0.9433981776237488,-0.9437400698661804,-1.1505135297775269,1.0,0.5061565041542053,0.13876326382160187
B_w5_K10000_c2.0_lr0.01_b32_s3,100000,1,1.4007213115692139,0.143793985247612,-0.8634839653968811,-0.8641097545623779,-0.40178605914115906,1.0,0.38406839966773987,0.08995543420314789
B_w5_K10000_c2.0_lr0.01_b32_s3,100000,2,1.6117743253707886,0.12801270186901093,0.6806313991546631,0.6808592081069946,-0.3412180244922638,-1.0,0.4112454354763031,0.16705022752285004
B_w5_K10000_c2.0_lr0.01_b32_s3,100000,3,1.425001621246338,0.19706669449806213,0.8441303968429565,0.8445652723312378,-0.8084414005279541,-1.0,0.6229634881019592,0.052151504904031754
B_w5_K10000_c2.0_lr0.01_b32_s3,100000,4,1.2646079063415527,0.1787913739681244,0.909121572971344,0.9094803333282471,-0.7986506223678589,-1.0,0.49105948209762573,0.07463043928146362
B_w5_K10000_c2.0_lr0.01_b32_s4,100000,0,1.3590490818023682,0.14113084971904755,0.7854167819023132,0.7846872210502625,0.3887290358543396,1.0,0.4407377541065216,0.05537509173154831
B_w5_K10000_c2.0_lr0.01_b32_s4,100000,1,1.3960270881652832,0.08118319511413574,0.5940605998039246,0.5950152277946472,-0.2462298721075058,-1.0,0.2620278298854828,0.08566407859325409
B_w5_K10000_c2.0_lr0.01_b32_s4,100000,2,1.189560055732727,0.09582377970218658,-0.5008402466773987,-0.49971574544906616,-0.0028144025709480047,-1.0,0.4905993342399597,0.10501603037118912
B_w5_K10000_c2.0_lr0.01_b32_s4,100000,3,1.525359869003296,0.10570815950632095,0.7265238761901855,0.7257285714149475,0.2605880796909332,1.0,0.4155053198337555,0.10296577960252762
B_w5_K10000_c2.0_lr0.01_b32_s4,100000,4,1.4711639881134033,0.15968434512615204,0.8286195397377014,0.827920138835907,0.632571816444397,1.0,0.47158780694007874,0.059926144778728485
B_w5_K10000_c0.0_lr0.01_b32_s0,300000,0,1.3495187759399414,0.10103614628314972,0.0,0.001558557152748108,-0.6521221399307251,-1.0,0.5318745374679565,0.0020397119224071503
B_w5_K10000_c0.0_lr0.01_b32_s0,300000,1,1.2612829208374023,0.07497519999742508,0.0,0.12663689255714417,-0.3421955406665802,1.0,0.384530246257782,0.0507785938680172
B_w5_K10000_c0.0_lr0.01_b32_s0,300000,2,1.3134791851043701,0.07028419524431229,0.0,-0.2589162588119507,-0.2777753472328186,-1.0,0.3261328935623169,0.08609610050916672
B_w5_K10000_c0.0_lr0.01_b32_s0,300000,3,1.361203908920288,0.08084782212972641,0.0,-0.08205534517765045,-0.2339247465133667,1.0,0.3877326250076294,-0.030030662193894386
B_w5_K10000_c0.0_lr0.01_b32_s0,300000,4,1.4903193712234497,0.10877633839845657,0.0,-0.02011989802122116,-0.8420909643173218,-1.0,0.600470244884491,0.015240024775266647
B_w5_K10000_c0.0_lr0.01_b32_s1,300000,0,0.6398470401763916,0.1101192757487297,0.0,-0.21217316389083862,2.1102569103240967,1.0,0.7485170960426331,-0.16248737275600433
B_w5_K10000_c0.0_lr0.01_b32_s1,300000,1,1.3440684080123901,0.09209804981946945,0.0,-0.09435111284255981,0.2833676338195801,1.0,0.43680301308631897,-0.043040551245212555
B_w5_K10000_c0.0_lr0.01_b32_s1,300000,2,1.3418676853179932,0.11151251196861267,0.0,-0.17676056921482086,0.6930642127990723,1.0,0.6009261012077332,-0.10929284989833832
B_w5_K10000_c0.0_lr0.01_b32_s1,300000,3,1.1763769388198853,0.10499566793441772,0.0,-0.12936130166053772,0.4927162230014801,1.0,0.5623674988746643,-0.07547571510076523
B_w5_K10000_c0.0_lr0.01_b32_s1,300000,4,1.4611765146255493,0.10358888655900955,0.0,-0.13145600259304047,0.518427312374115,1.0,0.5205370783805847,-0.07090526819229126
B_w5_K10000_c0.0_lr0.01_b32_s2,300000,0,1.5226384401321411,0.09819147735834122,0.0,0.20388692617416382,0.6857640147209167,1.0,0.484953910112381,0.096949502825737
B_w5_K10000_c0.0_lr0.01_b32_s2,300000,1,1.2936100959777832,0.07308542728424072,0.0,0.01567588560283184,0.07854051142930984,1.0,0.2964484691619873,0.004143368452787399
B_w5_K10000_c0.0_lr0.01_b32_s2,300000,2,1.381359577178955,0.09850174933671951,0.0,0.2200509011745453,0.4862646460533142,1.0,0.4716593325138092,0.10224346816539764
B_w5_K10000_c0.0_lr0.01_b32_s2,300000,3,1.4966108798980713,0.07482217252254486,0.0,-0.18967202305793762,-0.22057656943798065,-1.0,0.3339375853538513,0.06346828490495682
B_w5_K10000_c0.0_lr0.01_b32_s2,300000,4,1.4307717084884644,0.07425734400749207,0.0,0.18489207327365875,0.05710236728191376,1.0,0.31652936339378357,0.05814939737319946
B_w5_K10000_c0.0_lr0.01_b32_s3,300000,0,1.4526609182357788,0.08407013863325119,0.0,0.1199309304356575,-0.2499004751443863,1.0,0.36593472957611084,0.04556085541844368
B_w5_K10000_c0.0_lr0.01_b32_s3,300000,1,1.4468178749084473,0.092829130589962,0.0,0.4084120988845825,-0.2598935067653656,1.0,0.46080756187438965,0.18972399830818176
B_w5_K10000_c0.0_lr0.01_b32_s3,300000,2,1.4000180959701538,0.06362872570753098,0.0,0.47282856702804565,0.1027025580406189,1.0,0.2674236297607422,0.12691916525363922
B_w5_K10000_c0.0_lr0.01_b32_s3,300000,3,1.2928742170333862,0.07647126913070679,0.0,0.48259371519088745,-0.07603877037763596,1.0,0.3130442202091217,0.15184786915779114
B_w5_K10000_c0.0_lr0.01_b32_s3,300000,4,1.583040475845337,0.11431852728128433,0.0,-0.44734928011894226,-1.099815845489502,-1.0,0.6230623722076416,0.28182199597358704
B_w5_K10000_c0.0_lr0.01_b32_s4,300000,0,1.365518569946289,0.0922822505235672,0.0,0.17182181775569916,-0.3656623959541321,-1.0,0.42225223779678345,-0.07154721021652222
B_w5_K10000_c0.0_lr0.01_b32_s4,300000,1,1.2223042249679565,0.08503872156143188,0.0,-0.2504682242870331,0.19231154024600983,1.0,0.38632625341415405,-0.09718768298625946
B_w5_K10000_c0.0_lr0.01_b32_s4,300000,2,1.5170388221740723,0.08496864140033722,0.0,-0.24165011942386627,0.5204567313194275,1.0,0.39056384563446045,-0.09538749605417252
B_w5_K10000_c0.0_lr0.01_b32_s4,300000,3,1.4128552675247192,0.09151894599199295,0.0,0.14708612859249115,-0.44506511092185974,-1.0,0.41107526421546936,-0.05933215469121933
B_w5_K10000_c0.0_lr0.01_b32_s4,300000,4,1.3264490365982056,0.08096840232610703,0.0,0.3014121353626251,-0.20470137894153595,-1.0,0.35456186532974243,-0.10642270743846893
B_w5_K10000_c2.0_lr0.01_b32_s0,300000,0,1.3328487873077393,0.07873613387346268,-0.5527511239051819,-0.5530385971069336,0.06330868601799011,-1.0,0.30577731132507324,0.03674474358558655
B_w5_K10000_c2.0_lr0.01_b32_s0,300000,1,1.4344699382781982,0.0684279054403305,0.09883788973093033,0.09847681224346161,-0.22239428758621216,-1.0,0.34331071376800537,0.05580104887485504
B_w5_K10000_c2.0_lr0.01_b32_s0,300000,2,1.5044814348220825,0.14761510491371155,0.8203920722007751,0.8206080794334412,0.9931853413581848,1.0,0.5410324335098267,0.08620650321245193
B_w5_K10000_c2.0_lr0.01_b32_s0,300000,3,1.2752076387405396,0.06435757130384445,-0.5227351188659668,-0.5229876637458801,0.03834693878889084,-1.0,0.183792382478714,0.006328173913061619
B_w5_K10000_c2.0_lr0.01_b32_s0,300000,4,1.1865112781524658,0.11855151504278183,0.651489794254303,0.6517625451087952,0.3901199400424957,1.0,0.5913270711898804,0.09989865124225616
B_w5_K10000_c2.0_lr0.01_b32_s1,300000,0,1.4846423864364624,0.09523270279169083,0.6633754372596741,0.662778913974762,-0.272927463054657,-1.0,0.2851720452308655,0.06899342685937881
B_w5_K10000_c2.0_lr0.01_b32_s1,300000,1,0.5293198823928833,0.06680864095687866,-0.2037685513496399,-0.2027117908000946,-0.13073880970478058,1.0,0.42739537358283997,0.0826801210641861
B_w5_K10000_c2.0_lr0.01_b32_s1,300000,2,1.0898263454437256,0.055091794580221176,-0.13836738467216492,-0.13738709688186646,-0.022557970136404037,1.0,0.3033510744571686,0.050644319504499435
B_w5_K10000_c2.0_lr0.01_b32_s1,300000,3,1.2319239377975464,0.04945838823914528,-0.5030022859573364,-0.5021666884422302,-0.05467832833528519,1.0,0.15969625115394592,0.03727022558450699
B_w5_K10000_c2.0_lr0.01_b32_s1,300000,4,1.1975760459899902,0.04692720249295235,-0.11487710475921631,-0.11565621197223663,0.005727200303226709,-1.0,0.2230973243713379,0.0413268581032753
B_w5_K10000_c2.0_lr0.01_b32_s2,300000,0,1.5596190690994263,0.0913114994764328,0.5598750114440918,0.5590842962265015,-0.28613150119781494,-1.0,0.33005282282829285,0.14384865760803223
B_w5_K10000_c2.0_lr0.01_b32_s2,300000,1,1.4910712242126465,0.12497243285179138,0.7013518214225769,0.700800895690918,-0.4775944948196411,-1.0,0.4373151957988739,0.1744442731142044
B_w5_K10000_c2.0_lr0.01_b32_s2,300000,2,1.3252166509628296,0.08288447558879852,0.37446150183677673,0.37367063760757446,-0.2560940980911255,-1.0,0.45290377736091614,0.16989445686340332
B_w5_K10000_c2.0_lr0.01_b32_s2,300000,3,1.4175238609313965,0.07033595442771912,0.5833167433738708,0.5842063426971436,0.20158177614212036,1.0,0.29287415742874146,0.12442171573638916
B_w5_K10000_c2.0_lr0.01_b32_s2,300000,4,1.2947180271148682,0.07011540234088898,0.011541452258825302,0.010079687461256981,-0.006755555048584938,-1.0,0.39581120014190674,0.13773328065872192
B_w5_K10000_c2.0_lr0.01_b32_s3,300000,0,1.2896918058395386,0.08510153740644455,-0.7280788421630859,-0.7282286286354065,0.1402154117822647,-1.0,0.25860795378685,-0.08098102360963821
B_w5_K10000_c2.0_lr0.01_b32_s3,300000,1,0.8348304629325867,0.17229698598384857,0.8777926564216614,0.8779647350311279,1.577223300933838,1.0,0.6160916686058044,0.011072520166635513
B_w5_K10000_c2.0_lr0.01_b32_s3,300000,2,1.5767738819122314,0.019317513331770897,0.6908271908760071,0.6912519335746765,0.03815387934446335,1.0,0.060267508029937744,-0.009155677631497383
B_w5_K10000_c2.0_lr0.01_b32_s3,300000,3,1.1606913805007935,0.042210787534713745,0.5043197274208069,0.503762423992157,0.023764092475175858,1.0,0.08938650041818619,-0.04192572087049484
B_w5_K10000_c2.0_lr0.01_b32_s3,300000,4,1.4462462663650513,0.08202290534973145,0.6148170828819275,0.6153297424316406,0.09351625293493271,1.0,0.2113637924194336,-0.0780305340886116
B_w5_K10000_c2.0_lr0.01_b32_s4,300000,0,0.952734649181366,0.12247409671545029,0.7425197958946228,0.7427744269371033,1.3366076946258545,1.0,0.5731616616249084,0.014104028232395649
B_w5_K10000_c2.0_lr0.01_b32_s4,300000,1,1.3794622421264648,0.07089971005916595,-0.6912558078765869,-0.6911681294441223,0.09606488794088364,-1.0,0.2567365765571594,0.023394018411636353
B_w5_K10000_c2.0_lr0.01_b32_s4,300000,2,1.3896000385284424,0.11014838516712189,0.7440469861030579,0.7443152666091919,0.2233007401227951,1.0,0.33500218391418457,-0.01428680308163166
B_w5_K10000_c2.0_lr0.01_b32_s4,300000,3,1.4470055103302002,0.09618982672691345,-0.755581259727478,-0.7557379603385925,0.22466740012168884,-1.0,0.3497057557106018,0.030517496168613434
B_w5_K10000_c2.0_lr0.01_b32_s4,300000,4,1.5104084014892578,0.031933244317770004,-0.5485220551490784,-0.5484060645103455,-0.06247962266206741,1.0,0.1215081512928009,0.020620137453079224
B_w5_K10000_c0.0_lr0.01_b32_s0,1000000,0,1.4004460573196411,0.06083700433373451,0.0,0.03417348116636276,-0.05654050409793854,1.0,0.2288736253976822,0.008032240904867649
B_w5_K10000_c0.0_lr0.01_b32_s0,1000000,1,1.3425129652023315,0.062289100140333176,0.0,-0.07745469361543655,-0.062327586114406586,-1.0,0.22640793025493622,0.01760976016521454
B_w5_K10000_c0.0_lr0.01_b32_s0,1000000,2,1.367217779159546,0.06529697775840759,0.0,0.0360972099006176,0.05485455319285393,1.0,0.23716865479946136,0.008241129107773304
B_w5_K10000_c0.0_lr0.01_b32_s0,1000000,3,0.5639212727546692,0.09247349947690964,0.0,0.057625703513622284,0.48357558250427246,1.0,0.4924469590187073,0.027699146419763565
B_w5_K10000_c0.0_lr0.01_b32_s0,1000000,4,1.3308861255645752,0.07001615315675735,0.0,-0.019756227731704712,0.11910413205623627,-1.0,0.255354642868042,0.0044821701012551785
B_w5_K10000_c0.0_lr0.01_b32_s1,1000000,0,0.42533454298973083,0.08701524883508682,0.0,0.11493997275829315,1.8666632175445557,1.0,0.5194999575614929,0.0567902997136116
B_w5_K10000_c0.0_lr0.01_b32_s1,1000000,1,1.4203331470489502,0.10034216940402985,0.0,0.03385569900274277,0.6350931525230408,1.0,0.47471797466278076,0.01359457429498434
B_w5_K10000_c0.0_lr0.01_b32_s1,1000000,2,1.224624514579773,0.07870365679264069,0.0,0.03863901272416115,0.21919897198677063,1.0,0.3297811448574066,0.011310992762446404
B_w5_K10000_c0.0_lr0.01_b32_s1,1000000,3,1.273565411567688,0.07074454426765442,0.0,0.11890710890293121,0.18225277960300446,1.0,0.29218727350234985,0.03351512551307678
B_w5_K10000_c0.0_lr0.01_b32_s1,1000000,4,1.3105257749557495,0.06181679293513298,0.0,-0.2013878971338272,0.13543571531772614,1.0,0.24997562170028687,-0.051367197185754776
B_w5_K10000_c0.0_lr0.01_b32_s2,1000000,0,0.2011721134185791,0.11053290963172913,0.0,0.23361440002918243,-0.15016496181488037,-1.0,0.7079268097877502,-0.16523398458957672
B_w5_K10000_c0.0_lr0.01_b32_s2,1000000,1,1.4120903015136719,0.08538776636123657,0.0,0.19142860174179077,-0.5076953768730164,-1.0,0.40820398926734924,-0.07702483236789703
B_w5_K10000_c0.0_lr0.01_b32_s2,1000000,2,1.351996660232544,0.07525745779275894,0.0,0.242966428399086,0.08090737462043762,-1.0,0.3292146623134613,-0.08022462576627731
B_w5_K10000_c0.0_lr0.01_b32_s2,1000000,3,1.3426637649536133,0.07830017805099487,0.0,-0.23309296369552612,0.06257673352956772,1.0,0.340423047542572,-0.07950136065483093
B_w5_K10000_c0.0_lr0.01_b32_s2,1000000,4,1.483452320098877,0.085699662566185,0.0,-0.24889816343784332,0.4978195130825043,1.0,0.3920084834098816,-0.0984954759478569
B_w5_K10000_c0.0_lr0.01_b32_s3,1000000,0,1.4277597665786743,0.09012816101312637,0.0,-0.0893784612417221,-0.6580804586410522,-1.0,0.41917872428894043,0.03963121026754379
B_w5_K10000_c0.0_lr0.01_b32_s3,1000000,1,1.320035696029663,0.06561461091041565,0.0,0.07737389951944351,-0.23346665501594543,1.0,0.29299217462539673,0.023914383724331856
B_w5_K10000_c0.0_lr0.01_b32_s3,1000000,2,1.3428359031677246,0.08633880317211151,0.0,-0.12300127744674683,-0.6882052421569824,-1.0,0.41816386580467224,0.05359311029314995
B_w5_K10000_c0.0_lr0.01_b32_s3,1000000,3,1.494660496711731,0.05491507425904274,0.0,0.09026995301246643,-0.13058671355247498,1.0,0.21748791635036469,0.020441211760044098
B_w5_K10000_c0.0_lr0.01_b32_s3,1000000,4,1.356860876083374,0.08558984845876694,0.0,-0.07148426026105881,-0.5030348896980286,-1.0,0.3914315104484558,0.029870010912418365
B_w5_K10000_c0.0_lr0.01_b32_s4,1000000,0,1.5222485065460205,0.09582747519016266,0.0,0.6803925633430481,-0.46232107281684875,-1.0,0.43932434916496277,-0.29843869805336
B_w5_K10000_c0.0_lr0.01_b32_s4,1000000,1,1.276402235031128,0.0976482406258583,0.0,-0.681742787361145,0.2259153425693512,1.0,0.4513312876224518,-0.30824756622314453
B_w5_K10000_c0.0_lr0.01_b32_s4,1000000,2,0.5365720391273499,0.1292392462491989,0.0,0.6700775623321533,0.17622095346450806,-1.0,0.8159207105636597,-0.5472822785377502
B_w5_K10000_c0.0_lr0.01_b32_s4,1000000,3,1.2758662700653076,0.09505823254585266,0.0,-0.6588362455368042,0.15924237668514252,1.0,0.4309822916984558,-0.2844085693359375
B_w5_K10000_c0.0_lr0.01_b32_s4,1000000,4,1.3037965297698975,0.10383489727973938,0.0,-0.6912111639976501,0.46430596709251404,1.0,0.4896373152732849,-0.3393667936325073
B_w5_K10000_c2.0_lr0.01_b32_s0,1000000,0,1.5989806652069092,0.1775600165128708,0.8189960718154907,0.8188321590423584,0.8813856244087219,1.0,0.6586906313896179,-0.04131140932440758
B_w5_K10000_c2.0_lr0.01_b32_s0,1000000,1,1.483713150024414,0.13493183255195618,0.7943651080131531,0.7941413521766663,0.45013248920440674,1.0,0.5056272149085999,-0.025456266477704048
B_w5_K10000_c2.0_lr0.01_b32_s0,1000000,2,1.3231979608535767,0.053906120359897614,0.5788896679878235,0.5788125991821289,0.04916055127978325,1.0,0.17269183695316315,-0.0379113033413887
B_w5_K10000_c2.0_lr0.01_b32_s0,1000000,3,1.4226818084716797,0.17193268239498138,0.8429338932037354,0.843191921710968,0.7684391736984253,1.0,0.6021589636802673,-0.026484526693820953
B_w5_K10000_c2.0_lr0.01_b32_s0,1000000,4,1.3566910028457642,0.07898354530334473,-0.6854367256164551,-0.685131847858429,0.02549557387828827,-1.0,0.33465585112571716,-0.01833098568022251
B_w5_K10000_c2.0_lr0.01_b32_s1,1000000,0,1.4300514459609985,0.08152250200510025,0.4405222237110138,0.4408577084541321,-0.2033873051404953,-1.0,0.29394567012786865,0.09725593775510788
B_w5_K10000_c2.0_lr0.01_b32_s1,1000000,1,1.2725917100906372,0.11583742499351501,0.2985796332359314,0.2982487678527832,1.0134855508804321,1.0,0.7995944023132324,0.19777221977710724
B_w5_K10000_c2.0_lr0.01_b32_s1,1000000,2,1.1809701919555664,0.09822124987840652,-0.44953253865242004,-0.4492093622684479,0.10363423079252243,-1.0,0.5113375782966614,0.1280454397201538
B_w5_K10000_c2.0_lr0.01_b32_s1,1000000,3,1.4050066471099854,0.1091819703578949,-0.7716829776763916,-0.7719274163246155,-0.18355996906757355,1.0,0.2745606005191803,0.06875550001859665
B_w5_K10000_c2.0_lr0.01_b32_s1,1000000,4,1.1935269832611084,0.06308590620756149,0.3795822560787201,0.3803471028804779,-0.07403681427240372,-1.0,0.21740370988845825,0.0645209327340126
B_w5_K10000_c2.0_lr0.01_b32_s2,1000000,0,1.4496270418167114,0.15616634488105774,0.7727454304695129,0.7723572254180908,0.8046599626541138,1.0,0.6016324758529663,-0.02698025107383728
B_w5_K10000_c2.0_lr0.01_b32_s2,1000000,1,1.314022421836853,0.08021069318056107,-0.06923117488622665,-0.06862497329711914,-0.25180158019065857,-1.0,0.46776479482650757,-0.010517911985516548
B_w5_K10000_c2.0_lr0.01_b32_s2,1000000,2,1.4268393516540527,0.051538772881031036,-0.30933377146720886,-0.30982476472854614,-0.0238766111433506,1.0,0.14875464141368866,-0.022424092516303062
B_w5_K10000_c2.0_lr0.01_b32_s2,1000000,3,1.2689003944396973,0.06537995487451553,-0.2639143764972687,-0.26342228055000305,0.026592576876282692,-1.0,0.2696492075920105,-0.026093699038028717
B_w5_K10000_c2.0_lr0.01_b32_s2,1000000,4,1.5046778917312622,0.17078441381454468,0.7962749004364014,0.7958809733390808,0.847295880317688,1.0,0.60126131772995,-0.026247842237353325
B_w5_K10000_c2.0_lr0.01_b32_s3,1000000,0,1.2249583005905151,0.23488502204418182,0.9205109477043152,0.9196780920028687,0.6985573172569275,1.0,0.611198365688324,0.09140575677156448
B_w5_K10000_c2.0_lr0.01_b32_s3,1000000,1,0.7831950783729553,0.2937161922454834,0.9741734266281128,0.9737265110015869,4.612078666687012,1.0,0.5831246376037598,0.1027718335390091
B_w5_K10000_c2.0_lr0.01_b32_s3,1000000,2,1.2978169918060303,0.15793825685977936,0.8069753646850586,0.8068230152130127,0.26920539140701294,1.0,0.43783530592918396,-0.0677465945482254
B_w5_K10000_c2.0_lr0.01_b32_s3,1000000,3,1.2681219577789307,0.2410731166601181,0.9226511716842651,0.922607958316803,0.840675413608551,1.0,0.63022381067276,0.1354227215051651
B_w5_K10000_c2.0_lr0.01_b32_s3,1000000,4,1.3081670999526978,0.26188236474990845,0.9197909832000732,0.9192653894424438,1.1528301239013672,1.0,0.7530340552330017,0.11931682378053665
B_w5_K10000_c2.0_lr0.01_b32_s4,1000000,0,0.11626336723566055,0.11182209849357605,-0.08372966945171356,-0.08335768431425095,0.2749826908111572,1.0,0.9645839333534241,-0.1942518949508667
B_w5_K10000_c2.0_lr0.01_b32_s4,1000000,1,1.1940773725509644,0.038854777812957764,0.06029944494366646,0.060207609087228775,0.006510620936751366,-1.0,0.11336978524923325,-0.029157105833292007
B_w5_K10000_c2.0_lr0.01_b32_s4,1000000,2,1.437341570854187,0.11098930239677429,0.6391938328742981,0.6388805508613586,-0.6602643132209778,-1.0,0.5993825793266296,-0.1196783110499382
B_w5_K10000_c2.0_lr0.01_b32_s4,1000000,3,1.5223699808120728,0.11746783554553986,0.645728588104248,0.6460295915603638,0.5916703939437866,1.0,0.5505800247192383,-0.09886673092842102
B_w5_K10000_c2.0_lr0.01_b32_s4,1000000,4,1.286415696144104,0.10185939073562622,0.5610247254371643,0.5615136027336121,0.3849242925643921,1.0,0.5172408819198608,-0.0963081642985344
