step,run_id,dead_frac,dup_frac,sat_frac,eff_rank,stable_rank,wcos_mean,sign_match_mean,sign_clone_frac,eval_loss
0,A_w100_T10000_std_lr0.01_b128_s0,0.32,0.0143434,0.31,7.72088,5.13993,0.180479,0.503232,0,1.70595
0,A_w100_T10000_std_lr0.01_b128_s1,0.17,0.0165657,0.15,8.30121,4.94853,0.181948,0.499061,0.00020202,1.10809
0,A_w100_T10000_std_lr0.01_b128_s2,0.22,0.00505051,0.2,9.66848,5.11498,0.177062,0.500747,0,2.06356
0,A_w100_T10000_std_lr0.01_b128_s3,0.21,0.0280808,0.2,7.12111,4.9632,0.180111,0.498939,0,1.08975
0,A_w100_T10000_std_lr0.01_b128_s4,0.32,0.0230303,0.26,6.8367,5.08076,0.180264,0.499152,0,0.888628
10000,A_w100_T10000_std_lr0.01_b128_s0,0.34,0.0133333,0.33,9.64419,5.51671,0.182227,0.503455,0,0.00022032
10000,A_w100_T10000_std_lr0.01_b128_s1,0.19,0.0153535,0.17,9.69423,5.29792,0.183354,0.499343,0.00020202,0.000375729
10000,A_w100_T10000_std_lr0.01_b128_s2,0.21,0.00626263,0.22,11.9493,5.62844,0.178511,0.500737,0,2.08618e-06
10000,A_w100_T10000_std_lr0.01_b128_s3,0.23,0.0258586,0.24,8.17698,5.33925,0.180269,0.498768,0,0.000565109
10000,A_w100_T10000_std_lr0.01_b128_s4,0.32,0.0193939,0.32,8.01545,5.26973,0.180237,0.499182,0,0.000894155
20000,A_w100_T10000_std_lr0.01_b128_s0,0.35,0.00484848,0.31,11.9876,5.93088,0.183888,0.503242,0,8.32794e-06
20000,A_w100_T10000_std_lr0.01_b128_s1,0.23,0.0123232,0.2,10.0879,5.56437,0.183523,0.499,0,4.01495e-05
20000,A_w100_T10000_std_lr0.01_b128_s2,0.22,0.00383838,0.35,12.7893,5.54772,0.181295,0.500707,0,5.60274e-09
20000,A_w100_T10000_std_lr0.01_b128_s3,0.26,0.020202,0.24,9.62381,5.15055,0.180611,0.49904,0,6.8634e-05
20000,A_w100_T10000_std_lr0.01_b128_s4,0.26,0.00828283,0.24,10.7424,5.1245,0.181375,0.499172,0,0.000149049
30000,A_w100_T10000_std_lr0.01_b128_s0,0.26,0.00444444,0.32,12.5978,6.2849,0.184351,0.502303,0,1.52282e-08
30000,A_w100_T10000_std_lr0.01_b128_s1,0.23,0.010303,0.27,10.9243,5.54208,0.184118,0.499101,0,7.214e-08
30000,A_w100_T10000_std_lr0.01_b128_s2,0.23,0.00464646,0.95,13.2392,5.74917,0.182069,0.500707,0,7.12575e-12
30000,A_w100_T10000_std_lr0.01_b128_s3,0.26,0.0159596,0.28,9.23985,5.29296,0.180573,0.498848,0,1.23489e-07
30000,A_w100_T10000_std_lr0.01_b128_s4,0.27,0.00747475,0.32,10.9086,5.21653,0.18175,0.498919,0,1.66124e-07
40000,A_w100_T10000_std_lr0.01_b128_s0,0.3,0.00242424,0.58,13.3618,6.16947,0.186353,0.50303,0,2.5027e-10
40000,A_w100_T10000_std_lr0.01_b128_s1,0.26,0.00787879,0.83,11.0551,5.56146,0.184341,0.499556,0,2.17593e-11
40000,A_w100_T10000_std_lr0.01_b128_s2,0.25,0.00424242,0.74,13.2784,5.72587,0.182223,0.500667,0,1.28402e-11
40000,A_w100_T10000_std_lr0.01_b128_s3,0.28,0.0175758,0.26,9.30697,5.19959,0.180794,0.498505,0,0.000111919
40000,A_w100_T10000_std_lr0.01_b128_s4,0.3,0.0040404,0.65,13.5326,5.72524,0.183902,0.498414,0,2.09633e-10
50000,A_w100_T10000_std_lr0.01_b128_s0,0.41,0.00323232,0.36,12.6351,5.97011,0.18726,0.503838,0,6.18031e-07
50000,A_w100_T10000_std_lr0.01_b128_s1,0.31,0.00686869,0.53,10.7622,5.63511,0.184395,0.499333,0,6.4506e-10
50000,A_w100_T10000_std_lr0.01_b128_s2,0.25,0.00262626,0.4,13.1666,6.00456,0.182502,0.50099,0,4.92491e-09
50000,A_w100_T10000_std_lr0.01_b128_s3,0.26,0.0117172,0.27,10.0413,5.18368,0.181095,0.498364,0,2.94101e-06
50000,A_w100_T10000_std_lr0.01_b128_s4,0.26,0.00282828,0.87,13.2286,5.70843,0.184288,0.498404,0,8.90074e-12
60000,A_w100_T10000_std_lr0.01_b128_s0,0.33,0.00222222,0.32,13.6849,6.00587,0.188281,0.50397,0,5.34743e-08
60000,A_w100_T10000_std_lr0.01_b128_s1,0.3,0.00606061,0.34,11.1007,5.21074,0.184785,0.499293,0,2.01485e-07
60000,A_w100_T10000_std_lr0.01_b128_s2,0.31,0.00424242,0.6,12.2229,5.85156,0.182557,0.50104,0,1.5427e-10
60000,A_w100_T10000_std_lr0.01_b128_s3,0.3,0.00747475,0.32,10.8057,4.91619,0.182868,0.497949,0,1.542e-06
60000,A_w100_T10000_std_lr0.01_b128_s4,0.26,0.00383838,0.84,13.5779,5.62622,0.184029,0.498232,0,1.23102e-11
70000,A_w100_T10000_std_lr0.01_b128_s0,0.37,0.00121212,0.61,13.3102,6.15702,0.189018,0.504364,0,2.47426e-10
70000,A_w100_T10000_std_lr0.01_b128_s1,0.29,0.00585859,0.86,11.219,5.2434,0.184792,0.499293,0,2.45129e-12
70000,A_w100_T10000_std_lr0.01_b128_s2,0.32,0.00383838,0.49,12.1372,5.96408,0.183639,0.501677,0,2.49599e-09
70000,A_w100_T10000_std_lr0.01_b128_s3,0.31,0.00545455,0.26,11.3495,4.86923,0.18294,0.497818,0,5.47004e-06
70000,A_w100_T10000_std_lr0.01_b128_s4,0.25,0.00262626,0.85,13.6843,5.81179,0.184177,0.498424,0,1.05168e-11
80000,A_w100_T10000_std_lr0.01_b128_s0,0.34,0.00141414,0.89,13.9275,5.91342,0.189202,0.50395,0,8.22307e-12
80000,A_w100_T10000_std_lr0.01_b128_s1,0.35,0.00585859,0.5,11.6712,5.2539,0.186021,0.499091,0,2.99768e-09
80000,A_w100_T10000_std_lr0.01_b128_s2,0.32,0.00343434,0.56,12.0833,5.45607,0.183642,0.501192,0,2.6152e-10
80000,A_w100_T10000_std_lr0.01_b128_s3,0.32,0.00444444,0.78,11.6285,4.88443,0.18296,0.49801,0,3.12264e-11
80000,A_w100_T10000_std_lr0.01_b128_s4,0.25,0.00242424,0.9,13.2839,5.64164,0.184601,0.498283,0,1.11667e-11
90000,A_w100_T10000_std_lr0.01_b128_s0,0.28,0.00141414,0.86,15.0081,6.11256,0.189832,0.504141,0,8.39631e-12
90000,A_w100_T10000_std_lr0.01_b128_s1,0.27,0.0040404,0.78,12.1212,5.44813,0.186553,0.499414,0,1.9048e-11
90000,A_w100_T10000_std_lr0.01_b128_s2,0.35,0.0020202,0.31,12.4857,5.5335,0.185031,0.501374,0,7.94767e-06
90000,A_w100_T10000_std_lr0.01_b128_s3,0.27,0.00525253,0.31,11.8084,4.54517,0.18416,0.49796,0,7.42774e-07
90000,A_w100_T10000_std_lr0.01_b128_s4,0.26,0.00323232,0.78,13.9503,5.79854,0.184946,0.498212,0,3.22075e-11
100000,A_w100_T10000_std_lr0.01_b128_s0,0.35,0.00161616,0.93,13.8273,6.01085,0.190154,0.503687,0,5.53541e-12
100000,A_w100_T10000_std_lr0.01_b128_s1,0.24,0.00363636,0.21,12.4586,5.4224,0.187066,0.499828,0,2.27753e-07
100000,A_w100_T10000_std_lr0.01_b128_s2,0.35,0.00161616,0.53,12.9081,5.7565,0.185675,0.501576,0,6.28479e-10
100000,A_w100_T10000_std_lr0.01_b128_s3,0.27,0.0030303,0.45,12.1398,4.81909,0.184537,0.498162,0,1.10454e-09
100000,A_w100_T10000_std_lr0.01_b128_s4,0.27,0.00181818,0.53,14.3798,6.19896,0.186142,0.499162,0,1.13136e-09
110000,A_w100_T10000_std_lr0.01_b128_s0,0.3,0.0010101,0.61,14.3181,6.37266,0.191012,0.503717,0,9.04878e-11
110000,A_w100_T10000_std_lr0.01_b128_s1,0.2,0.00484848,0.76,13.0031,5.27935,0.187533,0.499687,0,1.22019e-11
110000,A_w100_T10000_std_lr0.01_b128_s2,0.35,0.00181818,0.86,12.4274,5.84898,0.186115,0.501444,0,1.88796e-12
110000,A_w100_T10000_std_lr0.01_b128_s3,0.34,0.0040404,0.7,11.9827,4.96471,0.185036,0.497808,0,1.54691e-10
110000,A_w100_T10000_std_lr0.01_b128_s4,0.3,0.00141414,0.9,15.2873,5.78643,0.185968,0.499162,0,2.19856e-12
120000,A_w100_T10000_std_lr0.01_b128_s0,0.34,0.00161616,0.89,13.9805,6.20427,0.190976,0.50403,0,3.45275e-12
120000,A_w100_T10000_std_lr0.01_b128_s1,0.27,0.00363636,0.75,12.92,5.33249,0.187824,0.500121,0,1.16167e-11
120000,A_w100_T10000_std_lr0.01_b128_s2,0.41,0.00121212,0.91,13.2823,5.72108,0.186218,0.501626,0,1.05861e-11
120000,A_w100_T10000_std_lr0.01_b128_s3,0.35,0.00343434,0.43,11.8069,5.1242,0.18576,0.49797,0,1.39728e-08
120000,A_w100_T10000_std_lr0.01_b128_s4,0.32,0.00141414,0.53,15.4732,6.58742,0.18876,0.498778,0,5.94938e-10
130000,A_w100_T10000_std_lr0.01_b128_s0,0.37,0.0020202,0.83,13.4158,5.97833,0.190943,0.504,0,5.79763e-12
130000,A_w100_T10000_std_lr0.01_b128_s1,0.23,0.00363636,0.84,12.6381,5.39377,0.187653,0.500192,0,5.4261e-12
130000,A_w100_T10000_std_lr0.01_b128_s2,0.34,0.00242424,0.64,13.1112,5.42557,0.186943,0.50204,0,2.07168e-10
130000,A_w100_T10000_std_lr0.01_b128_s3,0.37,0.00323232,0.76,12.1765,5.2651,0.185908,0.498152,0,1.26149e-10
130000,A_w100_T10000_std_lr0.01_b128_s4,0.36,0.0010101,0.71,15.633,6.45351,0.188123,0.500071,0,6.12086e-11
140000,A_w100_T10000_std_lr0.01_b128_s0,0.34,0.00222222,0.68,14.5371,6.32438,0.191236,0.50702,0,5.78411e-11
140000,A_w100_T10000_std_lr0.01_b128_s1,0.18,0.00323232,0.75,14.082,5.67333,0.187706,0.499909,0,9.35173e-12
140000,A_w100_T10000_std_lr0.01_b128_s2,0.34,0.00222222,0.91,12.7033,5.65958,0.186369,0.501616,0,3.84234e-12
140000,A_w100_T10000_std_lr0.01_b128_s3,0.34,0.00222222,0.4,12.5139,5.07956,0.186854,0.49803,0,5.39035e-09
140000,A_w100_T10000_std_lr0.01_b128_s4,0.4,0.00383838,0.48,13.3616,5.49535,0.188627,0.500616,0,2.02922e-09
150000,A_w100_T10000_std_lr0.01_b128_s0,0.33,0.00181818,0.81,13.4658,6.55485,0.191333,0.506131,0,6.87395e-12
150000,A_w100_T10000_std_lr0.01_b128_s1,0.22,0.00323232,0.8,13.1045,5.3156,0.187872,0.5,0,3.601e-12
150000,A_w100_T10000_std_lr0.01_b128_s2,0.36,0.00242424,0.45,12.1955,5.44174,0.187113,0.501848,0,8.61015e-09
150000,A_w100_T10000_std_lr0.01_b128_s3,0.4,0.00242424,0.55,12.3714,5.2732,0.187351,0.498394,0,1.73499e-09
150000,A_w100_T10000_std_lr0.01_b128_s4,0.4,0.00161616,0.85,13.2269,5.64617,0.18893,0.500414,0,5.58383e-12
160000,A_w100_T10000_std_lr0.01_b128_s0,0.35,0.00262626,0.71,13.1996,6.65694,0.190865,0.507,0,2.16228e-11
160000,A_w100_T10000_std_lr0.01_b128_s1,0.29,0.00181818,0.86,13.5436,5.73719,0.187692,0.500414,0,1.08938e-11
160000,A_w100_T10000_std_lr0.01_b128_s2,0.4,0.00222222,0.37,11.7726,5.24427,0.188858,0.502596,0,6.05704e-06
160000,A_w100_T10000_std_lr0.01_b128_s3,0.39,0.00262626,0.4,12.9613,4.89931,0.188291,0.498283,0,4.93929e-08
160000,A_w100_T10000_std_lr0.01_b128_s4,0.45,0.00141414,0.84,14.5863,5.8305,0.189183,0.500495,0,9.58061e-12
170000,A_w100_T10000_std_lr0.01_b128_s0,0.33,0.00343434,0.93,13.0297,6.11178,0.191159,0.506374,0,3.05028e-12
170000,A_w100_T10000_std_lr0.01_b128_s1,0.2,0.00222222,0.82,13.8466,5.76233,0.188082,0.49998,0,1.03938e-11
170000,A_w100_T10000_std_lr0.01_b128_s2,0.39,0.00161616,0.4,13.9225,5.34433,0.191559,0.50401,0,3.4041e-08
170000,A_w100_T10000_std_lr0.01_b128_s3,0.44,0.00222222,0.5,13.3455,4.75386,0.189872,0.498414,0,1.31076e-08
170000,A_w100_T10000_std_lr0.01_b128_s4,0.41,0.00161616,0.71,14.2609,5.74354,0.188829,0.500465,0,4.98764e-11
180000,A_w100_T10000_std_lr0.01_b128_s0,0.38,0.00565657,0.85,12.6352,5.99148,0.19154,0.507677,0,6.36279e-12
180000,A_w100_T10000_std_lr0.01_b128_s1,0.24,0.0030303,0.88,13.6097,5.80768,0.18851,0.500546,0,4.54454e-12
180000,A_w100_T10000_std_lr0.01_b128_s2,0.43,0.0010101,0.41,13.3198,5.09758,0.192789,0.504475,0,1.14638e-07
180000,A_w100_T10000_std_lr0.01_b128_s3,0.4,0.00222222,0.62,13.5993,4.74787,0.190223,0.49898,0,5.61621e-10
180000,A_w100_T10000_std_lr0.01_b128_s4,0.36,0.00121212,0.71,15.4497,6.03941,0.189034,0.500919,0,3.30493e-11
190000,A_w100_T10000_std_lr0.01_b128_s0,0.35,0.00242424,0.74,12.4637,5.95796,0.191981,0.507485,0,2.834e-11
190000,A_w100_T10000_std_lr0.01_b128_s1,0.36,0.00262626,0.7,14.1461,6.16802,0.189901,0.501707,0,3.56101e-11
190000,A_w100_T10000_std_lr0.01_b128_s2,0.48,0.00121212,0.48,13.6295,5.60595,0.193077,0.504404,0,5.68085e-09
190000,A_w100_T10000_std_lr0.01_b128_s3,0.4,0.00323232,0.65,13.6294,4.54831,0.190612,0.498515,0,1.03762e-10
190000,A_w100_T10000_std_lr0.01_b128_s4,0.34,0.00121212,0.55,16.3162,6.09899,0.190122,0.501192,0,1.23363e-10
200000,A_w100_T10000_std_lr0.01_b128_s0,0.41,0.00282828,0.79,12.0512,5.93144,0.191947,0.507737,0,7.02142e-12
200000,A_w100_T10000_std_lr0.01_b128_s1,0.42,0.00161616,0.85,13.3886,5.95735,0.19027,0.500838,0,2.42142e-11
200000,A_w100_T10000_std_lr0.01_b128_s2,0.42,0.0010101,0.43,15.5149,5.52337,0.195902,0.507101,0,2.97146e-09
200000,A_w100_T10000_std_lr0.01_b128_s3,0.44,0.00141414,0.74,12.2581,4.43823,0.190802,0.498727,0,6.91942e-11
200000,A_w100_T10000_std_lr0.01_b128_s4,0.38,0.0010101,0.84,15.9872,5.60645,0.190768,0.501646,0,3.60454e-12
210000,A_w100_T10000_std_lr0.01_b128_s0,0.47,0.00323232,0.48,11.5281,5.34246,0.19255,0.50701,0,4.53378e-08
210000,A_w100_T10000_std_lr0.01_b128_s1,0.36,0.00121212,0.75,13.2405,5.68123,0.19051,0.501556,0,1.25536e-11
210000,A_w100_T10000_std_lr0.01_b128_s2,0.48,0.000808081,0.66,14.7326,5.21679,0.197275,0.506848,0,1.58237e-10
210000,A_w100_T10000_std_lr0.01_b128_s3,0.43,0.00161616,0.75,12.7647,4.64674,0.191009,0.498616,0,2.32723e-11
210000,A_w100_T10000_std_lr0.01_b128_s4,0.36,0.0010101,0.58,17.7164,6.28005,0.190574,0.503848,0,1.19864e-10
220000,A_w100_T10000_std_lr0.01_b128_s0,0.46,0.00121212,0.79,12.4218,5.45292,0.192742,0.507879,0,2.52994e-11
220000,A_w100_T10000_std_lr0.01_b128_s1,0.41,0.00181818,0.46,13.224,5.5817,0.192064,0.500838,0,3.28425e-09
220000,A_w100_T10000_std_lr0.01_b128_s2,0.5,0.00121212,0.79,15.701,5.35186,0.19758,0.507707,0,9.45431e-12
220000,A_w100_T10000_std_lr0.01_b128_s3,0.41,0.00121212,0.39,12.8174,4.69235,0.1917,0.498323,0,5.43604e-07
220000,A_w100_T10000_std_lr0.01_b128_s4,0.5,0.00040404,0.45,17.5467,6.26764,0.195487,0.505586,0,8.4902e-07
230000,A_w100_T10000_std_lr0.01_b128_s0,0.49,0.00121212,0.64,13.6351,5.09677,0.193769,0.508343,0,1.54933e-10
230000,A_w100_T10000_std_lr0.01_b128_s1,0.36,0.00282828,0.44,12.6063,5.36035,0.192133,0.501535,0,1.52038e-09
230000,A_w100_T10000_std_lr0.01_b128_s2,0.4,0.00161616,0.89,16.3528,5.99628,0.197829,0.506859,0.00020202,3.36786e-12
230000,A_w100_T10000_std_lr0.01_b128_s3,0.35,0.000606061,0.63,14.2802,5.12136,0.191854,0.499222,0,5.20021e-11
230000,A_w100_T10000_std_lr0.01_b128_s4,0.4,0.00121212,0.75,17.7667,6.66538,0.19555,0.505162,0,6.1711e-12
240000,A_w100_T10000_std_lr0.01_b128_s0,0.42,0.00040404,0.85,14.2852,5.57338,0.194191,0.508394,0,1.12513e-11
240000,A_w100_T10000_std_lr0.01_b128_s1,0.34,0.00181818,0.92,13.6705,5.69951,0.192399,0.502232,0,4.09639e-12
240000,A_w100_T10000_std_lr0.01_b128_s2,0.37,0.00141414,0.82,16.9443,6.11346,0.197909,0.50699,0,3.26522e-12
240000,A_w100_T10000_std_lr0.01_b128_s3,0.3,0.00161616,0.66,14.2866,5.27334,0.191944,0.499606,0,1.04023e-10
240000,A_w100_T10000_std_lr0.01_b128_s4,0.37,0.00161616,0.76,17.8196,6.96579,0.196053,0.505071,0,5.1884e-12
250000,A_w100_T10000_std_lr0.01_b128_s0,0.42,0.0010101,0.83,14.0016,5.41688,0.194327,0.50804,0,3.83625e-12
250000,A_w100_T10000_std_lr0.01_b128_s1,0.39,0.0010101,0.87,13.3037,5.45808,0.192344,0.502434,0,7.26277e-12
250000,A_w100_T10000_std_lr0.01_b128_s2,0.4,0.00141414,0.85,16.0227,5.82031,0.197896,0.506687,0,2.13103e-12
250000,A_w100_T10000_std_lr0.01_b128_s3,0.35,0.0020202,0.8,13.558,5.151,0.192578,0.499556,0,1.65205e-11
250000,A_w100_T10000_std_lr0.01_b128_s4,0.32,0.00181818,0.81,17.9571,6.89545,0.196037,0.505747,0,2.46221e-12
260000,A_w100_T10000_std_lr0.01_b128_s0,0.31,0.0020202,0.8,14.7409,5.5785,0.19487,0.508414,0,9.22192e-12
260000,A_w100_T10000_std_lr0.01_b128_s1,0.37,0.00121212,0.88,12.9469,5.22802,0.192675,0.501919,0,7.66914e-12
260000,A_w100_T10000_std_lr0.01_b128_s2,0.47,0.00161616,0.87,15.6528,5.22535,0.197913,0.507404,0,7.48289e-12
260000,A_w100_T10000_std_lr0.01_b128_s3,0.33,0.00121212,0.82,13.016,4.62705,0.192688,0.499949,0,1.00463e-11
260000,A_w100_T10000_std_lr0.01_b128_s4,0.4,0.0030303,0.82,17.162,5.97959,0.196306,0.50596,0,3.62472e-12
270000,A_w100_T10000_std_lr0.01_b128_s0,0.38,0.0020202,0.8,14.5745,5.93309,0.195212,0.508192,0,1.57495e-11
270000,A_w100_T10000_std_lr0.01_b128_s1,0.36,0.00262626,0.81,13.5005,5.16186,0.192605,0.502141,0,6.28909e-12
270000,A_w100_T10000_std_lr0.01_b128_s2,0.51,0.0010101,0.64,15.8402,6.1902,0.198707,0.509707,0,8.69955e-11
270000,A_w100_T10000_std_lr0.01_b128_s3,0.43,0.00141414,0.75,12.898,4.56617,0.193043,0.500192,0,2.41664e-11
270000,A_w100_T10000_std_lr0.01_b128_s4,0.37,0.00181818,0.72,17.8552,6.64942,0.196455,0.506333,0,7.06816e-12
280000,A_w100_T10000_std_lr0.01_b128_s0,0.36,0.00181818,0.94,14.7804,5.92479,0.195133,0.508333,0,1.74838e-12
280000,A_w100_T10000_std_lr0.01_b128_s1,0.36,0.00282828,0.82,13.6458,5.36682,0.192984,0.502354,0,1.59016e-11
280000,A_w100_T10000_std_lr0.01_b128_s2,0.45,0.00121212,0.9,15.0359,5.42499,0.198635,0.509748,0,2.00535e-12
280000,A_w100_T10000_std_lr0.01_b128_s3,0.41,0.00141414,0.9,12.5859,4.40712,0.192708,0.500131,0,5.17221e-12
280000,A_w100_T10000_std_lr0.01_b128_s4,0.4,0.00222222,0.76,16.946,6.11428,0.196779,0.506677,0,3.99604e-12
290000,A_w100_T10000_std_lr0.01_b128_s0,0.37,0.00161616,0.93,14.9799,6.03243,0.19528,0.508727,0,7.93251e-12
290000,A_w100_T10000_std_lr0.01_b128_s1,0.31,0.00141414,0.84,15.2411,5.26275,0.193307,0.502384,0,8.88215e-12
290000,A_w100_T10000_std_lr0.01_b128_s2,0.41,0.00242424,0.8,15.7775,5.62723,0.19874,0.50903,0,4.8003e-12
290000,A_w100_T10000_std_lr0.01_b128_s3,0.34,0.00141414,0.82,13.1637,4.4523,0.193074,0.500444,0,8.23997e-12
290000,A_w100_T10000_std_lr0.01_b128_s4,0.34,0.00141414,0.87,15.9292,6.39098,0.196498,0.505485,0,8.80211e-13
300000,A_w100_T10000_std_lr0.01_b128_s0,0.4,0.00141414,0.46,14.3512,5.75097,0.195803,0.507909,0,2.27649e-09
300000,A_w100_T10000_std_lr0.01_b128_s1,0.35,0.00181818,0.8,14.8494,5.26871,0.193853,0.50298,0,1.39952e-11
300000,A_w100_T10000_std_lr0.01_b128_s2,0.39,0.00242424,0.8,16.5834,5.89083,0.199235,0.510051,0.00020202,8.42739e-12
300000,A_w100_T10000_std_lr0.01_b128_s3,0.39,0.00181818,0.75,13.3484,4.45843,0.194413,0.500859,0,4.17003e-11
300000,A_w100_T10000_std_lr0.01_b128_s4,0.33,0.00141414,0.79,16.7465,7.10472,0.196981,0.505525,0,2.58265e-12
310000,A_w100_T10000_std_lr0.01_b128_s0,0.36,0.00242424,0.73,13.3089,5.46912,0.19603,0.508667,0,9.08373e-12
310000,A_w100_T10000_std_lr0.01_b128_s1,0.34,0.00141414,0.79,13.8701,5.05533,0.193931,0.502647,0,1.37111e-11
310000,A_w100_T10000_std_lr0.01_b128_s2,0.4,0.00181818,0.73,16.2961,6.1674,0.19938,0.509808,0.00040404,1.14096e-11
310000,A_w100_T10000_std_lr0.01_b128_s3,0.31,0.00141414,0.83,13.3451,4.52973,0.194185,0.500596,0,5.83503e-12
310000,A_w100_T10000_std_lr0.01_b128_s4,0.37,0.00121212,0.83,15.2843,6.33656,0.196868,0.505899,0,1.76943e-12
320000,A_w100_T10000_std_lr0.01_b128_s0,0.33,0.00181818,0.86,13.5487,5.55494,0.196276,0.508111,0,1.08785e-11
320000,A_w100_T10000_std_lr0.01_b128_s1,0.4,0.00222222,0.81,13.5394,5.27137,0.19362,0.502788,0,9.21296e-12
320000,A_w100_T10000_std_lr0.01_b128_s2,0.39,0.00181818,0.83,17.0971,6.79859,0.199785,0.509434,0.00020202,5.45731e-12
320000,A_w100_T10000_std_lr0.01_b128_s3,0.3,0.00161616,0.83,14.2065,5.00337,0.193962,0.500838,0,3.32698e-12
320000,A_w100_T10000_std_lr0.01_b128_s4,0.41,0.00161616,0.81,14.9798,6.12824,0.196952,0.506354,0,4.06622e-12
330000,A_w100_T10000_std_lr0.01_b128_s0,0.4,0.00141414,0.84,13.2649,5.41299,0.196591,0.507364,0,9.82629e-12
330000,A_w100_T10000_std_lr0.01_b128_s1,0.36,0.00181818,0.84,14.1656,5.39473,0.193791,0.502556,0,5.58973e-12
330000,A_w100_T10000_std_lr0.01_b128_s2,0.34,0.0020202,0.77,16.8802,6.58878,0.200184,0.509657,0.00040404,6.53743e-12
330000,A_w100_T10000_std_lr0.01_b128_s3,0.39,0.00141414,0.84,13.8523,4.57055,0.193923,0.500333,0,1.20761e-11
330000,A_w100_T10000_std_lr0.01_b128_s4,0.33,0.00181818,0.73,15.5995,6.4461,0.197151,0.506737,0,2.9418e-12
340000,A_w100_T10000_std_lr0.01_b128_s0,0.44,0.00181818,0.98,13.6781,5.60322,0.196492,0.50695,0,3.0272e-13
340000,A_w100_T10000_std_lr0.01_b128_s1,0.39,0.0020202,0.86,13.1218,5.24581,0.193728,0.502697,0,2.96588e-12
340000,A_w100_T10000_std_lr0.01_b128_s2,0.3,0.00141414,0.83,16.3027,6.366,0.200443,0.509545,0.00020202,4.18806e-12
340000,A_w100_T10000_std_lr0.01_b128_s3,0.42,0.00121212,0.76,14.4305,4.54859,0.194543,0.500343,0,4.84786e-11
340000,A_w100_T10000_std_lr0.01_b128_s4,0.39,0.00141414,0.82,15.2188,6.1025,0.197053,0.506788,0,4.1718e-12
350000,A_w100_T10000_std_lr0.01_b128_s0,0.43,0.000606061,0.76,15.0786,5.85675,0.196978,0.507253,0,1.52002e-11
350000,A_w100_T10000_std_lr0.01_b128_s1,0.45,0.00161616,0.59,13.1649,4.89148,0.194469,0.502697,0,1.23388e-10
350000,A_w100_T10000_std_lr0.01_b128_s2,0.34,0.00121212,0.88,16.9243,6.8185,0.200999,0.510222,0.00020202,3.8314e-12
350000,A_w100_T10000_std_lr0.01_b128_s3,0.42,0.000808081,0.86,14.6914,5.27541,0.194929,0.500556,0,1.59012e-11
350000,A_w100_T10000_std_lr0.01_b128_s4,0.46,0.000808081,0.86,14.5539,5.89979,0.197504,0.506283,0,4.10531e-12
360000,A_w100_T10000_std_lr0.01_b128_s0,0.39,0.00040404,0.83,15.1932,6.12049,0.197119,0.507515,0,8.43648e-12
360000,A_w100_T10000_std_lr0.01_b128_s1,0.44,0.00121212,0.83,15.3086,5.57687,0.194875,0.502141,0,1.36808e-11
360000,A_w100_T10000_std_lr0.01_b128_s2,0.41,0.00121212,0.93,17.2195,6.78555,0.200779,0.509909,0.00020202,5.76638e-12
360000,A_w100_T10000_std_lr0.01_b128_s3,0.44,0.000606061,0.65,14.4494,4.95617,0.196339,0.501202,0,7.51536e-11
360000,A_w100_T10000_std_lr0.01_b128_s4,0.39,0.00121212,0.87,15.7047,6.39922,0.197504,0.506485,0,1.6793e-12
370000,A_w100_T10000_std_lr0.01_b128_s0,0.37,0.00161616,0.93,13.9136,5.80086,0.196962,0.508172,0,2.11657e-12
370000,A_w100_T10000_std_lr0.01_b128_s1,0.39,0.00161616,0.8,14.3738,5.26618,0.195124,0.502535,0,1.66905e-11
370000,A_w100_T10000_std_lr0.01_b128_s2,0.41,0.0010101,0.74,16.3264,6.28386,0.201001,0.509808,0,8.55609e-12
370000,A_w100_T10000_std_lr0.01_b128_s3,0.38,0.000606061,0.8,14.9133,5.35064,0.19622,0.501384,0,6.64383e-12
370000,A_w100_T10000_std_lr0.01_b128_s4,0.45,0.000808081,0.87,14.6541,6.01194,0.19755,0.506757,0,4.87609e-12
380000,A_w100_T10000_std_lr0.01_b128_s0,0.34,0.000808081,0.83,14.6654,6.37908,0.197362,0.508263,0,9.34576e-12
380000,A_w100_T10000_std_lr0.01_b128_s1,0.39,0.0010101,0.87,14.8305,5.0768,0.195137,0.502495,0,6.02958e-12
380000,A_w100_T10000_std_lr0.01_b128_s2,0.46,0.00161616,0.8,14.0253,5.13099,0.200864,0.509717,0,4.76822e-12
380000,A_w100_T10000_std_lr0.01_b128_s3,0.38,0.00181818,0.76,14.0891,5.21845,0.196293,0.501384,0,6.38138e-12
380000,A_w100_T10000_std_lr0.01_b128_s4,0.55,0.00161616,0.5,14.0545,5.76939,0.198746,0.507768,0,3.23286e-07
390000,A_w100_T10000_std_lr0.01_b128_s0,0.3,0.000808081,0.73,15.5814,6.1435,0.19826,0.507889,0,1.8876e-11
390000,A_w100_T10000_std_lr0.01_b128_s1,0.44,0.0020202,0.78,14.1636,5.28567,0.195337,0.502495,0,1.32775e-11
390000,A_w100_T10000_std_lr0.01_b128_s2,0.52,0.000606061,0.85,14.791,5.48067,0.201173,0.509515,0,8.44178e-12
390000,A_w100_T10000_std_lr0.01_b128_s3,0.31,0.00121212,0.83,14.8532,5.34721,0.197105,0.501586,0,8.94663e-12
390000,A_w100_T10000_std_lr0.01_b128_s4,0.47,0.000808081,0.76,14.3767,5.77138,0.198896,0.507535,0,1.61099e-11
400000,A_w100_T10000_std_lr0.01_b128_s0,0.33,0.00121212,0.89,14.1503,6.09577,0.198574,0.508253,0,3.95035e-12
400000,A_w100_T10000_std_lr0.01_b128_s1,0.38,0.00141414,0.87,14.7957,5.62298,0.195685,0.502727,0,4.34343e-12
400000,A_w100_T10000_std_lr0.01_b128_s2,0.61,0.00040404,0.75,14.2407,5.19441,0.201886,0.509404,0.00020202,5.16784e-11
400000,A_w100_T10000_std_lr0.01_b128_s3,0.41,0.00181818,0.84,14.3835,5.30716,0.197109,0.501828,0,3.10659e-12
400000,A_w100_T10000_std_lr0.01_b128_s4,0.48,0.0010101,0.51,14.8331,5.61447,0.200261,0.507808,0,6.40529e-10
410000,A_w100_T10000_std_lr0.01_b128_s0,0.39,0.00121212,0.86,14.4197,5.92485,0.199248,0.508525,0,6.96786e-12
410000,A_w100_T10000_std_lr0.01_b128_s1,0.39,0.00222222,0.83,15.3755,5.71331,0.195654,0.502768,0,3.35777e-12
410000,A_w100_T10000_std_lr0.01_b128_s2,0.6,0.0010101,0.84,13.7368,5.52094,0.201596,0.510232,0.00040404,1.34314e-11
410000,A_w100_T10000_std_lr0.01_b128_s3,0.37,0.00121212,0.73,15.0986,5.44075,0.197382,0.501626,0,2.50427e-11
410000,A_w100_T10000_std_lr0.01_b128_s4,0.57,0.000808081,0.52,14.0122,5.52983,0.200831,0.508061,0,4.29338e-08
420000,A_w100_T10000_std_lr0.01_b128_s0,0.42,0.000606061,0.76,14.3532,6.03128,0.199315,0.508495,0,1.64841e-11
420000,A_w100_T10000_std_lr0.01_b128_s1,0.46,0.00141414,0.67,15.098,5.64005,0.196539,0.502202,0,6.71901e-11
420000,A_w100_T10000_std_lr0.01_b128_s2,0.59,0.000808081,0.72,12.7701,4.99937,0.202664,0.510444,0.00040404,4.5286e-11
420000,A_w100_T10000_std_lr0.01_b128_s3,0.43,0.0020202,0.83,14.2938,5.27871,0.197696,0.50198,0,4.64965e-12
420000,A_w100_T10000_std_lr0.01_b128_s4,0.58,0.0010101,0.95,13.6256,5.45264,0.201305,0.507141,0,8.43771e-13
430000,A_w100_T10000_std_lr0.01_b128_s0,0.33,0.00121212,0.73,13.9195,5.93121,0.199108,0.508889,0,2.3432e-11
430000,A_w100_T10000_std_lr0.01_b128_s1,0.4,0.00141414,0.73,14.6955,5.83438,0.197041,0.501909,0,2.40454e-11
430000,A_w100_T10000_std_lr0.01_b128_s2,0.57,0.000606061,0.85,12.8622,5.07937,0.202726,0.511081,0.00040404,9.37729e-12
430000,A_w100_T10000_std_lr0.01_b128_s3,0.38,0.0010101,0.86,15.1218,5.48399,0.197523,0.501838,0,4.66256e-12
430000,A_w100_T10000_std_lr0.01_b128_s4,0.59,0.00181818,0.77,13.9437,5.62696,0.201418,0.507909,0,1.21154e-11
440000,A_w100_T10000_std_lr0.01_b128_s0,0.39,0.00121212,0.92,13.6433,5.75581,0.200332,0.508505,0,8.01151e-12
440000,A_w100_T10000_std_lr0.01_b128_s1,0.43,0.00040404,0.84,14.7622,5.91801,0.197183,0.502424,0,1.41773e-11
440000,A_w100_T10000_std_lr0.01_b128_s2,0.56,0.00121212,0.7,13.5497,4.68653,0.203409,0.511646,0.00040404,1.17107e-11
440000,A_w100_T10000_std_lr0.01_b128_s3,0.33,0.0010101,0.87,14.9279,5.24265,0.197425,0.501444,0,2.42431e-12
440000,A_w100_T10000_std_lr0.01_b128_s4,0.48,0.000808081,0.83,15.8337,6.31332,0.201658,0.506384,0,2.02005e-12
450000,A_w100_T10000_std_lr0.01_b128_s0,0.45,0.00121212,0.78,14.3917,5.85469,0.200607,0.508586,0,1.38625e-11
450000,A_w100_T10000_std_lr0.01_b128_s1,0.41,0.00121212,0.37,14.8318,6.09758,0.198335,0.501899,0,1.55103e-08
450000,A_w100_T10000_std_lr0.01_b128_s2,0.56,0.00222222,0.71,12.0777,4.01862,0.203961,0.513172,0.00040404,3.21059e-11
450000,A_w100_T10000_std_lr0.01_b128_s3,0.38,0.00141414,0.89,14.556,5.1795,0.198039,0.501859,0,4.48356e-12
450000,A_w100_T10000_std_lr0.01_b128_s4,0.49,0.0010101,0.89,15.9918,5.69753,0.201401,0.506192,0,1.307e-12
460000,A_w100_T10000_std_lr0.01_b128_s0,0.35,0.00121212,0.85,14.2758,6.00483,0.200871,0.50796,0,6.075e-12
460000,A_w100_T10000_std_lr0.01_b128_s1,0.41,0.00121212,0.79,15.9037,6.39435,0.198673,0.504222,0,1.86481e-11
460000,A_w100_T10000_std_lr0.01_b128_s2,0.54,0.00222222,0.77,13.1116,4.17082,0.203933,0.513242,0.00020202,6.07942e-12
460000,A_w100_T10000_std_lr0.01_b128_s3,0.42,0.000606061,0.89,14.5275,4.76032,0.198498,0.502475,0,4.59682e-12
460000,A_w100_T10000_std_lr0.01_b128_s4,0.44,0.00161616,0.88,16.6295,6.33477,0.201938,0.506758,0,3.32721e-12
470000,A_w100_T10000_std_lr0.01_b128_s0,0.34,0.00161616,0.84,14.1494,6.18782,0.200651,0.508323,0,2.93141e-12
470000,A_w100_T10000_std_lr0.01_b128_s1,0.44,0.00121212,0.78,13.1503,5.46756,0.198982,0.503828,0,1.01533e-11
470000,A_w100_T10000_std_lr0.01_b128_s2,0.59,0.0010101,0.54,13.1983,4.1432,0.20488,0.51304,0.00040404,2.24764e-09
470000,A_w100_T10000_std_lr0.01_b128_s3,0.51,0.0010101,0.78,13.36,4.69273,0.198663,0.502172,0,1.29824e-11
470000,A_w100_T10000_std_lr0.01_b128_s4,0.45,0.00121212,0.84,16.9702,6.32421,0.201675,0.507808,0,3.03106e-12
480000,A_w100_T10000_std_lr0.01_b128_s0,0.3,0.000606061,0.92,14.7605,6.10875,0.201038,0.508808,0,1.31924e-12
480000,A_w100_T10000_std_lr0.01_b128_s1,0.45,0.00121212,0.82,12.5274,5.21574,0.199806,0.504586,0,1.04196e-11
480000,A_w100_T10000_std_lr0.01_b128_s2,0.61,0.000808081,0.81,13.9689,4.38255,0.20503,0.513929,0.00040404,3.30861e-11
480000,A_w100_T10000_std_lr0.01_b128_s3,0.53,0.0010101,0.49,12.9265,4.84592,0.199939,0.503485,0,6.80953e-08
480000,A_w100_T10000_std_lr0.01_b128_s4,0.38,0.000606061,0.93,18.234,7.2309,0.202464,0.507707,0,1.2492e-12
490000,A_w100_T10000_std_lr0.01_b128_s0,0.31,0.000808081,0.82,14.4716,5.9311,0.201764,0.509101,0,1.45846e-11
490000,A_w100_T10000_std_lr0.01_b128_s1,0.43,0.0010101,0.82,14.1613,5.70363,0.199724,0.503697,0,8.75777e-12
490000,A_w100_T10000_std_lr0.01_b128_s2,0.53,0.0010101,0.79,15.083,4.74636,0.205191,0.514081,0.00040404,5.95235e-12
490000,A_w100_T10000_std_lr0.01_b128_s3,0.53,0.00141414,0.47,14.3049,4.78027,0.20321,0.504859,0,6.57274e-07
490000,A_w100_T10000_std_lr0.01_b128_s4,0.39,0.00141414,0.89,18.3472,6.6959,0.203279,0.507838,0,2.51622e-12
500000,A_w100_T10000_std_lr0.01_b128_s0,0.21,0.00121212,0.86,14.3935,6.04894,0.201651,0.508848,0,3.88086e-12
500000,A_w100_T10000_std_lr0.01_b128_s1,0.37,0.00121212,0.39,14.4954,5.8095,0.200686,0.504434,0,1.77793e-08
500000,A_w100_T10000_std_lr0.01_b128_s2,0.51,0.00222222,0.83,15.1949,4.94793,0.205718,0.51402,0.00040404,4.26633e-12
500000,A_w100_T10000_std_lr0.01_b128_s3,0.48,0.00262626,0.81,14.9095,5.28046,0.203277,0.50599,0,4.3852e-12
500000,A_w100_T10000_std_lr0.01_b128_s4,0.33,0.00121212,0.93,19.3998,7.16475,0.203518,0.508465,0,5.35054e-13
510000,A_w100_T10000_std_lr0.01_b128_s0,0.29,0.00181818,0.83,13.5506,6.04807,0.201842,0.50903,0,2.16947e-12
510000,A_w100_T10000_std_lr0.01_b128_s1,0.42,0.00222222,0.83,14.2158,5.89906,0.200716,0.504454,0,2.28434e-12
510000,A_w100_T10000_std_lr0.01_b128_s2,0.37,0.0020202,0.81,15.5481,5.15818,0.205696,0.514869,0.00020202,1.23862e-12
510000,A_w100_T10000_std_lr0.01_b128_s3,0.51,0.00222222,0.78,14.8285,5.27426,0.203271,0.50605,0,8.03637e-12
510000,A_w100_T10000_std_lr0.01_b128_s4,0.45,0.00121212,0.9,17.8753,6.71007,0.203522,0.508293,0,1.08425e-12
520000,A_w100_T10000_std_lr0.01_b128_s0,0.22,0.0010101,0.86,14.1204,5.92595,0.201688,0.509091,0,1.59669e-12
520000,A_w100_T10000_std_lr0.01_b128_s1,0.39,0.00262626,0.87,14.4503,5.95777,0.200713,0.503848,0,1.81428e-12
520000,A_w100_T10000_std_lr0.01_b128_s2,0.49,0.000808081,0.86,15.3356,4.78092,0.20543,0.514313,0.00020202,4.33196e-12
520000,A_w100_T10000_std_lr0.01_b128_s3,0.46,0.00161616,0.92,14.6828,6.01214,0.203124,0.505717,0,9.48463e-13
520000,A_w100_T10000_std_lr0.01_b128_s4,0.47,0.00121212,0.81,16.2687,5.72024,0.203383,0.509838,0,6.17789e-12
530000,A_w100_T10000_std_lr0.01_b128_s0,0.27,0.00222222,0.86,14.45,5.99861,0.201661,0.508545,0,2.58768e-12
530000,A_w100_T10000_std_lr0.01_b128_s1,0.43,0.00121212,0.92,13.7844,5.85244,0.200416,0.503808,0,1.13729e-12
530000,A_w100_T10000_std_lr0.01_b128_s2,0.44,0.000606061,0.89,15.1004,4.88681,0.205633,0.515788,0.00040404,6.52712e-13
530000,A_w100_T10000_std_lr0.01_b128_s3,0.45,0.00141414,0.84,14.7439,5.80657,0.203306,0.505848,0,4.44859e-12
530000,A_w100_T10000_std_lr0.01_b128_s4,0.57,0.000808081,0.84,16.0094,5.62794,0.203561,0.510455,0,6.23745e-12
540000,A_w100_T10000_std_lr0.01_b128_s0,0.29,0.00161616,0.85,14.1461,5.75126,0.202244,0.509111,0,2.58085e-12
540000,A_w100_T10000_std_lr0.01_b128_s1,0.46,0.00121212,0.99,15.576,6.27585,0.200631,0.504727,0,9.10955e-13
540000,A_w100_T10000_std_lr0.01_b128_s2,0.42,0.0010101,0.83,15.2,5.21146,0.206035,0.514939,0.00040404,2.44606e-12
540000,A_w100_T10000_std_lr0.01_b128_s3,0.53,0.0010101,0.74,14.7852,5.62123,0.203812,0.504667,0,2.14905e-11
540000,A_w100_T10000_std_lr0.01_b128_s4,0.59,0.00020202,0.56,15.6372,5.25836,0.205752,0.509667,0,6.4173e-10
550000,A_w100_T10000_std_lr0.01_b128_s0,0.31,0.00040404,0.62,14.6953,5.97168,0.203374,0.509101,0,9.24771e-11
550000,A_w100_T10000_std_lr0.01_b128_s1,0.42,0.00141414,0.79,15.05,4.89731,0.200875,0.505192,0,4.00429e-12
550000,A_w100_T10000_std_lr0.01_b128_s2,0.49,0.00161616,0.77,14.798,5.52836,0.205873,0.515515,0.00040404,2.53049e-12
550000,A_w100_T10000_std_lr0.01_b128_s3,0.58,0.0010101,0.69,16.062,6.38129,0.204292,0.506859,0,8.81248e-11
550000,A_w100_T10000_std_lr0.01_b128_s4,0.62,0.000606061,0.61,14.029,5.30233,0.208173,0.510677,0,1.38162e-09
560000,A_w100_T10000_std_lr0.01_b128_s0,0.26,0.000808081,0.93,14.7573,6.08132,0.203658,0.509172,0,8.68759e-13
560000,A_w100_T10000_std_lr0.01_b128_s1,0.47,0.00121212,0.92,14.6086,5.0318,0.200367,0.505162,0,1.14211e-12
560000,A_w100_T10000_std_lr0.01_b128_s2,0.44,0.00121212,0.79,14.7096,5.52144,0.206094,0.514192,0.00040404,5.26427e-12
560000,A_w100_T10000_std_lr0.01_b128_s3,0.54,0.000808081,0.63,14.7591,5.43237,0.204756,0.507293,0,5.8744e-11
560000,A_w100_T10000_std_lr0.01_b128_s4,0.6,0.000606061,0.57,16.3781,5.63536,0.209176,0.511586,0,3.06096e-10
570000,A_w100_T10000_std_lr0.01_b128_s0,0.33,0.00040404,0.85,15.2139,6.00498,0.203494,0.51004,0,5.32429e-12
570000,A_w100_T10000_std_lr0.01_b128_s1,0.46,0.000606061,0.79,14.7506,5.14087,0.200567,0.505889,0,2.97154e-11
570000,A_w100_T10000_std_lr0.01_b128_s2,0.5,0.00141414,0.89,13.8461,4.92816,0.20625,0.514798,0,3.92464e-12
570000,A_w100_T10000_std_lr0.01_b128_s3,0.51,0.0010101,0.74,14.9188,5.78323,0.205164,0.508,0,4.73225e-12
570000,A_w100_T10000_std_lr0.01_b128_s4,0.61,0.00040404,0.57,16.9606,5.95144,0.21163,0.51196,0,5.55775e-08
580000,A_w100_T10000_std_lr0.01_b128_s0,0.37,0.000808081,0.79,15.0282,5.92278,0.205176,0.510172,0,6.92145e-12
580000,A_w100_T10000_std_lr0.01_b128_s1,0.45,0.0010101,0.64,14.2407,4.93672,0.200849,0.505232,0,5.96958e-11
580000,A_w100_T10000_std_lr0.01_b128_s2,0.5,0.00161616,0.79,13.5216,5.34704,0.206202,0.51698,0.00020202,1.46945e-11
580000,A_w100_T10000_std_lr0.01_b128_s3,0.55,0.00161616,0.72,14.1581,5.47577,0.205086,0.508525,0,2.07687e-11
580000,A_w100_T10000_std_lr0.01_b128_s4,0.6,0.000606061,0.53,17.0104,5.77434,0.213395,0.512061,0,4.28377e-08
590000,A_w100_T10000_std_lr0.01_b128_s0,0.49,0.000606061,0.87,13.6092,6.35179,0.206891,0.510545,0,7.99554e-12
590000,A_w100_T10000_std_lr0.01_b128_s1,0.46,0.00181818,0.75,13.7888,5.13597,0.201166,0.505909,0,1.5389e-11
590000,A_w100_T10000_std_lr0.01_b128_s2,0.58,0.000808081,0.8,13.8494,5.68706,0.206471,0.516556,0.00020202,3.14938e-11
590000,A_w100_T10000_std_lr0.01_b128_s3,0.53,0.00222222,0.79,13.5097,5.42711,0.20568,0.508212,0,1.0427e-11
590000,A_w100_T10000_std_lr0.01_b128_s4,0.55,0.00020202,0.84,16.2119,5.88628,0.213623,0.511697,0,7.40532e-12
600000,A_w100_T10000_std_lr0.01_b128_s0,0.49,0.000808081,0.89,14.9217,6.12643,0.208461,0.511455,0,8.44839e-12
600000,A_w100_T10000_std_lr0.01_b128_s1,0.47,0.00181818,0.85,13.5445,4.79798,0.201581,0.506758,0,1.11507e-12
600000,A_w100_T10000_std_lr0.01_b128_s2,0.57,0.000808081,0.83,14.4965,5.73797,0.20704,0.516636,0,7.87617e-12
600000,A_w100_T10000_std_lr0.01_b128_s3,0.57,0.00121212,0.77,12.542,5.1326,0.205672,0.509859,0,1.1247e-11
600000,A_w100_T10000_std_lr0.01_b128_s4,0.54,0.00141414,0.85,16.3528,6.36658,0.213379,0.511889,0,9.22985e-12
610000,A_w100_T10000_std_lr0.01_b128_s0,0.45,0.000808081,0.76,14.8081,5.53004,0.209034,0.512424,0,8.21047e-12
610000,A_w100_T10000_std_lr0.01_b128_s1,0.45,0.00121212,0.88,13.7043,5.19129,0.202242,0.50701,0,7.13467e-12
610000,A_w100_T10000_std_lr0.01_b128_s2,0.61,0.000606061,0.8,14.4779,5.56264,0.208326,0.517051,0,1.56135e-11
610000,A_w100_T10000_std_lr0.01_b128_s3,0.53,0.00181818,0.78,13.6296,5.67577,0.205776,0.509737,0,8.23446e-12
610000,A_w100_T10000_std_lr0.01_b128_s4,0.51,0.0010101,0.9,17.0246,6.19899,0.213871,0.512182,0,1.08635e-12
620000,A_w100_T10000_std_lr0.01_b128_s0,0.45,0.000606061,0.83,16.1411,6.45004,0.209463,0.512364,0,3.08774e-12
620000,A_w100_T10000_std_lr0.01_b128_s1,0.54,0.00121212,0.93,13.1381,4.58954,0.201985,0.507616,0,3.12576e-12
620000,A_w100_T10000_std_lr0.01_b128_s2,0.6,0.00040404,0.93,13.1274,5.16479,0.208432,0.515535,0,3.33432e-12
620000,A_w100_T10000_std_lr0.01_b128_s3,0.52,0.00181818,0.77,13.8129,5.48758,0.206042,0.509798,0,1.11645e-11
620000,A_w100_T10000_std_lr0.01_b128_s4,0.52,0.00020202,0.86,17.8024,6.389,0.213889,0.51305,0,4.21772e-12
630000,A_w100_T10000_std_lr0.01_b128_s0,0.47,0.00222222,0.39,16.6509,5.91687,0.211947,0.512737,0,4.8525e-08
630000,A_w100_T10000_std_lr0.01_b128_s1,0.52,0.00141414,0.75,12.2899,4.70586,0.202358,0.509232,0,2.26876e-11
630000,A_w100_T10000_std_lr0.01_b128_s2,0.6,0.00040404,0.8,13.3122,5.14333,0.208979,0.516141,0,1.7001e-11
630000,A_w100_T10000_std_lr0.01_b128_s3,0.6,0.000808081,0.54,12.9756,5.07253,0.206751,0.510202,0,1.63504e-06
630000,A_w100_T10000_std_lr0.01_b128_s4,0.5,0.00040404,0.82,18.0828,6.56064,0.214053,0.513586,0,6.48514e-12
640000,A_w100_T10000_std_lr0.01_b128_s0,0.53,0,0.89,16.019,5.57274,0.213501,0.513162,0,5.06982e-12
640000,A_w100_T10000_std_lr0.01_b128_s1,0.49,0.00161616,0.61,12.0794,4.52019,0.203213,0.508475,0,5.76199e-10
640000,A_w100_T10000_std_lr0.01_b128_s2,0.63,0.00040404,0.76,13.8181,5.43334,0.209966,0.515475,0,4.15487e-11
640000,A_w100_T10000_std_lr0.01_b128_s3,0.59,0.000606061,0.81,12.6978,5.29236,0.206925,0.510515,0,2.4916e-11
640000,A_w100_T10000_std_lr0.01_b128_s4,0.55,0.00121212,0.84,19.093,7.14976,0.214174,0.512556,0,4.56466e-12
650000,A_w100_T10000_std_lr0.01_b128_s0,0.54,0.00141414,0.85,16.6608,6.43244,0.213637,0.513798,0,1.01446e-11
650000,A_w100_T10000_std_lr0.01_b128_s1,0.55,0.00343434,0.54,11.9276,4.49583,0.20463,0.508515,0,4.15089e-09
650000,A_w100_T10000_std_lr0.01_b128_s2,0.64,0.00040404,0.83,12.3427,4.92302,0.210255,0.516939,0,1.28002e-11
650000,A_w100_T10000_std_lr0.01_b128_s3,0.62,0.0010101,0.6,11.757,4.80466,0.20866,0.510889,0,3.3991e-06
650000,A_w100_T10000_std_lr0.01_b128_s4,0.51,0.00161616,0.84,18.7297,6.80548,0.214379,0.512061,0,1.48358e-12
660000,A_w100_T10000_std_lr0.01_b128_s0,0.5,0.0010101,0.84,16.2676,6.28574,0.213258,0.513354,0,8.65967e-12
660000,A_w100_T10000_std_lr0.01_b128_s1,0.56,0.00242424,0.69,11.9606,3.85146,0.20442,0.509747,0,1.63723e-10
660000,A_w100_T10000_std_lr0.01_b128_s2,0.63,0.00020202,0.79,12.7739,4.76063,0.210432,0.51602,0,5.8689e-12
660000,A_w100_T10000_std_lr0.01_b128_s3,0.6,0.00040404,0.72,12.6269,5.69109,0.209442,0.510687,0,1.6803e-10
660000,A_w100_T10000_std_lr0.01_b128_s4,0.53,0.00121212,0.88,18.4139,6.71536,0.214277,0.512273,0,1.44243e-12
670000,A_w100_T10000_std_lr0.01_b128_s0,0.58,0.0010101,0.85,16.8698,6.03461,0.21461,0.513414,0,6.77867e-12
670000,A_w100_T10000_std_lr0.01_b128_s1,0.55,0.000808081,0.81,12.5015,4.43082,0.204896,0.509646,0,2.67043e-11
670000,A_w100_T10000_std_lr0.01_b128_s2,0.64,0.000606061,0.71,12.9453,4.38449,0.211359,0.518424,0,2.13783e-10
670000,A_w100_T10000_std_lr0.01_b128_s3,0.61,0.00020202,0.74,14.8293,4.91534,0.210535,0.512869,0,5.78762e-11
670000,A_w100_T10000_std_lr0.01_b128_s4,0.51,0.00181818,0.83,18.6264,6.76892,0.21433,0.511687,0,2.69954e-12
680000,A_w100_T10000_std_lr0.01_b128_s0,0.66,0.0010101,0.53,14.1157,5.13982,0.21461,0.513434,0,2.97623e-08
680000,A_w100_T10000_std_lr0.01_b128_s1,0.6,0.000606061,0.84,14.1525,4.815,0.205916,0.511273,0,1.63554e-11
680000,A_w100_T10000_std_lr0.01_b128_s2,0.65,0.000808081,0.69,13.0316,4.38842,0.21172,0.519677,0,1.72281e-10
680000,A_w100_T10000_std_lr0.01_b128_s3,0.54,0.000808081,0.76,14.9974,6.17951,0.210342,0.513101,0,1.45472e-11
680000,A_w100_T10000_std_lr0.01_b128_s4,0.55,0.00161616,0.84,17.1531,5.68389,0.214221,0.512828,0,8.90971e-12
690000,A_w100_T10000_std_lr0.01_b128_s0,0.61,0.00161616,0.8,14.7818,5.68652,0.21487,0.51297,0,1.81449e-11
690000,A_w100_T10000_std_lr0.01_b128_s1,0.5,0.0010101,0.59,15.4075,4.79478,0.205666,0.509101,0,2.80121e-10
690000,A_w100_T10000_std_lr0.01_b128_s2,0.64,0.00020202,0.82,15.8371,4.97045,0.211879,0.519535,0,5.25928e-12
690000,A_w100_T10000_std_lr0.01_b128_s3,0.54,0.000808081,0.88,15.3017,6.14712,0.210386,0.514172,0,3.03418e-12
690000,A_w100_T10000_std_lr0.01_b128_s4,0.56,0.00040404,0.87,18.502,6.45889,0.214224,0.512556,0,5.35056e-12
700000,A_w100_T10000_std_lr0.01_b128_s0,0.55,0.00141414,0.85,15.4406,4.96605,0.214644,0.513061,0,6.80253e-12
700000,A_w100_T10000_std_lr0.01_b128_s1,0.56,0.00121212,0.8,15.0299,4.34521,0.205766,0.510455,0,6.64605e-12
700000,A_w100_T10000_std_lr0.01_b128_s2,0.7,0.00121212,0.79,13.6185,4.71699,0.212762,0.519283,0.00020202,1.53202e-11
700000,A_w100_T10000_std_lr0.01_b128_s3,0.59,0.000808081,0.7,15.7117,6.29245,0.211135,0.513515,0,3.04583e-11
700000,A_w100_T10000_std_lr0.01_b128_s4,0.51,0.00222222,0.79,17.0406,5.22117,0.214207,0.512768,0,7.04445e-12
710000,A_w100_T10000_std_lr0.01_b128_s0,0.64,0.00121212,0.81,14.4902,5.65273,0.214939,0.513182,0,1.46473e-11
710000,A_w100_T10000_std_lr0.01_b128_s1,0.59,0.000606061,0.83,13.6952,4.31965,0.205693,0.510919,0,1.30262e-11
710000,A_w100_T10000_std_lr0.01_b128_s2,0.58,0.00020202,0.85,15.8445,5.2424,0.213327,0.521101,0.00020202,2.90481e-12
710000,A_w100_T10000_std_lr0.01_b128_s3,0.58,0.00020202,0.62,18.0106,6.88621,0.211004,0.513162,0,1.4049e-10
710000,A_w100_T10000_std_lr0.01_b128_s4,0.45,0.00040404,0.85,17.7133,6.31984,0.214165,0.513444,0,1.60077e-12
720000,A_w100_T10000_std_lr0.01_b128_s0,0.62,0.00040404,0.73,13.6008,5.16369,0.214782,0.513818,0,1.71304e-11
720000,A_w100_T10000_std_lr0.01_b128_s1,0.62,0.000606061,0.61,14.521,3.9426,0.206429,0.512151,0,1.90361e-08
720000,A_w100_T10000_std_lr0.01_b128_s2,0.67,0.000606061,0.68,14.6751,4.45098,0.217827,0.521455,0.00040404,1.80143e-09
720000,A_w100_T10000_std_lr0.01_b128_s3,0.55,0.000808081,0.67,16.2229,6.37705,0.211424,0.513212,0,4.10475e-11
720000,A_w100_T10000_std_lr0.01_b128_s4,0.43,0.00161616,0.87,18.0762,6.59384,0.213958,0.513222,0.00020202,7.5516e-13
730000,A_w100_T10000_std_lr0.01_b128_s0,0.58,0.00242424,0.71,15.6081,5.71185,0.215154,0.514545,0,1.85222e-11
730000,A_w100_T10000_std_lr0.01_b128_s1,0.59,0.0010101,0.87,14.3089,4.64013,0.206146,0.512626,0,2.13436e-11
730000,A_w100_T10000_std_lr0.01_b128_s2,0.62,0.0010101,0.72,15.8693,4.51209,0.219232,0.520212,0.00020202,3.40167e-11
730000,A_w100_T10000_std_lr0.01_b128_s3,0.51,0.000606061,0.81,15.4689,6.28908,0.211327,0.511949,0,4.84629e-12
730000,A_w100_T10000_std_lr0.01_b128_s4,0.43,0.00121212,0.87,19.2906,6.78416,0.214176,0.513212,0.00020202,1.85606e-12
740000,A_w100_T10000_std_lr0.01_b128_s0,0.52,0.00141414,0.84,15.1111,5.41722,0.215503,0.515081,0,5.71663e-12
740000,A_w100_T10000_std_lr0.01_b128_s1,0.62,0.000808081,0.75,14.185,4.40103,0.206467,0.513626,0,4.56028e-11
740000,A_w100_T10000_std_lr0.01_b128_s2,0.62,0.00040404,0.91,14.1859,4.11589,0.218982,0.52197,0.00040404,5.47987e-12
740000,A_w100_T10000_std_lr0.01_b128_s3,0.63,0.000606061,0.75,14.3905,5.65192,0.21297,0.513152,0,2.47513e-11
740000,A_w100_T10000_std_lr0.01_b128_s4,0.48,0.00040404,0.89,18.5339,6.57087,0.214419,0.513727,0.00020202,1.73637e-12
750000,A_w100_T10000_std_lr0.01_b128_s0,0.6,0.0020202,0.8,15.0355,5.75451,0.215613,0.51595,0,1.26939e-11
750000,A_w100_T10000_std_lr0.01_b128_s1,0.63,0.0010101,0.71,12.9381,4.73902,0.207045,0.513091,0,5.65275e-11
750000,A_w100_T10000_std_lr0.01_b128_s2,0.59,0.00040404,0.83,15.6253,4.22775,0.219841,0.521879,0.00020202,9.18055e-12
750000,A_w100_T10000_std_lr0.01_b128_s3,0.53,0.00040404,0.92,14.9084,4.99382,0.213025,0.511667,0,4.96117e-12
750000,A_w100_T10000_std_lr0.01_b128_s4,0.52,0.000808081,0.88,16.5354,6.32477,0.215233,0.513687,0.00040404,2.5152e-12
760000,A_w100_T10000_std_lr0.01_b128_s0,0.57,0.00141414,0.86,14.6683,5.35521,0.215757,0.515778,0,2.06771e-12
760000,A_w100_T10000_std_lr0.01_b128_s1,0.57,0.00161616,0.6,13.8593,5.18328,0.206921,0.512323,0,2.84618e-09
760000,A_w100_T10000_std_lr0.01_b128_s2,0.63,0.000606061,0.8,13.5301,3.97421,0.219942,0.522848,0.00040404,8.86585e-12
760000,A_w100_T10000_std_lr0.01_b128_s3,0.49,0.00020202,0.71,16.8472,6.06417,0.214426,0.511273,0,5.0747e-11
760000,A_w100_T10000_std_lr0.01_b128_s4,0.63,0.00020202,0.8,15.4011,5.41794,0.216218,0.514051,0.00040404,2.41302e-11
770000,A_w100_T10000_std_lr0.01_b128_s0,0.59,0.0010101,0.85,14.5646,6.26819,0.215878,0.515576,0,3.14841e-12
770000,A_w100_T10000_std_lr0.01_b128_s1,0.51,0.000808081,0.66,14.4392,5.37014,0.20791,0.513081,0,7.67678e-11
770000,A_w100_T10000_std_lr0.01_b128_s2,0.67,0.00141414,0.79,13.5259,3.69676,0.220267,0.522636,0.00020202,2.8183e-11
770000,A_w100_T10000_std_lr0.01_b128_s3,0.51,0.000808081,0.87,17.1933,6.6544,0.214493,0.511909,0,5.58942e-12
770000,A_w100_T10000_std_lr0.01_b128_s4,0.65,0.00121212,0.89,14.6033,4.64785,0.215629,0.514646,0.00040404,2.63991e-12
780000,A_w100_T10000_std_lr0.01_b128_s0,0.58,0.00383838,0.81,15.0497,6.17467,0.216074,0.516141,0,7.7143e-12
780000,A_w100_T10000_std_lr0.01_b128_s1,0.5,0.00141414,0.76,14.7201,5.23687,0.207805,0.514364,0,6.85727e-12
780000,A_w100_T10000_std_lr0.01_b128_s2,0.64,0.000606061,0.81,14.777,4.35351,0.220097,0.521323,0.00020202,1.25557e-11
780000,A_w100_T10000_std_lr0.01_b128_s3,0.53,0.00181818,0.83,15.7244,6.75591,0.214503,0.512465,0,3.39182e-12
780000,A_w100_T10000_std_lr0.01_b128_s4,0.61,0.0020202,0.76,14.9463,4.34926,0.216068,0.513182,0.00040404,7.79971e-12
790000,A_w100_T10000_std_lr0.01_b128_s0,0.51,0.000808081,0.8,16.6336,6.1643,0.216505,0.516121,0,5.9232e-12
790000,A_w100_T10000_std_lr0.01_b128_s1,0.52,0.000808081,0.86,14.1749,5.25938,0.208128,0.514576,0,2.47415e-12
790000,A_w100_T10000_std_lr0.01_b128_s2,0.55,0.00181818,0.71,16.882,4.84124,0.220511,0.523081,0.00020202,2.5002e-11
790000,A_w100_T10000_std_lr0.01_b128_s3,0.6,0.00161616,0.84,14.614,5.66454,0.215336,0.51199,0,7.94811e-12
790000,A_w100_T10000_std_lr0.01_b128_s4,0.52,0.00141414,0.85,16.8604,4.80927,0.216347,0.512869,0.00040404,7.124e-12
800000,A_w100_T10000_std_lr0.01_b128_s0,0.5,0.00141414,0.9,16.1382,6.14416,0.216514,0.516242,0,2.28571e-12
800000,A_w100_T10000_std_lr0.01_b128_s1,0.55,0.00020202,0.82,14.4844,4.40882,0.208274,0.513566,0,1.11432e-11
800000,A_w100_T10000_std_lr0.01_b128_s2,0.61,0.00181818,0.82,15.1775,4.16974,0.22218,0.522384,0.00020202,7.74379e-12
800000,A_w100_T10000_std_lr0.01_b128_s3,0.56,0.00161616,0.85,15.8805,6.53944,0.215138,0.512323,0,3.63318e-12
800000,A_w100_T10000_std_lr0.01_b128_s4,0.54,0.00242424,0.78,16.8051,4.86683,0.216339,0.513424,0.00040404,3.54651e-12
810000,A_w100_T10000_std_lr0.01_b128_s0,0.58,0.00141414,0.75,15.3008,4.57647,0.216365,0.516667,0,1.4734e-11
810000,A_w100_T10000_std_lr0.01_b128_s1,0.59,0.00161616,0.92,13.2182,4.18505,0.208744,0.514899,0,7.77954e-12
810000,A_w100_T10000_std_lr0.01_b128_s2,0.55,0.0010101,0.82,15.0855,4.12109,0.221851,0.523242,0.00020202,2.92158e-12
810000,A_w100_T10000_std_lr0.01_b128_s3,0.54,0.00181818,0.81,16.0371,6.33922,0.215601,0.513434,0,1.11239e-11
810000,A_w100_T10000_std_lr0.01_b128_s4,0.54,0.00040404,0.92,17.9074,5.8483,0.216651,0.512919,0.00040404,1.09327e-12
820000,A_w100_T10000_std_lr0.01_b128_s0,0.58,0.00161616,0.8,15.8314,5.62337,0.216476,0.517727,0,8.74616e-12
820000,A_w100_T10000_std_lr0.01_b128_s1,0.6,0.00040404,0.81,11.7667,3.66716,0.209067,0.514465,0,2.00383e-11
820000,A_w100_T10000_std_lr0.01_b128_s2,0.45,0.00141414,0.9,16.206,4.78056,0.223127,0.524414,0.00020202,6.95533e-13
820000,A_w100_T10000_std_lr0.01_b128_s3,0.61,0.00222222,0.7,16.1622,6.09879,0.215869,0.513758,0,1.39753e-11
820000,A_w100_T10000_std_lr0.01_b128_s4,0.54,0.0010101,0.88,17.1145,6.02098,0.216167,0.51304,0.000606061,1.23798e-12
830000,A_w100_T10000_std_lr0.01_b128_s0,0.62,0.00141414,0.75,15.323,4.54888,0.216946,0.51701,0,2.81276e-11
830000,A_w100_T10000_std_lr0.01_b128_s1,0.6,0.000606061,0.54,11.4762,3.86846,0.209065,0.516202,0,3.19901e-08
830000,A_w100_T10000_std_lr0.01_b128_s2,0.52,0.00141414,0.89,14.5432,4.45925,0.222962,0.526778,0,4.98222e-12
830000,A_w100_T10000_std_lr0.01_b128_s3,0.63,0.00040404,0.65,17.0218,6.00922,0.216368,0.513949,0,1.1026e-09
830000,A_w100_T10000_std_lr0.01_b128_s4,0.57,0.00020202,0.88,15.3104,5.40343,0.217193,0.514152,0.000606061,3.00124e-12
840000,A_w100_T10000_std_lr0.01_b128_s0,0.56,0.000808081,0.81,16.2751,5.78015,0.217053,0.517778,0,1.50327e-11
840000,A_w100_T10000_std_lr0.01_b128_s1,0.56,0.000808081,0.85,13.4804,4.09902,0.208781,0.515111,0,5.90221e-12
840000,A_w100_T10000_std_lr0.01_b128_s2,0.44,0.00161616,0.89,16.6826,4.9826,0.222446,0.526515,0,1.62921e-12
840000,A_w100_T10000_std_lr0.01_b128_s3,0.62,0.00040404,0.79,16.4391,6.08042,0.216686,0.515293,0,2.46274e-11
840000,A_w100_T10000_std_lr0.01_b128_s4,0.58,0.00020202,0.86,16.0546,5.92576,0.217262,0.513626,0.00040404,5.56606e-12
850000,A_w100_T10000_std_lr0.01_b128_s0,0.57,0.000606061,0.85,17.9628,5.64867,0.217415,0.517869,0,7.5407e-12
850000,A_w100_T10000_std_lr0.01_b128_s1,0.57,0.00222222,0.78,13.3238,3.86516,0.209089,0.516343,0,7.24607e-12
850000,A_w100_T10000_std_lr0.01_b128_s2,0.51,0.00121212,0.91,15.9912,4.74386,0.22255,0.525232,0,7.24894e-13
850000,A_w100_T10000_std_lr0.01_b128_s3,0.59,0.000606061,0.78,17.2917,6.46699,0.216987,0.516111,0,2.39483e-11
850000,A_w100_T10000_std_lr0.01_b128_s4,0.52,0.00020202,0.93,17.6564,6.49498,0.217299,0.513253,0.00020202,1.29196e-12
860000,A_w100_T10000_std_lr0.01_b128_s0,0.57,0.00020202,0.64,18.2001,5.71376,0.217892,0.517151,0,6.56852e-11
860000,A_w100_T10000_std_lr0.01_b128_s1,0.58,0.000808081,0.85,14.0013,4.05556,0.208989,0.515889,0,4.03802e-12
860000,A_w100_T10000_std_lr0.01_b128_s2,0.5,0.00222222,0.89,16.6474,5.3755,0.22293,0.52696,0.00020202,3.01231e-13
860000,A_w100_T10000_std_lr0.01_b128_s3,0.57,0.00121212,0.78,17.4825,6.1127,0.217215,0.516354,0,7.74252e-12
860000,A_w100_T10000_std_lr0.01_b128_s4,0.59,0,0.88,17.5202,6.00992,0.21665,0.514313,0.00020202,3.65246e-12
870000,A_w100_T10000_std_lr0.01_b128_s0,0.61,0.00040404,0.59,18.9617,6.83318,0.218017,0.516566,0,5.12914e-10
870000,A_w100_T10000_std_lr0.01_b128_s1,0.53,0.00161616,0.72,15.2682,4.5886,0.209418,0.516242,0,1.49286e-11
870000,A_w100_T10000_std_lr0.01_b128_s2,0.55,0.00121212,0.89,17.0314,5.02642,0.223366,0.526222,0,3.3519e-12
870000,A_w100_T10000_std_lr0.01_b128_s3,0.54,0.00121212,0.78,17.8701,6.85313,0.216965,0.517071,0,6.09626e-12
870000,A_w100_T10000_std_lr0.01_b128_s4,0.52,0.00020202,0.94,16.7497,5.80354,0.216219,0.514586,0.00020202,9.6177e-13
880000,A_w100_T10000_std_lr0.01_b128_s0,0.54,0.00020202,0.92,18.0747,6.2135,0.218074,0.517323,0,1.0628e-12
880000,A_w100_T10000_std_lr0.01_b128_s1,0.6,0.000808081,0.56,14.6279,4.97226,0.212454,0.516192,0,1.26019e-06
880000,A_w100_T10000_std_lr0.01_b128_s2,0.53,0.00181818,0.9,16.038,5.3974,0.223384,0.525515,0,1.18053e-12
880000,A_w100_T10000_std_lr0.01_b128_s3,0.59,0.00242424,0.64,16.888,6.77549,0.216819,0.51601,0,5.48547e-11
880000,A_w100_T10000_std_lr0.01_b128_s4,0.52,0.00040404,0.85,16.7298,5.47875,0.216715,0.514374,0.00040404,1.72484e-12
890000,A_w100_T10000_std_lr0.01_b128_s0,0.58,0.000808081,0.81,18.6697,6.82914,0.218157,0.517929,0,4.56449e-12
890000,A_w100_T10000_std_lr0.01_b128_s1,0.54,0.00141414,0.81,15.2016,4.23235,0.212922,0.516939,0,6.37524e-12
890000,A_w100_T10000_std_lr0.01_b128_s2,0.55,0.0020202,0.81,15.7412,5.11568,0.223682,0.526525,0,3.01811e-12
890000,A_w100_T10000_std_lr0.01_b128_s3,0.52,0.00020202,0.77,17.6619,6.57081,0.216728,0.517788,0,4.80532e-12
890000,A_w100_T10000_std_lr0.01_b128_s4,0.52,0.000808081,0.84,15.6855,5.25075,0.216663,0.513,0.00020202,2.18062e-12
900000,A_w100_T10000_std_lr0.01_b128_s0,0.66,0.00020202,0.61,17.9636,7.14816,0.220567,0.517323,0,8.02669e-09
900000,A_w100_T10000_std_lr0.01_b128_s1,0.53,0.00040404,0.8,16.5858,5.15544,0.212846,0.518192,0,4.50378e-12
900000,A_w100_T10000_std_lr0.01_b128_s2,0.43,0.00181818,0.9,16.9451,5.45874,0.223684,0.525616,0,9.28271e-13
900000,A_w100_T10000_std_lr0.01_b128_s3,0.5,0.00141414,0.74,18.6256,7.69559,0.216811,0.518556,0,7.10865e-12
900000,A_w100_T10000_std_lr0.01_b128_s4,0.53,0.000606061,0.88,16.3579,5.62245,0.216508,0.513475,0.00040404,7.39929e-13
910000,A_w100_T10000_std_lr0.01_b128_s0,0.66,0.00040404,0.64,17.1967,5.99623,0.220771,0.518141,0,3.36895e-07
910000,A_w100_T10000_std_lr0.01_b128_s1,0.5,0.000808081,0.79,17.6823,5.07336,0.213327,0.517283,0,6.28161e-12
910000,A_w100_T10000_std_lr0.01_b128_s2,0.43,0.00424242,0.81,17.5659,5.8846,0.223473,0.526949,0,1.78141e-12
910000,A_w100_T10000_std_lr0.01_b128_s3,0.56,0.00262626,0.78,17.4856,6.44389,0.21719,0.517343,0,4.33881e-12
910000,A_w100_T10000_std_lr0.01_b128_s4,0.57,0.00020202,0.88,14.8273,5.15112,0.216095,0.515051,0.00040404,1.51216e-12
920000,A_w100_T10000_std_lr0.01_b128_s0,0.69,0.00040404,0.76,17.5199,7.30052,0.22137,0.520192,0,2.1929e-11
920000,A_w100_T10000_std_lr0.01_b128_s1,0.52,0.00020202,0.84,15.9729,5.21481,0.212498,0.518152,0,4.52542e-12
920000,A_w100_T10000_std_lr0.01_b128_s2,0.32,0.00383838,0.82,17.3864,5.61732,0.223402,0.52699,0,1.06053e-12
920000,A_w100_T10000_std_lr0.01_b128_s3,0.61,0.00040404,0.71,15.7735,5.58218,0.217294,0.519081,0,3.44659e-11
920000,A_w100_T10000_std_lr0.01_b128_s4,0.55,0,0.94,17.6967,6.05893,0.216527,0.515111,0.00020202,1.00668e-12
930000,A_w100_T10000_std_lr0.01_b128_s0,0.65,0.000606061,0.57,15.9887,6.33439,0.222091,0.520293,0,9.7472e-07
930000,A_w100_T10000_std_lr0.01_b128_s1,0.58,0.00020202,0.82,14.6343,4.14505,0.213107,0.519121,0,1.04392e-11
930000,A_w100_T10000_std_lr0.01_b128_s2,0.36,0.00222222,0.93,17.7068,5.94531,0.223082,0.527788,0,5.20582e-13
930000,A_w100_T10000_std_lr0.01_b128_s3,0.69,0.00020202,0.64,15.8641,5.25265,0.217981,0.519051,0,3.605e-09
930000,A_w100_T10000_std_lr0.01_b128_s4,0.61,0,0.87,15.1577,5.30122,0.216147,0.51498,0.00020202,2.82629e-12
940000,A_w100_T10000_std_lr0.01_b128_s0,0.71,0.00141414,0.89,14.8243,4.9913,0.222637,0.519455,0,4.75316e-12
940000,A_w100_T10000_std_lr0.01_b128_s1,0.59,0.00040404,0.61,14.1288,4.11334,0.214477,0.520232,0,1.0069e-08
940000,A_w100_T10000_std_lr0.01_b128_s2,0.38,0.00141414,0.91,17.111,5.54497,0.223113,0.527424,0,7.58245e-13
940000,A_w100_T10000_std_lr0.01_b128_s3,0.65,0.000606061,0.78,16.6664,5.64247,0.217587,0.521747,0,8.01539e-12
940000,A_w100_T10000_std_lr0.01_b128_s4,0.63,0.000606061,0.88,13.5269,4.67952,0.217104,0.515444,0.00020202,3.54087e-12
950000,A_w100_T10000_std_lr0.01_b128_s0,0.62,0.000808081,0.92,15.2693,4.93529,0.223261,0.519869,0,1.33317e-12
950000,A_w100_T10000_std_lr0.01_b128_s1,0.58,0.000808081,0.63,14.0039,4.65998,0.216139,0.51903,0,5.96779e-10
950000,A_w100_T10000_std_lr0.01_b128_s2,0.52,0.00181818,0.84,15.5958,4.72131,0.223108,0.528545,0.00020202,3.94554e-12
950000,A_w100_T10000_std_lr0.01_b128_s3,0.6,0.000808081,0.78,17.3309,6.11421,0.217739,0.521222,0,5.90962e-12
950000,A_w100_T10000_std_lr0.01_b128_s4,0.6,0.00020202,0.9,13.7717,5.03222,0.21686,0.516071,0.00020202,1.33998e-12
960000,A_w100_T10000_std_lr0.01_b128_s0,0.65,0.00121212,0.79,15.0661,4.95957,0.223002,0.52003,0,7.12359e-12
960000,A_w100_T10000_std_lr0.01_b128_s1,0.57,0.000606061,0.75,16.0708,5.39507,0.217104,0.520768,0,3.06812e-11
960000,A_w100_T10000_std_lr0.01_b128_s2,0.52,0.00121212,0.8,16.5797,5.07297,0.223135,0.529222,0.00020202,2.50686e-12
960000,A_w100_T10000_std_lr0.01_b128_s3,0.58,0.00161616,0.87,15.6165,5.29719,0.217679,0.522232,0,5.19693e-12
960000,A_w100_T10000_std_lr0.01_b128_s4,0.69,0.00020202,0.63,14.3837,5.27328,0.218588,0.518232,0.00020202,5.83026e-10
970000,A_w100_T10000_std_lr0.01_b128_s0,0.54,0.00121212,0.95,16.3774,5.04454,0.223173,0.520283,0,2.81347e-13
970000,A_w100_T10000_std_lr0.01_b128_s1,0.54,0.000606061,0.73,14.7526,4.88499,0.21669,0.520535,0,1.72032e-11
970000,A_w100_T10000_std_lr0.01_b128_s2,0.5,0.00222222,0.76,15.9137,5.15203,0.222836,0.529455,0.00020202,5.48685e-12
970000,A_w100_T10000_std_lr0.01_b128_s3,0.45,0.00161616,0.77,15.6391,5.77056,0.217122,0.521788,0,2.98159e-12
970000,A_w100_T10000_std_lr0.01_b128_s4,0.57,0.000808081,0.85,16.775,5.56757,0.219056,0.516758,0.00020202,7.19029e-13
980000,A_w100_T10000_std_lr0.01_b128_s0,0.69,0.00141414,0.86,14.4829,5.26539,0.223175,0.519505,0,3.3973e-12
980000,A_w100_T10000_std_lr0.01_b128_s1,0.55,0.000808081,0.84,15.6531,5.12491,0.217336,0.520879,0,1.17814e-11
980000,A_w100_T10000_std_lr0.01_b128_s2,0.51,0.00262626,0.81,16.264,5.26811,0.223038,0.530162,0.00020202,2.98623e-12
980000,A_w100_T10000_std_lr0.01_b128_s3,0.38,0.00121212,0.85,16.6655,6.36292,0.216652,0.521596,0,8.55588e-13
980000,A_w100_T10000_std_lr0.01_b128_s4,0.59,0.00141414,0.85,15.703,5.38293,0.219236,0.517818,0.00020202,1.89776e-12
990000,A_w100_T10000_std_lr0.01_b128_s0,0.68,0.0010101,0.86,14.2253,5.18511,0.223239,0.519788,0,1.06085e-11
990000,A_w100_T10000_std_lr0.01_b128_s1,0.55,0.00040404,0.92,15.5353,4.96399,0.217668,0.520859,0,1.98971e-12
990000,A_w100_T10000_std_lr0.01_b128_s2,0.41,0.00222222,0.89,17.6108,6.02933,0.222711,0.529455,0.00040404,1.1139e-12
990000,A_w100_T10000_std_lr0.01_b128_s3,0.45,0.00161616,0.76,16.4635,5.96537,0.216623,0.520929,0,5.52989e-12
990000,A_w100_T10000_std_lr0.01_b128_s4,0.59,0.000606061,0.82,15.7935,5.33132,0.219209,0.517758,0.00020202,2.85063e-12
1000000,A_w100_T10000_std_lr0.01_b128_s0,0.74,0.00040404,0.68,11.9499,4.1291,0.223816,0.520586,0,1.90593e-05
1000000,A_w100_T10000_std_lr0.01_b128_s1,0.6,0.0010101,0.9,14.5347,5.13436,0.217692,0.520424,0,1.10747e-11
1000000,A_w100_T10000_std_lr0.01_b128_s2,0.46,0.00181818,0.83,16.4523,5.12814,0.2229,0.528879,0.00040404,1.44671e-12
1000000,A_w100_T10000_std_lr0.01_b128_s3,0.55,0.00141414,0.72,16.2644,5.37269,0.217455,0.521141,0,1.65939e-11
1000000,A_w100_T10000_std_lr0.01_b128_s4,0.71,0.0010101,0.77,14.1806,5.12231,0.219639,0.518545,0.00040404,1.30998e-11
